<?xml version='1.0'?>


<!DOCTYPE row_data [
   <!ELEMENT line (description, point+)>
   <!ELEMENT description (#PCDATA)>
   <!ELEMENT point (x, y)>
   <!ELEMENT x (#PCDATA)>
   <!ELEMENT y (#PCDATA)>
   <!ELEMENT pew (hub_start, hub_finish, pew_station, tip_start, tip_finish)> 
   <!ELEMENT hub_start (#PCDATA)>
   <!ELEMENT hub_finish (#PCDATA)>
   <!ELEMENT tip_start (#PCDATA)>
   <!ELEMENT tip_finish (#PCDATA)>
   <!ELEMENT pew_station (id_no, pew_x, wall, a0, a1, a2, a3, a4, p1, p2, p3, p4)>  
   <!ELEMENT id_no (#PCDATA)>
   <!ELEMENT pew_x (#PCDATA)>
   <!ELEMENT wall (#PCDATA)>
   <!ELEMENT a0 (#PCDATA)>
   <!ELEMENT a1 (#PCDATA)>
   <!ELEMENT a2 (#PCDATA)>
   <!ELEMENT a3 (#PCDATA)>
   <!ELEMENT a4 (#PCDATA)>
   <!ELEMENT p1 (#PCDATA)>
   <!ELEMENT p2 (#PCDATA)>
   <!ELEMENT p3 (#PCDATA)>
   <!ELEMENT p4 (#PCDATA)>
   <!ELEMENT nob (#PCDATA)>
   <!ELEMENT rraf (#PCDATA)>
]>

<row_data>

<line>
<description> hub </description>
<point>
	<x> -100.0 </x>
	<y> 400 </y>
</point>
<point>
	<x> 100 </x>
	<y> 400 </y>
</point>
<point>
	<x> 200 </x>
	<y> 400 </y>
</point>
<point>
	<x> 350.3 </x>
	<y> 400 </y>
</point>
</line>

<line>
<description> casing </description>
<point>
	<x>-100.0 </x>
	<y> 450 </y>
</point>
<point>
	<x> 130 </x>
	<y> 470 </y>
</point>
<point>
	<x> 260 </x>
	<y> 500 </y>
</point>
<point>
	<x> 410.3 </x>
	<y> 500 </y>
</point>
</line>

<line>
<description> inlet_plane </description>
<point>
	<x> -35 </x>
	<y> 390 </y>
</point>
<point>
	<x> -30.0 </x>
	<y> 500 </y>
</point>
</line>

<line>
<description> outlet_plane </description>
<point>
	<x> 20 </x>
	<y> 390 </y>
</point>
<point>
	<x> 30 </x>
	<y> 445 </y>
</point>
<point>
	<x> 20.0 </x>
	<y> 500 </y>
</point>
</line>

<pew>
<hub_start> -5 </hub_start>
<hub_finish> 15 </hub_finish>
<pew_station>
<id_no> 1 </id_no>
<pew_x> -3 </pew_x>
<wall> hub </wall>
<a0> 2 </a0>
<a1> 2 </a1>
<a2> 2 </a2>
<a3> 2 </a3>
<a4> 2 </a4>
<p1> 45 </p1>
<p2> 45 </p2>
<p3> 45 </p3>
<p4> 45 </p4>
</pew_station>
<tip_start> -5 </tip_start>
<tip_finish> 15 </tip_finish>
<pew_station>
<id_no> 7 </id_no>
<pew_x> -2 </pew_x>
<wall> tip </wall>
<a0> 2 </a0>
<a1> 2 </a1>
<a2> 2 </a2>
<a3> 2 </a3>
<a4> 2 </a4>
<p1> 45 </p1>
<p2> 45 </p2>
<p3> 45 </p3>
<p4> 45 </p4>
</pew_station>
</pew>
<nob> 36 </nob>
<rraf>  C:\temp\t1000_hpv.raff </rraf>
</row_data>
