<?xml version="1.0" encoding="utf-8"?>
<!--
=============================================================================================================
                        Copyright (c) 2020 Siemens 
                     Unpublished - All rights reserved

        Do not modify the contents of this file without consulting Siemens PLM.
=============================================================================================================


-->
<Application Name="Node Explorer">
  <Group Name = "Input" Expand = "1">
    <Node Domain="Selection" Identifier="SelectCurve"/>
    <Node Domain="Selection" Identifier="SelectEdge"/>
    <Node Domain="Selection" Identifier="SelectFace"/>
    <Node Domain="Selection" Identifier="SelectBody"/>
    <Node Domain="Selection" Identifier="SelectPoint"/>
    <Node Domain="Selection" Identifier="SelectPlane"/>
    <Node Domain="Selection" Identifier="SelectCsys"/>
    <Node Domain="Selection" Identifier="Expression"/>
    <Node Domain="Selection" Identifier="Section"/>
    <Node Domain="Selection" Identifier="SelectColor"/>
    <Node Domain="Input" Identifier="SimpleInteger"/>
    <Node Domain="Input" Identifier="IntegerSlider"/>
    <Node Domain="Input" Identifier="SimpleNumber"/>
    <Node Domain="Input" Identifier="NumberSlider"/>
    <Node Domain="Input" Identifier="NumberList"/>
    <Node Domain="Input" Identifier="Boolean"/>
    <Node Domain="Input" Identifier="String"/>
    <Node Domain="Input" Identifier="DataList"/>
    <Node Domain="Math" Identifier="UVParameterConstruct"/>
    <Node Domain="Input" Identifier="Enumeration"/>
    <Node Domain="Selection" Identifier="DefineEquation"/>
    <Node Domain="Selection" Identifier="SelectAttribute"/>
    <Node Domain="Selection" Identifier="SelectPartAttribute"/>
    <Node Domain="Selection" Identifier="SelectFont"/>
  </Group>
  <Group Name="Attributes" Expand="0">
    <Node Domain="CAD" Identifier="ReadObjectAttribute"/>
    <Node Domain="CAD" Identifier="ReadPartAttribute"/>
  </Group>
  <Group Name = "Geometry"  Expand = "1">
    <Group Name="Body" Expand = "0">
      <Node Domain="Geometry" Identifier="Extrude"/>
      <Node Domain="Geometry" Identifier="Revolve"/>
      <Node Domain="Geometry" Identifier="Cylinder"/>
      <Node Domain="Geometry" Identifier="Sphere"/>
      <Node Domain="Geometry" Identifier="Cone"/>
      <Node Domain="Geometry" Identifier="Rib"/>           
      <Node Domain="Geometry" Identifier="Tube"/>
      <Node Domain="Geometry" Identifier="Translate"/>
      <Node Domain="Geometry" Identifier="Rotate"/>
      <Node Domain="Geometry" Identifier="Scale"/>
      <Node Domain="Geometry" Identifier="NonUniformScale"/>
      <Node Domain="Geometry" Identifier="ThroughCurves"/>
      <Node Domain="Geometry" Identifier="TransposeFaceParameters"/>
      <Node Domain="Geometry" Identifier="Boolean"/>
      <Node Domain="Geometry" Identifier="ThreePointSurface"/>
      <Node Domain="Geometry" Identifier="FourPointSurface"/>
      <Node Domain="Geometry" Identifier="FillSurface"/>
      <Node Domain="Geometry" Identifier="OffsetSurface"/>
      <Node Domain="Geometry" Identifier="SewFaces"/>
      <Node Domain="Geometry" Identifier="SewAll"/>
      <Node Domain="Geometry" Identifier="UniteAll"/>
      <Node Domain="Geometry" Identifier="Thicken"/>
      <Node Domain="Geometry" Identifier="TransformByReference"/>
      <Node Domain="Geometry" Identifier="TrimBody"/>
      <Node Domain="Geometry" Identifier="Untrim"/>
      <Node Domain="Geometry" Identifier="SplitBody"/>
      <Node Domain="Geometry" Identifier="BoundingBox"/>      
      <Node Domain="Geometry" Identifier="SweepAlongGuide"/>
      <Node Domain="Geometry" Identifier="ExtendSheet"/>
      <Node Domain="Geometry" Identifier="EdgeBlend"/>
      <Node Domain="Geometry" Identifier="FaceBlend"/>
      <Node Domain="Geometry" Identifier="ThreeFaceBlend"/>
      <Node Domain="Geometry" Identifier="Block"/>
      <Node Domain="Geometry" Identifier="Enlarge"/>
      <Node Domain="Geometry" Identifier="ReverseNormal"/>
      <Node Domain="Geometry" Identifier="TubeLattice"/>
      <Node Domain="Geometry" Identifier="SimpleHoleV1"/>
      <Node Domain="Geometry" Identifier="CounterboredHoleV1"/>
      <Node Domain="Geometry" Identifier="CountersunkHoleV1"/>
      <Node Domain="Geometry" Identifier="UVMapByPointAndDirection"/>
      <Node Domain="Geometry" Identifier="UVMapByFourCorners"/>
      <Node Domain="Geometry" Identifier="Mirror"/>
      <Node Domain="Geometry" Identifier="CollectEdges"/>
      <Node Domain="Geometry" Identifier="CollectFaces"/>
      <Node Domain="Geometry" Identifier="TextAsCurve"/>
      <Node Domain="Geometry" Identifier="OffsetRegion"/>
    </Group>
    <Group Name="Convergent" Expand = "0">
        <Node Domain="Geometry" Identifier="ConvergentBodyFromBody"/>
        <Node Domain="Geometry" Identifier="IsConvergent"/>
        <Node Domain="Geometry" Identifier="CreateConvergentBody"/>
        <Node Domain="Geometry" Identifier="ConvergentBodyInformation"/>
        <Node Domain="Geometry" Identifier="SubdivideConvergentBody"/>
        <Node Domain="Geometry" Identifier="SmoothConvergentBody"/>
        <Node Domain="Geometry" Identifier="MergeConvergentFaces"/>
    </Group>
    <Group Name="Curve" Expand = "0">
        <Node Domain="Geometry" Identifier="Line"/>
        <Node Domain="Geometry" Identifier="Arc"/>
        <Node Domain="Geometry" Identifier="Arc3Pt"/>
        <Node Domain="Geometry" Identifier="Circle"/>
        <Node Domain="Geometry" Identifier="Rectangle"/>
        <Node Domain="Geometry" Identifier="RectangleFromCenter"/>
        <Node Domain="Geometry" Identifier="Rectangle2Pt"/>
        <Node Domain="Geometry" Identifier="Rectangle3Pt"/>
        <Node Domain="Geometry" Identifier="Spline"/>
        <Node Domain="Geometry" Identifier="Ellipse"/>
        <Node Domain="Geometry" Identifier="LineByDirection"/>
        <Node Domain="Geometry" Identifier="DivideCurve"/>
        <Node Domain="Geometry" Identifier="DivideCurveAtPoint"/>
        <Node Domain="Geometry" Identifier="JoinCurves"/>
        <Node Domain="Geometry" Identifier="OffsetCurve"/>
        <Node Domain="Geometry" Identifier="ProjectCurveOnFace"/>
        <Node Domain="Geometry" Identifier="IsoCurve"/>       
        <Node Domain="Geometry" Identifier="ReverseCurve"/>
        <Node Domain="Geometry" Identifier="BisectorLine"/>
        <Node Domain="Geometry" Identifier="CurveClosed"/>
        <Node Domain="Geometry" Identifier="CurveLength"/>
        <Node Domain="Geometry" Identifier="ExtractCurveV1"/>
        <Node Domain="Geometry" Identifier="Polygon"/>
        <Node Domain="Geometry" Identifier="CurveOnFace"/>      
        <Node Domain="Geometry" Identifier="Polyline"/>
        <Node Domain="Geometry" Identifier="IntersectionCurve"/>
        <Node Domain="Geometry" Identifier="ModifyCurveLength"/>
        <Node Domain="Geometry" Identifier="RemoveDuplicateCurves"/>
        <Node Domain="Geometry" Identifier="MapCurveToFace"/>
        <Node Domain="Geometry" Identifier="BridgeCurve"/>
    </Group>
      <Group Name="Datum" Expand = "0">
        <Group Name="Point" Expand = "0">
          <Node Domain="Math" Identifier="PointConstructV1"/>
          <Node Domain="Geometry" Identifier="PointsOnCurve"/>
          <Node Domain="Geometry" Identifier="CurveEndPoints"/>
          <Node Domain="Geometry" Identifier="PointOnFace"/>
          <Node Domain="Geometry" Identifier="PointGridOnFaceV1"/>
          <Node Domain="Geometry" Identifier="EvaluateCurveV1"/>
          <Node Domain="Geometry" Identifier="CurveClosestPoint"/>
          <Node Domain="Geometry" Identifier="FaceClosestPoint"/>
          <Node Domain="Geometry" Identifier="IntersectionPoint"/>
          <Node Domain="Geometry" Identifier="RandomPoint"/>
          <Node Domain="Geometry" Identifier="Contain"/>
          <Node Domain="Geometry" Identifier="CenterPoint"/>
          <Node Domain="Geometry" Identifier="ExtractPoint"/>          
        </Group>
        <Group Name="Vector" Expand = "0">
          <Node Domain="Geometry" Identifier="FaceNormal"/>
          <Node Domain="Math" Identifier="XVector"/>
          <Node Domain="Math" Identifier="YVector"/>
          <Node Domain="Math" Identifier="ZVector"/>
          <Node Domain="Math" Identifier="Vector2Pt"/>
          <Node Domain="Math" Identifier="VectorConstruct"/>
          <Node Domain="Math" Identifier="DivideVector"/>
          <Node Domain="Math" Identifier="VectorLength"/>
          <Node Domain="Math" Identifier="MultiplyVector"/>
          <Node Domain="Math" Identifier="ReverseVector"/>
          <Node Domain="Math" Identifier="RotateVector"/>
          <Node Domain="Math" Identifier="UnitizeVector"/>
          <Node Domain="Geometry" Identifier="CreateAxis"/>
        </Group>
        <Group Name="Plane" Expand = "0">
          <Node Domain="Math" Identifier="ConstructPlane"/>
          <Node Domain="Math" Identifier="Plane3Pt"/>
          <Node Domain="Math" Identifier="XYPlane"/>
          <Node Domain="Math" Identifier="XZPlane"/>
          <Node Domain="Math" Identifier="YZPlane"/>
          <Node Domain="Math" Identifier="MeasureNormal"/>
          <Node Domain="Math" Identifier="PlaneByNormal"/>
          <Node Domain="Math" Identifier="OffsetPlane"/>
        </Group>
        <Group Name="CSYS" Expand = "0">
          <Node Domain="Math" Identifier="CSYSFrom3Points"/>
          <Node Domain="Math" Identifier="CSYSFromPlaneAndXVector"/>
          <Node Domain="Math" Identifier="CSYSFromOriginXVectorYVector"/>
          <Node Domain="Math" Identifier="CSYSFromOriginXVectorZVector"/>
        </Group>
      </Group>
      <Group Name="Analysis" Expand = "0">
        <Node Domain="Geometry" Identifier="SectionInertia"/>
        <Node Domain="Geometry" Identifier="MeasureV1"/>
        <Node Domain="Geometry" Identifier="FaceCurvature"/>
        <Node Domain="Geometry" Identifier="BodyProperties"/>
        <Node Domain="Geometry" Identifier="GetObjectType"/>
        <Node Domain="Geometry" Identifier="GetPlanarFaceDataV1"/>
        <Node Domain="Geometry" Identifier="GetCylindricalFaceData"/>          
        <Node Domain="Geometry" Identifier="GetLineInformation"/>
        <Node Domain="Geometry" Identifier="GetArcInformation"/>
        <Node Domain="CAD" Identifier="GetObjectColor"/>
        <Node Domain="CAD" Identifier="ModifyObjectColor"/>
        <Node Domain="CAD" Identifier="SimilarColor"/>
        <Node Domain="CAD" Identifier="ConstructColor"/>
      </Group>  
      <Group Name="Cell" Expand = "0">          
          <Node Domain="Geometry" Identifier="TriangularCellV1"/>        
          <Node Domain="Geometry" Identifier="RectangularCellV1"/>
          <Node Domain="Geometry" Identifier="DiamondCellV1"/>
          <Node Domain="Geometry" Identifier="HexagonalCellV1"/>
          <Node Domain="Geometry" Identifier="TriangularGrid"/>
          <Node Domain="Geometry" Identifier="RectangularGrid"/>
          <Node Domain="Geometry" Identifier="DiamondGrid"/>
          <Node Domain="Geometry" Identifier="HexagonalGrid"/>
          <Node Domain="Geometry" Identifier="VoronoiCell3D"/>
          <Node Domain="Geometry" Identifier="VoronoiGrid3D"/>
          <Node Domain="Geometry" Identifier="VoronoiCell2D"/>
          <Node Domain="Geometry" Identifier="VoronoiGrid2D"/>
      </Group>
  </Group>
  <Group Name = "NXOpen"  Expand = "0">
    <Node Domain="RuleNXOpen" Identifier="ExecuteNXOpen"/>
    <Node Domain="RuleNXOpen" Identifier="CollectInput"/>
    <Node Domain="RuleNXOpen" Identifier="ExtractOutput"/>
    <Node Domain="RuleNXOpen" Identifier="ExtractBody"/>
    <Node Domain="RuleNXOpen" Identifier="ExtractCurve"/>
    <Node Domain="RuleNXOpen" Identifier="ExtractPoint"/>
  </Group>
  <Group Name = "Output"  Expand = "1">
    <Node Domain="Input" Identifier="Output"/>
  </Group>
  <Group Name = "Utilities" Expand = "1">
    <Node Domain="List Management" Identifier="NullItem"/>
    <Node Domain="Logic" Identifier="Deconstruct"/>
    <Node Domain="Logic" Identifier="GroupBy"/>
    <Node Domain="Input" Identifier="ListViewer"/>
    <Node Domain="Geometry" Identifier="FindParents"/>
    <Node Domain="Geometry" Identifier="SimpleLabel"/>
    <IncludeMasterGroup Name = "Table" Expand = "0"></IncludeMasterGroup>
  </Group>
  <IncludeMasterGroup Name = "Logic" Expand = "0"></IncludeMasterGroup>
  <IncludeMasterGroup Name = "List Management" Expand = "0"></IncludeMasterGroup>
  <Group Name = "Math" Expand = "0">
    <IncludeMasterGroup Name="Basic" Expand="0"></IncludeMasterGroup>
    <IncludeMasterGroup Name="Linear Algebra" Expand="0"></IncludeMasterGroup>
    <Group Name="Measurement" Expand="0">
        <Node Domain="Math" Identifier="AngleBetweenVectors"/>
        <Node Domain="Math" Identifier="DistanceBetweenPoints"/>
        <Node Domain="Math" Identifier="MeasureCoaxial"/>
        <Node Domain="Math" Identifier="MeasureCoplanar"/>
        <Node Domain="Math" Identifier="GetSimilarPlanes"/>
    </Group>
    <IncludeMasterGroup Name="Trigonometry" Expand="0"></IncludeMasterGroup>
  </Group>
</Application>
