<?xml version="1.0" encoding="UTF-8" standalone="yes"?>
<NXCommands>
    <Command bitmap="cavity_mill" id="UG_CAM_INSERT_OPERATION" subId="CAVITY_MILL" title="CAVITY_MILL" desc="Basic cavity milling, used to remove a volume of material defined by a blank or IPW and the part, with many cut patterns of planar cuts. Commonly used for roughing." std="1" source="ug_cam.men"/>
    <Command bitmap="plunge_milling" id="UG_CAM_INSERT_OPERATION" subId="PLUNGE_MILLING" title="PLUNGE_MILLING" desc="Used to remove material in deep areas requiring a long tool. Successive plunge motions take advantage of the increased rigidity when a tool moves along the z-axis. Commonly used for removing material in hard to reach deep areas." std="1" source="ug_cam.men"/>
    <Command bitmap="corner_rough" id="UG_CAM_INSERT_OPERATION" subId="CORNER_ROUGH" title="CORNER_ROUGH" desc="Cuts remaining material in corners that a previous tool could not reach due to its diameter and corner radius." std="1" source="ug_cam.men"/>
    <Command bitmap="rest_milling" id="UG_CAM_INSERT_OPERATION" subId="REST_MILLING" title="REST_MILLING" desc="Cavity mill operation type, using level-based IPW, cuts only material left by a prevous operation." std="1" source="ug_cam.men"/>
    <Command bitmap="zlevel_profile" id="UG_CAM_INSERT_OPERATION" subId="ZLEVEL_PROFILE" title="ZLEVEL_PROFILE" desc="Basic Zlevel milling, used to contour the part or cut area with planar cuts." std="1" source="ug_cam.men"/>
    <Command bitmap="zlevel_corner" id="UG_CAM_INSERT_OPERATION" subId="ZLEVEL_CORNER" title="ZLEVEL_CORNER" desc="Finishes the corner areas that a previous tool could not reach due to its diameter and corner radius." std="1" source="ug_cam.men"/>
    <Command bitmap="fixed_contour" id="UG_CAM_INSERT_OPERATION" subId="FIXED_CONTOUR" title="FIXED_CONTOUR" desc="Basic fixed axis surface contouring, used to contour the part or cut area with various drive methods, containment, and cut patterns. The tool axis is +ZM." std="1" source="ug_cam.men"/>
    <Command bitmap="contour_area" id="UG_CAM_INSERT_OPERATION" subId="CONTOUR_AREA" title="CONTOUR_AREA" desc="Used to cut selected faces or a cut area with various cut patterns. Commonly used for semi-finishing and finishing." std="1" source="ug_cam.men"/>
    <Command bitmap="contour_area_non_steep" id="UG_CAM_INSERT_OPERATION" subId="CONTOUR_AREA_NON_STEEP" title="CONTOUR_AREA_NON_STEEP" desc="Same as CONTOUR_AREA, but only cuts the non-steep areas. Often used with ZLEVEL_PROFILE_STEEP to control scallops when finishing a cut area." std="1" source="ug_cam.men"/>
    <Command bitmap="contour_area_dir_steep" id="UG_CAM_INSERT_OPERATION" subId="CONTOUR_AREA_DIR_STEEP" title="CONTOUR_AREA_DIR_STEEP" desc="Used to cut only the non-steep areas,in fixed axis surface contouring, based on cut direction. Used with CONTOUR_ZIGZAG or CONTOUR_AREA to reduce scallops by criss-crossing a previous zig zag cut." std="1" source="ug_cam.men"/>
    <Command bitmap="contour_surface_area" id="UG_CAM_INSERT_OPERATION" subId="CONTOUR_SURFACE_AREA" title="CONTOUR_SURFACE_AREA" desc="Surface area drive, which follows the U-V directions of a single drive surface, or a rectangular grid of surfaces." std="1" source="ug_cam.men"/>
    <Command bitmap="streamline" id="UG_CAM_INSERT_OPERATION" subId="STREAMLINE" title="STREAMLINE" desc="Streamline drive, used to cut selected faces or a cut area by following and morphing between user defined flow and cross curves." std="1" source="ug_cam.men"/>
    <Command bitmap="flowcut_single" id="UG_CAM_INSERT_OPERATION" subId="FLOWCUT_SINGLE" title="FLOWCUT_SINGLE" desc="Flowcut drive method, single pass, used to finish or relieve corners and valleys." std="1" source="ug_cam.men"/>
    <Command bitmap="flowcut_multiple" id="UG_CAM_INSERT_OPERATION" subId="FLOWCUT_MULTIPLE" title="FLOWCUT_MULTIPLE" desc="Flowcut drive method, multiple passes, used to finish or relieve corners and valleys." std="1" source="ug_cam.men"/>
    <Command bitmap="flowcut_ref_tool" id="UG_CAM_INSERT_OPERATION" subId="FLOWCUT_REF_TOOL" title="FLOWCUT_REF_TOOL" desc="Flowcut drive method, multiple passes based on a previous reference tool diameter, used for rest milling of corners and valleys." std="1" source="ug_cam.men"/>
    <Command bitmap="flowcut_smooth" id="UG_CAM_INSERT_OPERATION" subId="FLOWCUT_SMOOTH" title="FLOWCUT_SMOOTH" desc="Same as FLOWCUT_REF_TOOL, but with smooth engages, retracts, and traversals. Generally used for high speed machining." std="1" source="ug_cam.men"/>
    <Command bitmap="solid_profile_3d" id="UG_CAM_INSERT_OPERATION" subId="SOLID_PROFILE_3D" title="SOLID_PROFILE_3D" desc="Special 3D profile cut type, similar to PROFILE_3D, except wall faces are selected instead of a boundary." std="1" source="ug_cam.men"/>
    <Command bitmap="profile_3d" id="UG_CAM_INSERT_OPERATION" subId="PROFILE_3D" title="PROFILE_3D" desc="Special 3D profile cut type, the depth is determined by the edges or curves in the boundary. This is often used for trim dies." std="1" source="ug_cam.men"/>
    <Command bitmap="contour_text" id="UG_CAM_INSERT_OPERATION" subId="CONTOUR_TEXT" title="CONTOUR_TEXT" desc="Cuts the text in a drafting note, used for 3D engraving." std="1" source="ug_cam.men"/>
    <Command bitmap="mill_user" id="UG_CAM_INSERT_OPERATION" subId="MILL_USER" title="MILL_USER" desc="Operation type generated by a custom NX Open program." std="1" source="ug_cam.men"/>
    <Command bitmap="mill_control" id="UG_CAM_INSERT_OPERATION" subId="MILL_CONTROL" title="MILL_CONTROL" desc="Operation type that contains only machine control events." std="1" source="ug_cam.men"/>
    <Command bitmap="variable_contour" id="UG_CAM_INSERT_OPERATION" subId="VARIABLE_CONTOUR" title="VARIABLE_CONTOUR" desc="Basic variable axis surface contouring. Used to contour the part or cut area with various drive methods, containment, and cut patterns. Includes multiple options for tool axis control." std="1" source="ug_cam.men"/>
    <Command bitmap="variable_streamline" id="UG_CAM_INSERT_OPERATION" subId="VARIABLE_STREAMLINE" title="VARIABLE_STREAMLINE" desc="Variable axis surface contouring with Streamline drive method. Use this to cut by following and morphing between user defined flow and cross curves." std="1" source="ug_cam.men"/>
    <Command bitmap="vc_multi_depth" id="UG_CAM_INSERT_OPERATION" subId="VC_MULTI_DEPTH" title="VC_MULTI_DEPTH" desc="Variable axis surface contouring, with multiple passes offset from the part." std="1" source="ug_cam.men"/>
    <Command bitmap="vc_boundary_zz_lead_lag" id="UG_CAM_INSERT_OPERATION" subId="VC_BOUNDARY_ZZ_LEAD_LAG" title="VC_BOUNDARY_ZZ_LEAD_LAG" desc="Variable axis surface contouring, with boundary drive method, zig zag cut pattern, and tool axis defined with lead and lag angles." std="1" source="ug_cam.men"/>
    <Command bitmap="vc_surf_area_zz_lead_lag" id="UG_CAM_INSERT_OPERATION" subId="VC_SURF_AREA_ZZ_LEAD_LAG" title="VC_SURF_AREA_ZZ_LEAD_LAG" desc="Variable axis surface contouring, with surface area drive method, zig zag cut pattern, and tool axis defined with lead and lag angles." std="1" source="ug_cam.men"/>
    <Command bitmap="contour_profile" id="UG_CAM_INSERT_OPERATION" subId="CONTOUR_PROFILE" title="CONTOUR_PROFILE" desc="Variable axis surface contouring with the contour profile drive method. Use this to cut canted walls with the side of the cutter and selection of a floor." std="1" source="ug_cam.men"/>
    <Command bitmap="fixed_contour" id="UG_CAM_INSERT_OPERATION" subId="FIXED_CONTOUR" title="FIXED_CONTOUR" desc="Basic fixed axis surface contouring, used to contour the part or cut area with various drive methods, containment, and cut patterns. The tool axis can be set to a user defined vector." std="1" source="ug_cam.men"/>
    <Command bitmap="mill_sequential" id="UG_CAM_INSERT_OPERATION" subId="SEQUENTIAL_MILL" title="SEQUENTIAL_MILL" desc="Also called GSSM, this is similar to APT. The tool is driven with part, check, and drive surfaces. Use this when complete control of the tool motion, tool axis, and looping is required." std="1" source="ug_cam.men"/>
    <Command bitmap="face_milling_area" id="UG_CAM_INSERT_OPERATION" subId="FACE_MILLING_AREA" title="FACE_MILLING_AREA" desc="Face Milling Area has part geometry, cut area, wall geometry, check geometry, and automatic wall selection. Generally usefull in cutting specific areas of planar faces." std="1" source="ug_cam.men"/>
    <Command bitmap="face_mill" id="UG_CAM_INSERT_OPERATION" subId="FACE_MILLING" title="FACE_MILLING" desc="Basic face milling, for cutting planar faces on solid bodies." std="1" source="ug_cam.men"/>
    <Command bitmap="face_milling_manual" id="UG_CAM_INSERT_OPERATION" subId="FACE_MILLING_MANUAL" title="FACE_MILLING_MANUAL" desc="Operation type that uses different cut patterns on each face. One of the cut patterns is manual, which allows you to position the tool exactly where you need to, similar to teach mode." std="1" source="ug_cam.men"/>
    <Command bitmap="planar_mill" id="UG_CAM_INSERT_OPERATION" subId="PLANAR_MILL" title="PLANAR_MILL" desc="Basic planar milling, which follows 2D boundaries with various cut patterns with depth controlled by planar floors." std="1" source="ug_cam.men"/>
    <Command bitmap="planar_profile" id="UG_CAM_INSERT_OPERATION" subId="PLANAR_PROFILE" title="PLANAR_PROFILE" desc="Special 2D profile cut type, used for profiling without defining a blank. This is often used for trim dies." std="1" source="ug_cam.men"/>
    <Command bitmap="rough_follow" id="UG_CAM_INSERT_OPERATION" subId="ROUGH_FOLLOW" title="ROUGH_FOLLOW" desc="Planar milling with the follow part cut method." std="1" source="ug_cam.men"/>
    <Command bitmap="rough_zigzag" id="UG_CAM_INSERT_OPERATION" subId="ROUGH_ZIGZAG" title="ROUGH_ZIGZAG" desc="Planar milling with the zig zag cut method." std="1" source="ug_cam.men"/>
    <Command bitmap="rough_zig" id="UG_CAM_INSERT_OPERATION" subId="ROUGH_ZIG" title="ROUGH_ZIG" desc="Planar milling with the zig with contour cut method." std="1" source="ug_cam.men"/>
    <Command bitmap="cleanup_corners" id="UG_CAM_INSERT_OPERATION" subId="CLEANUP_CORNERS" title="CLEANUP_CORNERS" desc="Planar milling with the follow part cut type using 2D IPW from the previous operation. This is often used to clean out corners where material is left by the previous tool." std="1" source="ug_cam.men"/>
    <Command bitmap="finish_walls" id="UG_CAM_INSERT_OPERATION" subId="FINISH_WALLS" title="FINISH_WALLS" desc="Planar milling that leaves stock on the floors and finishes walls." std="1" source="ug_cam.men"/>
    <Command bitmap="finish_floor" id="UG_CAM_INSERT_OPERATION" subId="FINISH_FLOOR" title="FINISH_FLOOR" desc="Planar milling that leaves stock on the walls and finishes floors." std="1" source="ug_cam.men"/>
    <Command bitmap="thread_milling" id="UG_CAM_INSERT_OPERATION" subId="THREAD_MILLING" title="THREAD_MILLING" desc="Mills threaded holes with helical cuts." std="1" source="ug_cam.men"/>
    <Command bitmap="planar_text" id="UG_CAM_INSERT_OPERATION" subId="PLANAR_TEXT" title="PLANAR_TEXT" desc="Cuts text in a drafting note, used for 2D engraving." std="1" source="ug_cam.men"/>
    <Command bitmap="spot_facing" id="UG_CAM_INSERT_OPERATION" subId="SPOT_FACING" title="SPOT_FACING" desc="Drilling operation which performs a drill cycle that feeds to depth, dwells for a designated time at depth, retracts from the hole at a rapid feed." std="1" source="ug_cam.men"/>
    <Command bitmap="spot_drilling" id="UG_CAM_INSERT_OPERATION" subId="SPOT_DRILLING" title="SPOT_DRILLING" desc="Drilling operation which performs a drill cycle that feeds to depth, dwells for a designated time at depth, retracts from the hole at a rapid feed." std="1" source="ug_cam.men"/>
    <Command bitmap="drilling" id="UG_CAM_INSERT_OPERATION" subId="DRILLING" title="DRILLING" desc="Drilling operation which performs a drill cycle that feeds to depth and retracts from the hole at a rapid feed." std="1" source="ug_cam.men"/>
    <Command bitmap="peck_drilling" id="UG_CAM_INSERT_OPERATION" subId="PECK_DRILLING" title="PECK_DRILLING" desc="Drilling operation which performs a drill cycle that feeds to a incremental distance, retracts from the hole after each peck to clear chips and then feeds to the next incremental distance." std="1" source="ug_cam.men"/>
    <Command bitmap="breakchip_drilling" id="UG_CAM_INSERT_OPERATION" subId="BREAKCHIP_DRILLING" title="BREAKCHIP_DRILLING" desc="Drilling operation which performs a drill cycle that feeds to a incremental distance, retracts a designated distance after each peck to break the chip, rapids to previous incremental distance and then feeds to the next incremental distance specified." std="1" source="ug_cam.men"/>
    <Command bitmap="boring" id="UG_CAM_INSERT_OPERATION" subId="BORING" title="BORING" desc="Drilling operation which performs a boring cycle that feeds to depth and then retracts from the hole at the programmed feed." std="1" source="ug_cam.men"/>
    <Command bitmap="reaming" id="UG_CAM_INSERT_OPERATION" subId="REAMING" title="REAMING" desc="Drilling operation which performs a reaming cycle that feeds to depth and then retracts from the hole at a rapid feed." std="1" source="ug_cam.men"/>
    <Command bitmap="counterboring" id="UG_CAM_INSERT_OPERATION" subId="COUNTERBORING" title="COUNTERBORING" desc="Drilling operation which performs a counterboring cycle that feeds to depth, dwells for a designated time at depth, retracts from the hole at a rapid feed." std="1" source="ug_cam.men"/>
    <Command bitmap="countersinking" id="UG_CAM_INSERT_OPERATION" subId="COUNTERSINKING" title="COUNTERSINKING" desc="Drilling operation which performs a countersinking cycle that countersinks to a diameter." std="1" source="ug_cam.men"/>
    <Command bitmap="tapping" id="UG_CAM_INSERT_OPERATION" subId="TAPPING" title="TAPPING" desc="Drilling operation which performs a tapping cycle that feeds in, reverses the spindle, and feeds out." std="1" source="ug_cam.men"/>
    <Command bitmap="hole_making" id="UG_CAM_INSERT_OPERATION" subId="HOLE_MAKING" title="HOLE_MAKING" desc="Hole Making operation which must be created in a Hole Making geometry group." std="1" source="ug_cam.men"/>
    <Command bitmap="hole_milling" id="UG_CAM_INSERT_OPERATION" subId="HOLE_MILL" title="HOLE_MILL" desc="Hole Milling operation which must be created in a Hole Making geometry group." std="1" source="ug_cam.men"/>
    <Command bitmap="manual_hole_making" id="UG_CAM_INSERT_OPERATION" subId="MANUAL_HOLE_MAKING" title="MANUAL_HOLE_MAKING" desc="Hole Making operation for drilling operations that do not use feature based geometry. You must first create a Manual_Hole geometry group. Then create or select the tool or tools that are required and then create the Manual Hole Making operation." std="1" source="ug_cam.men"/>
    <Command bitmap="centerline_spotdrill" id="UG_CAM_INSERT_OPERATION" subId="CENTERLINE_SPOTDRILL" title="CENTERLINE_SPOTDRILL" desc="Turning operation which performs a drill cycle at the spindle centerline that feeds to depth, dwells for a designated time at depth, retracts from the hole at a rapid feed." std="1" source="ug_cam.men"/>
    <Command bitmap="centerline_drilling" id="UG_CAM_INSERT_OPERATION" subId="CENTERLINE_DRILLING" title="CENTERLINE_DRILLING" desc="Turning operation which performs a drill cycle at the spindle centerline that feeds to depth, dwells for a designated time at depth, retracts from the hole at a rapid feed." std="1" source="ug_cam.men"/>
    <Command bitmap="centerline_peckdrill" id="UG_CAM_INSERT_OPERATION" subId="CENTERLINE_PECKDRILL" title="CENTERLINE_PECKDRILL" desc="Turning operation which performs a drill cycle at the spindle centerline that fully retracts after each peck." std="1" source="ug_cam.men"/>
    <Command bitmap="centerline_breakchip" id="UG_CAM_INSERT_OPERATION" subId="CENTERLINE_BREAKCHIP" title="CENTERLINE_BREAKCHIP" desc="Turning operation which performs a drill cycle at the spindle centerline with short retracts or dwells after each peck." std="1" source="ug_cam.men"/>
    <Command bitmap="centerline_reaming" id="UG_CAM_INSERT_OPERATION" subId="CENTERLINE_REAMING" title="CENTERLINE_REAMING" desc="Turning operation which performs a boring cycle at the spindle centerline that feeds in and feeds out." std="1" source="ug_cam.men"/>
    <Command bitmap="centerline_tapping" id="UG_CAM_INSERT_OPERATION" subId="CENTERLINE_TAPPING" title="CENTERLINE_TAPPING" desc="Turning operation which performs a tap cycle that feeds in, reverses the spindle, and then feeds out." std="1" source="ug_cam.men"/>
    <Command bitmap="facing" id="UG_CAM_INSERT_OPERATION" subId="FACING" title="FACING" desc="Turning operation which performs roughing cuts towards the spindle centerline." std="1" source="ug_cam.men"/>
    <Command bitmap="turn_rough" id="UG_CAM_INSERT_OPERATION" subId="ROUGH_TURN_OD" title="ROUGH_TURN_OD" desc="Turning operation which performs roughing cuts on the outside of the part parallel to the spindle centerline." std="1" source="ug_cam.men"/>
    <Command bitmap="rough_back_turn" id="UG_CAM_INSERT_OPERATION" subId="ROUGH_BACK_TURN" title="ROUGH_BACK_TURN" desc="Turning operation which performs roughing cuts the same as ROUGH_TURN_OD except the moves are away from the spindle face." std="1" source="ug_cam.men"/>
    <Command bitmap="rough_bore_id" id="UG_CAM_INSERT_OPERATION" subId="ROUGH_BORE_ID" title="ROUGH_BORE_ID" desc="Turning operation which performs roughing cuts used for boring the inside of the part parallel to the spindle centerline." std="1" source="ug_cam.men"/>
    <Command bitmap="rough_back_bore" id="UG_CAM_INSERT_OPERATION" subId="ROUGH_BACK_BORE" title="ROUGH_BACK_BORE" desc="Turning operation which performs roughing cuts the same as ROUGH_BORE_ID except the moves are away from the spindle face." std="1" source="ug_cam.men"/>
    <Command bitmap="turn_finish" id="UG_CAM_INSERT_OPERATION" subId="FINISH_TURN_OD" title="FINISH_TURN_OD" desc="Turning operation which performs finishing cuts for the outside of the part using various cut strategies." std="1" source="ug_cam.men"/>
    <Command bitmap="finish_bore_id" id="UG_CAM_INSERT_OPERATION" subId="FINISH_BORE_ID" title="FINISH_BORE_ID" desc="Turning operation which performs finishing cuts for the inside of the part using various cut strategies." std="1" source="ug_cam.men"/>
    <Command bitmap="finish_back_bore" id="UG_CAM_INSERT_OPERATION" subId="FINISH_BACK_BORE" title="FINISH_BACK_BORE" desc="Turning operation which performs finishing cuts the same as FINISH_BORE_ID except the moves are away from the spindle face." std="1" source="ug_cam.men"/>
    <Command bitmap="turn_teachmode" id="UG_CAM_INSERT_OPERATION" subId="TEACH_MODE" title="TEACH_MODE" desc="Turning operation which generates finishing cuts that are controlled by the user and are generally used for close tolerance finishing." std="1" source="ug_cam.men"/>
    <Command bitmap="groove_od" id="UG_CAM_INSERT_OPERATION" subId="GROOVE_OD" title="GROOVE_OD" desc="Turning operation which generates grooves on the outside of the part using optionally selected cut patterns for turning and plunging." std="1" source="ug_cam.men"/>
    <Command bitmap="groove_id" id="UG_CAM_INSERT_OPERATION" subId="GROOVE_ID" title="GROOVE_ID" desc="Turning operation which generates grooves on the inside of the part using optionally selected cut patterns for turning and plunging." std="1" source="ug_cam.men"/>
    <Command bitmap="groove_face" id="UG_CAM_INSERT_OPERATION" subId="GROOVE_FACE" title="GROOVE_FACE" desc="Turning operation which generates grooves on the face of the part using optionally selected cut patterns for turning and plunging." std="1" source="ug_cam.men"/>
    <Command bitmap="thread_od" id="UG_CAM_INSERT_OPERATION" subId="THREAD_OD" title="THREAD_OD" desc="Turning operation which cuts threads on the outside of the part." std="1" source="ug_cam.men"/>
    <Command bitmap="thread_id" id="UG_CAM_INSERT_OPERATION" subId="THREAD_ID" title="THREAD_ID" desc="Turning operation which cuts threads on the inside of the part." std="1" source="ug_cam.men"/>
    <Command bitmap="partoff" id="UG_CAM_INSERT_OPERATION" subId="PARTOFF" title="PARTOFF" desc="Turning operation which generates a cut off operation on bar stock." std="1" source="ug_cam.men"/>
    <Command bitmap="bar_feed_stop" id="UG_CAM_INSERT_OPERATION" subId="BAR_FEED_STOP" title="BAR_FEED_STOP" desc="Turning operation which generates a bar feed operation on bar stock." std="1" source="ug_cam.men"/>
    <Command bitmap="lathe_control" id="UG_CAM_INSERT_OPERATION" subId="LATHE_CONTROL" title="LATHE_CONTROL" desc="Turning operation which contains only machine control events." std="1" source="ug_cam.men"/>
    <Command bitmap="lathe_user" id="UG_CAM_INSERT_OPERATION" subId="LATHE_USER" title="LATHE_USER" desc="Turning operation which generates a tool path that is user defined by a custom NX Open routine." std="1" source="ug_cam.men"/>
    <Command bitmap="nocore" id="UG_CAM_INSERT_OPERATION" subId="NOCORE" title="NOCORE" desc="Wire EDM operation which removes material inside a closed shape with a series of offset paths, leaving no slugs." std="1" source="ug_cam.men"/>
    <Command bitmap="internal_trim" id="UG_CAM_INSERT_OPERATION" subId="INTERNAL_TRIM" title="INTERNAL_TRIM" desc="Wire EDM operation which cuts the inside walls on closed shapes." std="1" source="ug_cam.men"/>
    <Command bitmap="external_trim" id="UG_CAM_INSERT_OPERATION" subId="EXTERNAL_TRIM" title="EXTERNAL_TRIM" desc="Wire EDM operation which cuts the outside walls of closed shapes." std="1" source="ug_cam.men"/>
    <Command bitmap="open_profile" id="UG_CAM_INSERT_OPERATION" subId="OPEN_PROFILE" title="OPEN_PROFILE" desc="Wire EDM operation which cuts the walls of an open shape." std="1" source="ug_cam.men"/>
    <Command bitmap="wedm_control" id="UG_CAM_INSERT_OPERATION" subId="WEDM_CONTROL" title="WEDM_CONTROL" desc="Wire EDM operation which contains only machine control events." std="1" source="ug_cam.men"/>
    <Command bitmap="wedm_user" id="UG_CAM_INSERT_OPERATION" subId="WEDM_USER" title="WEDM_USER" desc="Wire EDM operation which generates a tool path that is user defined by a custom NX Open routine." std="1" source="ug_cam.men"/>
    <Command bitmap="spot_facing" id="UG_CAM_INSERT_TOOL" subId="SPOTFACING_TOOL" title="SPOTFACING_TOOL" desc="Creates a spot facing drill used to create a round surface around the top of a hole." std="1" source="ug_cam.men"/>
    <Command bitmap="spotdrilling_tool" id="UG_CAM_INSERT_TOOL" subId="SPOTDRILLING_TOOL" title="SPOTDRILLING_TOOL" desc="Creates a spot drill used to form a chamfer prior to drilling. A spot drill drills only a short distance through the stock." std="1" source="ug_cam.men"/>
    <Command bitmap="spotdrilling_tool" id="UG_CAM_INSERT_TOOL" subId="DRILLING_TOOL" title="DRILLING_TOOL" desc="Creates a drilling tool used to form a hole in material." std="1" source="ug_cam.men"/>
    <Command bitmap="boring_bar" id="UG_CAM_INSERT_TOOL" subId="BORING_BAR" title="BORING_BAR" desc="Creates a boring tool used for enlarging or finishing hole diameters to accurate dimensions." std="1" source="ug_cam.men"/>
    <Command bitmap="reamer" id="UG_CAM_INSERT_TOOL" subId="REAMER" title="REAMER" desc="Creates a reamer used to enlarge and finish holes to accurate dimensions. A reamer usually has two or more flutes parallel to its axis." std="1" source="ug_cam.men"/>
    <Command bitmap="counterboring_tool" id="UG_CAM_INSERT_TOOL" subId="COUNTERBORING_TOOL" title="COUNTERBORING_TOOL" desc="Creates a counterboring tool used for enlarging holes to a limited depth." std="1" source="ug_cam.men"/>
    <Command bitmap="countersinking_tool" id="UG_CAM_INSERT_TOOL" subId="COUNTERSINKING_TOOL" title="COUNTERSINKING_TOOL" desc="Creates a countersinking tool which forms a cone shaped bevel at the opening of a hole." std="1" source="ug_cam.men"/>
    <Command bitmap="tap" id="UG_CAM_INSERT_TOOL" subId="TAP" title="TAP" desc="Creates a tapping tool that cuts a thread in a hole." std="1" source="ug_cam.men"/>
    <Command bitmap="thread_mill" id="UG_CAM_INSERT_TOOL" subId="THREAD_MILL" title="THREAD_MILL" desc="Creates a thread milling tool used to mill or generate a thread by moving the rotating tool in a helix motion, whose centerline is parallel to the centerline of the hole." std="1" source="ug_cam.men"/>
    <Command bitmap="turret" id="UG_CAM_INSERT_TOOL" subId="CARRIER" title="CARRIER" desc="Creates a tool carrier, typically a tool head or turret, containing device holders which are normally tool pockets." std="1" source="ug_cam.men"/>
    <Command bitmap="mct_pocket" id="UG_CAM_INSERT_TOOL" subId="MCT_POCKET" title="MCT_POCKET" desc="Creates a pocket mounted in a tool carrier used to contain a tool." std="1" source="ug_cam.men"/>
    <Command bitmap="head" id="UG_CAM_INSERT_TOOL" subId="HEAD" title="HEAD" desc="Creates a head object which can contain pocket or tool objects. Angled heads are defined by a head axis with vector that is used to output machine tool rotary and or linear coordinates." std="1" source="ug_cam.men"/>
    <Command bitmap="drill" id="UG_CAM_INSERT_TOOL" subId="STD_DRILL" title="STD_DRILL" desc="Creates a standard drilling tool in hole making used to form a hole in material." std="1" source="ug_cam.men"/>
    <Command bitmap="centerdrill" id="UG_CAM_INSERT_TOOL" subId="CENTERDRILL" title="CENTERDRILL" desc="Creates a centerdrill tool in hole making used for centerdrilling holes prior to drilling." std="1" source="ug_cam.men"/>
    <Command bitmap="counter_sink" id="UG_CAM_INSERT_TOOL" subId="COUNTER_SINK" title="COUNTER_SINK" desc="Creates a countersinking tool in hole making which forms a cone shaped bevel at the opening of a hole." std="1" source="ug_cam.men"/>
    <Command bitmap="spot_drill" id="UG_CAM_INSERT_TOOL" subId="SPOT_DRILL" title="SPOT_DRILL" desc="Creates a spot drill tool in hole making used to form a chamfer prior to drilling. A spot drill drills only a short distance through the stock." std="1" source="ug_cam.men"/>
    <Command bitmap="bore" id="UG_CAM_INSERT_TOOL" subId="BORE" title="BORE" desc="Creates a boring tool in hole making used for enlarging or finishing hole diameters to accurate dimensions." std="1" source="ug_cam.men"/>
    <Command bitmap="reamer" id="UG_CAM_INSERT_TOOL" subId="REAMER" title="REAMER" desc="Creates a reamer tool in hole making used to enlarge and finish holes to accurate dimensions. A reamer usually has two or more flutes parallel to its axis." std="1" source="ug_cam.men"/>
    <Command bitmap="step_drill" id="UG_CAM_INSERT_TOOL" subId="STEP_DRILL" title="STEP_DRILL" desc="Creates a step drill tool in hole making used to drill holes to close tolerances, sometimes eliminating the need for subsequent operations." std="1" source="ug_cam.men"/>
    <Command bitmap="counter_bore" id="UG_CAM_INSERT_TOOL" subId="COUNTER_BORE" title="COUNTER_BORE" desc="Creates a counterboring tool in hole making used for enlarging holes for a limited depth." std="1" source="ug_cam.men"/>
    <Command bitmap="tap" id="UG_CAM_INSERT_TOOL" subId="TAP" title="TAP" desc="Creates a tapping tool in hole making that cuts a thread in a hole." std="1" source="ug_cam.men"/>
    <Command bitmap="thread_mill" id="UG_CAM_INSERT_TOOL" subId="THREAD_MILL" title="THREAD_MILL" desc="Creates a thread milling tool in hole making used to mill or generate a thread by moving the rotating tool in a helix motion" std="1" source="ug_cam.men"/>
    <Command bitmap="spotfacing" id="UG_CAM_INSERT_TOOL" subId="SPOT_FACING" title="SPOT_FACING" desc="Creates a spot facing tool in hole making used to create a round surface around the top of a hole." std="1" source="ug_cam.men"/>
    <Command bitmap="mill" id="UG_CAM_INSERT_TOOL" subId="MILL" title="MILL" desc="Creates a standard or tapered milling tool." std="1" source="ug_cam.men"/>
    <Command bitmap="ball_mill" id="UG_CAM_INSERT_TOOL" subId="BALL_MILL" title="BALL_MILL" desc="Creates a standard ball mill based on diameter of the ball, taper angle and other parameters." std="1" source="ug_cam.men"/>
    <Command bitmap="mill_7_parameter" id="UG_CAM_INSERT_TOOL" subId="MILL_7_PARAMETER" title="MILL_7_PARAMETER" desc="Creates a milling tool based on diameter, lower radius, length, taper angle, tip angle, flute length, x and y coordinates of lower radius." std="1" source="ug_cam.men"/>
    <Command bitmap="mill_10_parameter" id="UG_CAM_INSERT_TOOL" subId="MILL_10_PARAMETER" title="MILL_10_PARAMETER" desc="Creates a milling tool based on diameter, lower radius, length, taper angle, tip angle, flute length, x and y coordinates of lower radius, and number of flutes." std="1" source="ug_cam.men"/>
    <Command bitmap="barrel" id="UG_CAM_INSERT_TOOL" subId="BARREL" title="BARREL" desc="Creates a barrel shaped milling tool used in planar milling and surface contouring operations." std="1" source="ug_cam.men"/>
    <Command bitmap="t_cutter" id="UG_CAM_INSERT_TOOL" subId="T_CUTTER" title="T_CUTTER" desc="Creates a &quot;t&quot; shaped milling tool used in planar milling and surface contouring operations." std="1" source="ug_cam.men"/>
    <Command bitmap="mill_user_defined" id="UG_CAM_INSERT_TOOL" subId="MILL_USER_DEFINED" title="MILL_USER_DEFINED" desc="Creates a custom shaped milling tool used in PLANAR_PROFILE operations to create specific profile shapes." std="1" source="ug_cam.men"/>
    <Command bitmap="generic" id="UG_CAM_INSERT_TOOL" subId="GENERIC" title="GENERIC" desc="Creates a generic solid model tool used in Generic Motion operations." std="1" source="ug_cam.men"/>
    <Command bitmap="probe" id="UG_CAM_INSERT_TOOL" subId="PROBE" title="PROBE" desc="Creates a solid model tool used in a Generic Motion operation that includes parameters to define sensors and stems." std="1" source="ug_cam.men"/>
    <Command bitmap="spotdrilling_tool" id="UG_CAM_INSERT_TOOL" subId="SPOTDRILLING_TOOL" title="SPOTDRILLING_TOOL" desc="Creates a turning tool used to form a chamfer prior to driling. A spot drill drills only a short distance through the stock" std="1" source="ug_cam.men"/>
    <Command bitmap="spotdrilling_tool" id="UG_CAM_INSERT_TOOL" subId="DRILLING_TOOL" title="DRILLING_TOOL" desc="Creates a turning tool used to form a hole in material." std="1" source="ug_cam.men"/>
    <Command bitmap="od_80_l" id="UG_CAM_INSERT_TOOL" subId="OD_80_L" title="OD_80_L" desc="Creates a left-hand turning tool used in OD operations with a 80 degree diamond shape." std="1" source="ug_cam.men"/>
    <Command bitmap="od_80_r" id="UG_CAM_INSERT_TOOL" subId="OD_80_R" title="OD_80_R" desc="Creates a right-hand turning tool used in OD operations with a 80 degree diamond shape." std="1" source="ug_cam.men"/>
    <Command bitmap="od_55_l" id="UG_CAM_INSERT_TOOL" subId="OD_55_L" title="OD_55_L" desc="Creates a left-hand turning tool used in OD operations with a 55 degree diamond shape." std="1" source="ug_cam.men"/>
    <Command bitmap="od_55_r" id="UG_CAM_INSERT_TOOL" subId="OD_55_R" title="OD_55_R" desc="Creates a right-hand turning tool used in OD operations with a 55 degree diamond shape." std="1" source="ug_cam.men"/>
    <Command bitmap="id_80_l" id="UG_CAM_INSERT_TOOL" subId="ID_80_L" title="ID_80_L" desc="Creates a left-hand turning tool used in ID operations with a 80 degree diamond shape." std="1" source="ug_cam.men"/>
    <Command bitmap="id_55_l" id="UG_CAM_INSERT_TOOL" subId="ID_55_L" title="ID_55_L" desc="Creates a left-hand turning tool used in ID operations with a  55 degree diamond shape." std="1" source="ug_cam.men"/>
    <Command bitmap="backbore_55_l" id="UG_CAM_INSERT_TOOL" subId="BACKBORE_55_L" title="BACKBORE_55_L" desc="Creates a turning tool used in back boring operations with a 55 degree diamond shape." std="1" source="ug_cam.men"/>
    <Command bitmap="od_groove_l" id="UG_CAM_INSERT_TOOL" subId="OD_GROOVE_L" title="OD_GROOVE_L" desc="Creates a turning tool used in creating OD grooves." std="1" source="ug_cam.men"/>
    <Command bitmap="face_groove_l" id="UG_CAM_INSERT_TOOL" subId="FACE_GROOVE_L" title="FACE_GROOVE_L" desc="Creates a turning tool used in creating grooves on a face." std="1" source="ug_cam.men"/>
    <Command bitmap="id_groove_l" id="UG_CAM_INSERT_TOOL" subId="ID_GROOVE_L" title="ID_GROOVE_L" desc="Creates a turning tool used in creating grooves on an ID." std="1" source="ug_cam.men"/>
    <Command bitmap="od_thread_l" id="UG_CAM_INSERT_TOOL" subId="OD_THREAD_L" title="OD_THREAD_L" desc="Creates a turning tool used in creating threads on an OD." std="1" source="ug_cam.men"/>
    <Command bitmap="id_thread_l" id="UG_CAM_INSERT_TOOL" subId="ID_THREAD_L" title="ID_THREAD_L" desc="Creates a turning tool used in creating threads on an ID." std="1" source="ug_cam.men"/>
    <Command bitmap="form_tool" id="UG_CAM_INSERT_TOOL" subId="FORM_TOOL" title="FORM_TOOL" desc="Creates a custom made turning tool used for specific area of a part shape. Used only in Teach Mode, part off and threading operation types." std="1" source="ug_cam.men"/>
    <Command bitmap="mcs" id="UG_CAM_INSERT_GEOMETRY" subId="MCS_MILL" title="MCS_MILL" desc="Creates an orientation group to store coordinate systems, planes and other orientation information pertaining to milling." std="1" source="ug_cam.men"/>
    <Command bitmap="mcs" id="UG_CAM_INSERT_GEOMETRY" subId="MCS" title="MCS" desc="Creates an orientation group which defines the machine coordinates used as a reference in programming milling and drilling operations." std="1" source="ug_cam.men"/>
    <Command bitmap="geom_type_holes" id="UG_CAM_INSERT_GEOMETRY" subId="DRILL_GEOM" title="DRILL_GEOM" desc="Creates a geometry group which defines geometry used in point to point operations." std="1" source="ug_cam.men"/>
    <Command bitmap="mill_geom" id="UG_CAM_INSERT_GEOMETRY" subId="WORKPIECE" title="WORKPIECE" desc="Creates a geometry group placeholder, usually placed under the MCS Parent Group and is assigned Part, Blank and or Check geometry." std="1" source="ug_cam.men"/>
    <Command bitmap="mill_geom" id="UG_CAM_INSERT_GEOMETRY" subId="MILL_GEOM" title="MILL_GEOM" desc="Creates a geometry group used to establish Part, Blank, Check or Part offset geometry in milling." std="1" source="ug_cam.men"/>
    <Command bitmap="mill_bnd" id="UG_CAM_INSERT_GEOMETRY" subId="MILL_BND" title="MILL_BND" desc="Creates a geometry group used to establish Part, Blank, Check, and Trim boundaries and floor plane geometry in milling." std="1" source="ug_cam.men"/>
    <Command bitmap="geom_type_cut_area" id="UG_CAM_INSERT_GEOMETRY" subId="MILL_AREA" title="MILL_AREA" desc="Creates a geometry group used to establish Part, Check, Cut Area, Walls and Trim geometry in milling." std="1" source="ug_cam.men"/>
    <Command bitmap="mill_text" id="UG_CAM_INSERT_GEOMETRY" subId="MILL_TEXT" title="MILL_TEXT" desc="Creates a geometry group used for planar and contour text engraving operations." std="1" source="ug_cam.men"/>
    <Command bitmap="mcs_spindle" id="UG_CAM_INSERT_GEOMETRY" subId="MCS_SPINDLE" title="MCS_SPINDLE" desc="Creates an orientation group which defines the machine coordinates used as a reference in programming turning operations." std="1" source="ug_cam.men"/>
    <Command bitmap="geom_turn_bnd" id="UG_CAM_INSERT_GEOMETRY" subId="TURNING_WORKPIECE" title="TURNING_WORKPIECE" desc="Creates a geometry group used to establish Part and Blank boundaries in turning." std="1" source="ug_cam.men"/>
    <Command bitmap="geom_turn_bnd" id="UG_CAM_INSERT_GEOMETRY" subId="TURNING_PART" title="TURNING_PART" desc="Creates a geometry group used to establish Part boundaries in turning." std="1" source="ug_cam.men"/>
    <Command bitmap="containment" id="UG_CAM_INSERT_GEOMETRY" subId="CONTAINMENT" title="CONTAINMENT" desc="Creates a geometry group used to establish cut area limits in turning." std="1" source="ug_cam.men"/>
    <Command bitmap="turn_avoidance" id="UG_CAM_INSERT_GEOMETRY" subId="AVOIDANCE" title="AVOIDANCE" desc="Creates a geometry group used to establish areas of avoidance in turning." std="1" source="ug_cam.men"/>
    <Command bitmap="mcs_wedm" id="UG_CAM_INSERT_GEOMETRY" subId="MCS_WEDM" title="MCS_WEDM" desc="Creates an orientation group which defines the machine coordinates used as a reference in programming Wire EDM operations." std="1" source="ug_cam.men"/>
    <Command bitmap="sequence_internal_trim" id="UG_CAM_INSERT_GEOMETRY" subId="SEQUENCE_INTERNAL_TRIM" title="SEQUENCE_INTERNAL_TRIM" desc="Creates a Wire EDM geometry group with a sequence of three operations for internal rough, backburn and finish type operations." std="1" source="ug_cam.men"/>
    <Command bitmap="sequence_external_trim" id="UG_CAM_INSERT_GEOMETRY" subId="SEQUENCE_EXTERNAL_TRIM" title="SEQUENCE_EXTERNAL_TRIM" desc="Creates a Wire EDM geometry group with a sequence of three operations for external rough, cut off and finish type operations." std="1" source="ug_cam.men"/>
    <Command bitmap="wedm_geom" id="UG_CAM_INSERT_GEOMETRY" subId="WEDM_GEOM" title="WEDM_GEOM" desc="Creates a geometry group which defines geometry used in Wire EDM operations." std="1" source="ug_cam.men"/>
    <Command bitmap="mthd_drill" id="UG_CAM_INSERT_METHOD" subId="DRILL_METHOD" title="DRILL_METHOD" desc="Creates a parent group used to establish feeds, speeds, tool path display colors and options for drilling type operations." std="1" source="ug_cam.men"/>
    <Command bitmap="mthd_drill" id="UG_CAM_INSERT_METHOD" subId="HOLE_MILL_METHOD" title="HOLE_MILL_METHOD" desc="Creates a parent gorup used to establish feeds, speeds, tool path display colors and options and tools for hole mill operation types." std="1" source="ug_cam.men"/>
    <Command bitmap="mthd_mill" id="UG_CAM_INSERT_METHOD" subId="MILL_METHOD" title="MILL_METHOD" desc="Creates a parent group used to establish values for part stock and intol/outtol, establish feeds and speeds, tool path display colors and options for milling operation types." std="1" source="ug_cam.men"/>
    <Command bitmap="mthd_turn" id="UG_CAM_INSERT_METHOD" subId="LATHE_METHOD" title="LATHE_METHOD" desc="Creates a parent group used to establish auto engage/retract parameters, intol/outtol values, feeds, speeds, tool path display colors and options for turning type operations." std="1" source="ug_cam.men"/>
    <Command bitmap="mthd_wedm" id="UG_CAM_INSERT_METHOD" subId="WEDM_METHOD" title="WEDM_METHOD" desc="Creates a parent group used to establish intol/outtol values, feeds, speeds, tool path display colors and options for Wire EDM operation types." std="1" source="ug_cam.men"/>
    <Command bitmap="program" id="UG_CAM_INSERT_PROGRAM" subId="PROGRAM" title="PROGRAM" desc="Creates a parent group used as place holder for various operations." std="1" source="ug_cam.men"/>
    <Command bitmap="optimized_nc" id="UG_CAM_INSERT_PROGRAM" subId="OPTIMIZED_NC" title="OPTIMIZED_NC" desc="Creates a Program parent group used by Feature Based Machining to combine and optimize tool paths from multple operations." std="1" source="ug_cam.men"/>
    <Command bitmap="manufacturing_wizard" subId="MANUFACTURING_WIZARD" title="Manufacturing Wizard" desc="Consists of an XML file, graphics and help files, used to lead you through the process of creating a tool path. Wizards are created by using the Simulation Process Studio." std="1"/>
</NXCommands>
