        <Property name="Max Strain Tension (XT)"
                  neutralName="MaxStrainTension"
                  parentProperty="&Choice;StrengthLimitsFailureCriterion&Choice;AllFailureCriterion&Choice;MaximumTotalStrainFailureCriterion&Choice;MaterialType"
                  parentPropertyValToBeSensitive="&Choice;&BoolTrue;&Choice;&BoolTrue;&Choice;&BoolTrue;&Choice;&MaterialTypeISOTROPIC;,&MaterialTypeCOMPOUNDISOTROPIC;,&MaterialTypeMULTIMECHMICROSTRUCTURE;"
                  valueType="scalarField"
                  Dimensions="&MeasureStrain;">
            <DefaultValue value="&valueEmpty;"/>
            <LowerBound value="&minFloat;"
                        inclusive="true"/>
            <UpperBound value="&maxFloat;"
                        inclusive="true"/>
            <FieldDefn nDomains="2">
                <Domain type="&DomainConstant;"/>
                <Domain type="&DomainTemperature;"/>
            </FieldDefn>
        </Property>
        <Property name="Tension (XT2)"
                  neutralName="MaxStrainTension2"
                  valueType="scalarField"
                  Dimensions="&MeasureStrain;"
                  parentProperty="&Choice;StrengthLimitsFailureCriterion&Choice;AllFailureCriterion&Choice;MaximumTotalStrainFailureCriterion"
                  parentPropertyValToBeSensitive="&Choice;&BoolTrue;&Choice;&BoolTrue;&Choice;&BoolTrue;"
                  scaleFactor="false" >
            <DefaultValue value="&valueEmpty;"/>
            <LowerBound value="&minFloat;"
                        inclusive="true"/>
            <UpperBound value="&maxFloat;"
                        inclusive="true"/>
            <FieldDefn nDomains="2">
                <Domain type="&DomainConstant;"/>
                <Domain type="&DomainTemperature;"/>
            </FieldDefn>
        </Property>
        <Property name="Tension (XT3)"
                  neutralName="MaxStrainTension3"
                  valueType="scalarField"
                  Dimensions="&MeasureStrain;"
                  parentProperty="&Choice;StrengthLimitsFailureCriterion&Choice;AllFailureCriterion&Choice;MaximumTotalStrainFailureCriterion"
                  parentPropertyValToBeSensitive="&Choice;&BoolTrue;&Choice;&BoolTrue;&Choice;&BoolTrue;"
                  scaleFactor="false" >
            <DefaultValue value="&valueEmpty;"/>
            <LowerBound value="&minFloat;"
                        inclusive="true"/>
            <UpperBound value="&maxFloat;"
                        inclusive="true"/>
            <FieldDefn nDomains="2">
                <Domain type="&DomainConstant;"/>
                <Domain type="&DomainTemperature;"/>
            </FieldDefn>
        </Property>


