﻿<Property name="User-Defined Creep"
          neutralName="AnsysUserCreepTable"
          valueType="scalarField_table"
          plot="true"
          parentProperty="CreepFormulation"
          parentPropertyValToBeSensitive="12">
    <TableDefn nRows="dynamic"
               nCols="1"
               minNumRows="1"
               maxNumRows="20">
        <TableProperty name="Material Constant"
                       neutralName="UserCreepTableConstant"
                       valueType="scalarField"
                       scaleFactor="false">
            <FieldDefn nDomains="2">
                <Domain type="&DomainConstant;"/>
                <Domain type="&DomainTemperature;"/>
            </FieldDefn>
        </TableProperty>
    </TableDefn>
</Property>
