        <Property name="Chemically-Induced Shrinkage Coefficient"
                  neutralName="MatrixChemicallyInducedShrinkageTX"
                  valueType="scalarField"
                  Dimensions="&MeasureUnitLess;">
            <DefaultValue value="&valueEmpty;"/>
            <LowerBound value="&minFloat;"
                        inclusive="true"/>
            <UpperBound value="&maxFloat;"
                        inclusive="true"/>
            &fieldtempdoctg;
        </Property>

        <Property name="Chemically-Induced Shrinkage Coefficient (2)"
                  neutralName="MatrixChemicallyInducedShrinkageTX2"
                  valueType="scalarField"
                  Dimensions="&MeasureUnitLess;">
            <DefaultValue value="&valueEmpty;"/>
            <LowerBound value="&minFloat;"
                        inclusive="true"/>
            <UpperBound value="&maxFloat;"
                        inclusive="true"/>
            &fieldtempdoctg;
        </Property>

        <Property name="Chemically-Induced Shrinkage Coefficient (3)"
                  neutralName="MatrixChemicallyInducedShrinkageTX3"
                  valueType="scalarField"
                  Dimensions="&MeasureUnitLess;">
            <DefaultValue value="&valueEmpty;"/>
            <LowerBound value="&minFloat;"
                        inclusive="true"/>
            <UpperBound value="&maxFloat;"
                        inclusive="true"/>
            &fieldtempdoctg;
        </Property>


