        <Property name=""
                  neutralName="KelvinMaxwellC3Function"
                  valueType="enum"
                  valueChoices="&Choice;e * [sinh( f * SIGMA )] ^ g=1&Choice;e * exp( f * SIGMA )=2"
                  Dimensions="&MeasureUnitLess;"
                  parentProperty="CreepFormulation"
                  parentPropertyValToBeSensitive="2,11">
            <DefaultValue value="1"/>
            <LowerBound value="1"/>
            <UpperBound value="2"/>
        </Property>
        <Property name="e"
                  neutralName="KelvinMaxwellCreepParameter_e"
                  valueType="scalarField"
                  Dimensions="&MeasureUnitLess;"
                  parentProperty="CreepFormulation"
                  parentPropertyValToBeSensitive="2,11">
            <DefaultValue value="&valueEmpty;"/>
            <LowerBound value="&minFloat;"
                        inclusive="true"/>
            <UpperBound value="&maxFloat;"
                        inclusive="true"/>
            <FieldDefn nDomains="2">
                <Domain type="&DomainConstant;"/>
                <Domain type="&DomainTemperature;"/>
            </FieldDefn>
        </Property>

        <Property name="f"
                  neutralName="KelvinMaxwellCreepParameter_f"
                  valueType="scalarField"
                  Dimensions="&MeasureUnitLess;"
                  parentProperty="CreepFormulation"
                  parentPropertyValToBeSensitive="2,11">
            <DefaultValue value="&valueEmpty;"/>
            <LowerBound value="&minFloat;"
                        inclusive="true"/>
            <UpperBound value="&maxFloat;"
                        inclusive="true"/>
            <FieldDefn nDomains="2">
                <Domain type="&DomainConstant;"/>
                <Domain type="&DomainTemperature;"/>
            </FieldDefn>
        </Property>
        
        <Property name="g"
                  neutralName="KelvinMaxwellCreepParameter_g"
                  valueType="scalarField"
                  Dimensions="&MeasureUnitLess;"
                  parentProperty="KelvinMaxwellC3Function"
                  parentPropertyValToBeSensitive="1">
            <DefaultValue value="&valueEmpty;"/>
            <LowerBound value="&minFloat;"
                        inclusive="true"/>
            <UpperBound value="&maxFloat;"
                        inclusive="true"/>
            <FieldDefn nDomains="2">
                <Domain type="&DomainConstant;"/>
                <Domain type="&DomainTemperature;"/>
            </FieldDefn>
        </Property>
