                <Property name="Phase Change Type"
                          neutralName="PhaseChangeType"
                          valueType="enum"
                          valueChoices="&Choice;None=0&Choice;Single=1&Choice;Tabular=2"
                          Dimensions="&MeasureUnitLess;">
                        <DefaultValue value="0"/>
                </Property>
                <Property name="Latent Heat (L)"
                          neutralName="LatentHeat"
                          valueType="scalarField"
                          Dimensions="&MeasureLatentHeatPerMass;"
                          scaleFactor="false"
                          parentProperty="PhaseChangeType"
                          parentPropertyValToBeSensitive="1">
                    <DefaultValue value="&valueEmpty;"/>
                    <LowerBound value="&minFloat;"
                                inclusive="true"/>
                    <UpperBound value="&maxFloat;"
                                inclusive="true"/>
                    <FieldDefn nDomains="2">
                        <Domain type="&DomainConstant;"/>
                        <Domain type="&DomainTemperature;"
                                nVariables="1">
                            <Variable Measure="&MeasureTemperature;"/>
                        </Domain>
                    </FieldDefn>
                </Property>
                <Property name="Phase Change Temperature"
                          neutralName="PhaseTemp"
                          valueType="float"
                          Dimensions="&MeasureTemperature;"
                          parentProperty="PhaseChangeType"
                          parentPropertyValToBeSensitive="1">
                    <DefaultValue value="&valueEmpty;"/>
                    <LowerBound value="&MinTemperature;"
                                inclusive="true"/>
                    <UpperBound value="&maxFloat;"
                                inclusive="true"/>
                </Property>
                <Property name="Phase Change Temperature Range"
                          neutralName="PhaseTempRange"
                          valueType="float"
                          Dimensions="&MeasureTemperatureDifference;"
                          parentProperty="PhaseChangeType"
                          parentPropertyValToBeSensitive="1">
                    <DefaultValue value="&valueEmpty;"/>
                    <LowerBound value="&minFloat;"
                                inclusive="true"/>
                    <UpperBound value="&maxFloat;"
                                inclusive="true"/>
                </Property>
                <Property name="Specific Heat Above Phase Change"
                          neutralName="PhaseSpecificHeat"
                          valueType="scalarField"
                          Dimensions="&MeasureHeatCapacity;"
                          scaleFactor="false"
                          parentProperty="PhaseChangeType"
                          parentPropertyValToBeSensitive="1">
                    <DefaultValue value="&valueEmpty;"/>
                    <LowerBound value="&minFloat;"
                                inclusive="true"/>
                    <UpperBound value="&maxFloat;"
                                inclusive="true"/>
                    <FieldDefn nDomains="2">
                        <Domain type="&DomainConstant;"/>
                        <Domain type="&DomainTemperature;"
                                nVariables="1">
                            <Variable Measure="&MeasureTemperature;"/>
                        </Domain>
                    </FieldDefn>
                </Property>
                <Property name="Latent Heat Table Scale Factor"
                          neutralName="LHTEnableScaleFactor"
                          valueType="enum"
                          valueChoices="&Choice;Disabled=0&Choice;Enabled=1"
                          Dimensions="&MeasureUnitLess;"
                          parentProperty="PhaseChangeType"
                          parentPropertyValToBeSensitive="2">
                    <DefaultValue value="0"/>
                </Property>
                <Property name="Latent Heat"
                          neutralName="LatentHeatTable"
                          valueType="scalarField_table"
                          plot="true"
                          parentProperty="&ChoiceAnd;PhaseChangeType&ChoiceAnd;LHTEnableScaleFactor"
                          parentPropertyValToBeSensitive="&Choice;2&Choice;0,1">
                    <TableDefn nRows="dynamic"
                               nCols="4"
                               minNumRows="1"
                               maxNumRows="10">
                        <TableProperty name="Latent Heat"
                                       neutralName="LHTLatentHeat"
                                       valueType="scalarField"
                                       scaleFactor="false"
                                       Dimensions="&MeasureLatentHeatPerMass;"
                                       allowUnspecifiedValue="true">
                            <DefaultValue value="&valueEmpty;"/>
                            <LowerBound value="&minFloat;"
                                        inclusive="true"/>
                            <UpperBound value="&maxFloat;"
                                        inclusive="true"/>
                            <FieldDefn nDomains="1">
                                <Domain type="&DomainConstant;"/>
                            </FieldDefn>
                        </TableProperty>
                        <TableProperty name="Solidus Temperature"
                                       neutralName="LHTSolidusTemperature"
                                       valueType="scalarField"
                                       scaleFactor="false"
                                       Dimensions="&MeasureTemperature;"
                                       allowUnspecifiedValue="true">
                            <DefaultValue value="&valueEmpty;"/>
                            <LowerBound value="&MinTemperature;"
                                        inclusive="true"/>
                            <UpperBound value="&maxFloat;"
                                        inclusive="true"/>
                            <FieldDefn nDomains="1">
                                <Domain type="&DomainConstant;"/>
                            </FieldDefn>
                        </TableProperty>
                        <TableProperty name="Liquidus Temperature"
                                       neutralName="LHTLiquidusTemperature"
                                       valueType="scalarField"
                                       scaleFactor="false"
                                       Dimensions="&MeasureTemperature;"
                                       allowUnspecifiedValue="true">
                            <DefaultValue value="&valueEmpty;"/>
                            <LowerBound value="&MinTemperature;"
                                        inclusive="true"/>
                            <UpperBound value="&maxFloat;"
                                        inclusive="true"/>
                            <FieldDefn nDomains="1">
                                <Domain type="&DomainConstant;"/>
                            </FieldDefn>
                        </TableProperty>
                        <TableProperty name="Scale Factor"
                                       neutralName="LHTScaleFactor"
                                       valueType="scalarField"
                                       scaleFactor="false"
                                       Dimensions="&MeasureUnitLess;"
                                       allowUnspecifiedValue="true"
                                       parentProperty="LHTEnableScaleFactor"
                                       parentPropertyValToBeSensitive="1">
                            <DefaultValue value="&valueEmpty;"/>
                            <LowerBound value="&minFloat;"
                                        inclusive="true"/>
                            <UpperBound value="&maxFloat;"
                                        inclusive="true"/>
                            <FieldDefn nDomains="1">
                                <Domain type="&DomainConstant;"/>
                            </FieldDefn>
                        </TableProperty>
                    </TableDefn>
                </Property>
                
                
