        <Property name="Unloading Curve 2"
                  neutralName="UnloadingCurve2"
                  valueType="scalarField"
                  valueSubtype="compact"
                  scaleFactor="false"
                  Dimensions="&MeasureForcePerArea;"
                  parentProperty="GasketThicknessBehaviorType"
                  parentPropertyValToBeSensitive="&GasketBehaviorTypeElasticPlastic;">
            <DefaultValue value="&valueEmpty;"/>
            <LowerBound value="&minFloat;"
                        inclusive="true"/>
            <UpperBound value="&maxFloat;"
                        inclusive="true"/>
            <FieldDefn nDomains="2">
                <Domain Name="Length-based Closure"
                        autocreate="true"
                        type="&DomainUser;"
                        nVariables="1">
                    <Variable Name="Closure Length"
                              Measure="&MeasureLength;"/>
                </Domain>
                <Domain Name="Temperature - Length-based Closure"
                        autocreate="true"
                        type="&DomainUser;"
                        nVariables="2">
                    <Variable Name="Closure Length"
                              Measure="&MeasureLength;"/>
                    <Variable Name="Temperature"
                              Measure="&MeasureTemperature;"/>
                </Domain>
            </FieldDefn>
        </Property>
        <Property name="Unloading Curve 3"
                  neutralName="UnloadingCurve3"
                  valueType="scalarField"
                  valueSubtype="compact"
                  scaleFactor="false"
                  Dimensions="&MeasureForcePerArea;"
                  parentProperty="GasketThicknessBehaviorType"
                  parentPropertyValToBeSensitive="&GasketBehaviorTypeElasticPlastic;">
            <DefaultValue value="&valueEmpty;"/>
            <LowerBound value="&minFloat;"
                        inclusive="true"/>
            <UpperBound value="&maxFloat;"
                        inclusive="true"/>
            <FieldDefn nDomains="2">
                <Domain Name="Length-based Closure"
                        autocreate="true"
                        type="&DomainUser;"
                        nVariables="1">
                    <Variable Name="Closure Length"
                              Measure="&MeasureLength;"/>
                </Domain>
                <Domain Name="Temperature - Length-based Closure"
                        autocreate="true"
                        type="&DomainUser;"
                        nVariables="2">
                    <Variable Name="Closure Length"
                              Measure="&MeasureLength;"/>
                    <Variable Name="Temperature"
                              Measure="&MeasureTemperature;"/>
                </Domain>
            </FieldDefn>
        </Property>
        <Property name="Unloading Curve 4"
                  neutralName="UnloadingCurve4"
                  valueType="scalarField"
                  valueSubtype="compact"
                  scaleFactor="false"
                  Dimensions="&MeasureForcePerArea;"
                  parentProperty="GasketThicknessBehaviorType"
                  parentPropertyValToBeSensitive="&GasketBehaviorTypeElasticPlastic;">
            <DefaultValue value="&valueEmpty;"/>
            <LowerBound value="&minFloat;"
                        inclusive="true"/>
            <UpperBound value="&maxFloat;"
                        inclusive="true"/>
            <FieldDefn nDomains="2">
                <Domain Name="Length-based Closure"
                        autocreate="true"
                        type="&DomainUser;"
                        nVariables="1">
                    <Variable Name="Closure Length"
                              Measure="&MeasureLength;"/>
                </Domain>
                <Domain Name="Temperature - Length-based Closure"
                        autocreate="true"
                        type="&DomainUser;"
                        nVariables="2">
                    <Variable Name="Closure Length"
                              Measure="&MeasureLength;"/>
                    <Variable Name="Temperature"
                              Measure="&MeasureTemperature;"/>
                </Domain>
            </FieldDefn>
        </Property>
        <Property name="Unloading Curve 5"
                  neutralName="UnloadingCurve5"
                  valueType="scalarField"
                  valueSubtype="compact"
                  scaleFactor="false"
                  Dimensions="&MeasureForcePerArea;"
                  parentProperty="GasketThicknessBehaviorType"
                  parentPropertyValToBeSensitive="&GasketBehaviorTypeElasticPlastic;">
            <DefaultValue value="&valueEmpty;"/>
            <LowerBound value="&minFloat;"
                        inclusive="true"/>
            <UpperBound value="&maxFloat;"
                        inclusive="true"/>
            <FieldDefn nDomains="2">
                <Domain Name="Length-based Closure"
                        autocreate="true"
                        type="&DomainUser;"
                        nVariables="1">
                    <Variable Name="Closure Length"
                              Measure="&MeasureLength;"/>
                </Domain>
                <Domain Name="Temperature - Length-based Closure"
                        autocreate="true"
                        type="&DomainUser;"
                        nVariables="2">
                    <Variable Name="Closure Length"
                              Measure="&MeasureLength;"/>
                    <Variable Name="Temperature"
                              Measure="&MeasureTemperature;"/>
                </Domain>
            </FieldDefn>
        </Property>
        <Property name="Unloading Curve 6"
                  neutralName="UnloadingCurve6"
                  valueType="scalarField"
                  valueSubtype="compact"
                  scaleFactor="false"
                  Dimensions="&MeasureForcePerArea;"
                  parentProperty="GasketThicknessBehaviorType"
                  parentPropertyValToBeSensitive="&GasketBehaviorTypeElasticPlastic;">
            <DefaultValue value="&valueEmpty;"/>
            <LowerBound value="&minFloat;"
                        inclusive="true"/>
            <UpperBound value="&maxFloat;"
                        inclusive="true"/>
            <FieldDefn nDomains="2">
                <Domain Name="Length-based Closure"
                        autocreate="true"
                        type="&DomainUser;"
                        nVariables="1">
                    <Variable Name="Closure Length"
                              Measure="&MeasureLength;"/>
                </Domain>
                <Domain Name="Temperature - Length-based Closure"
                        autocreate="true"
                        type="&DomainUser;"
                        nVariables="2">
                    <Variable Name="Closure Length"
                              Measure="&MeasureLength;"/>
                    <Variable Name="Temperature"
                              Measure="&MeasureTemperature;"/>
                </Domain>
            </FieldDefn>
        </Property>
        <Property name="Unloading Curve 7"
                  neutralName="UnloadingCurve7"
                  valueType="scalarField"
                  valueSubtype="compact"
                  scaleFactor="false"
                  Dimensions="&MeasureForcePerArea;"
                  parentProperty="GasketThicknessBehaviorType"
                  parentPropertyValToBeSensitive="&GasketBehaviorTypeElasticPlastic;">
            <DefaultValue value="&valueEmpty;"/>
            <LowerBound value="&minFloat;"
                        inclusive="true"/>
            <UpperBound value="&maxFloat;"
                        inclusive="true"/>
            <FieldDefn nDomains="2">
                <Domain Name="Length-based Closure"
                        autocreate="true"
                        type="&DomainUser;"
                        nVariables="1">
                    <Variable Name="Closure Length"
                              Measure="&MeasureLength;"/>
                </Domain>
                <Domain Name="Temperature - Length-based Closure"
                        autocreate="true"
                        type="&DomainUser;"
                        nVariables="2">
                    <Variable Name="Closure Length"
                              Measure="&MeasureLength;"/>
                    <Variable Name="Temperature"
                              Measure="&MeasureTemperature;"/>
                </Domain>
            </FieldDefn>
        </Property>
        <Property name="Unloading Curve 8"
                  neutralName="UnloadingCurve8"
                  valueType="scalarField"
                  valueSubtype="compact"
                  scaleFactor="false"
                  Dimensions="&MeasureForcePerArea;"
                  parentProperty="GasketThicknessBehaviorType"
                  parentPropertyValToBeSensitive="&GasketBehaviorTypeElasticPlastic;">
            <DefaultValue value="&valueEmpty;"/>
            <LowerBound value="&minFloat;"
                        inclusive="true"/>
            <UpperBound value="&maxFloat;"
                        inclusive="true"/>
            <FieldDefn nDomains="2">
                <Domain Name="Length-based Closure"
                        autocreate="true"
                        type="&DomainUser;"
                        nVariables="1">
                    <Variable Name="Closure Length"
                              Measure="&MeasureLength;"/>
                </Domain>
                <Domain Name="Temperature - Length-based Closure"
                        autocreate="true"
                        type="&DomainUser;"
                        nVariables="2">
                    <Variable Name="Closure Length"
                              Measure="&MeasureLength;"/>
                    <Variable Name="Temperature"
                              Measure="&MeasureTemperature;"/>
                </Domain>
            </FieldDefn>
        </Property>
        <Property name="Unloading Curve 9"
                  neutralName="UnloadingCurve9"
                  valueType="scalarField"
                  valueSubtype="compact"
                  scaleFactor="false"
                  Dimensions="&MeasureForcePerArea;"
                  parentProperty="GasketThicknessBehaviorType"
                  parentPropertyValToBeSensitive="&GasketBehaviorTypeElasticPlastic;">
            <DefaultValue value="&valueEmpty;"/>
            <LowerBound value="&minFloat;"
                        inclusive="true"/>
            <UpperBound value="&maxFloat;"
                        inclusive="true"/>
            <FieldDefn nDomains="2">
                <Domain Name="Length-based Closure"
                        autocreate="true"
                        type="&DomainUser;"
                        nVariables="1">
                    <Variable Name="Closure Length"
                              Measure="&MeasureLength;"/>
                </Domain>
                <Domain Name="Temperature - Length-based Closure"
                        autocreate="true"
                        type="&DomainUser;"
                        nVariables="2">
                    <Variable Name="Closure Length"
                              Measure="&MeasureLength;"/>
                    <Variable Name="Temperature"
                              Measure="&MeasureTemperature;"/>
                </Domain>
            </FieldDefn>
        </Property>
        <Property name="Unloading Curve 10"
                  neutralName="UnloadingCurve10"
                  valueType="scalarField"
                  valueSubtype="compact"
                  scaleFactor="false"
                  Dimensions="&MeasureForcePerArea;"
                  parentProperty="GasketThicknessBehaviorType"
                  parentPropertyValToBeSensitive="&GasketBehaviorTypeElasticPlastic;">
            <DefaultValue value="&valueEmpty;"/>
            <LowerBound value="&minFloat;"
                        inclusive="true"/>
            <UpperBound value="&maxFloat;"
                        inclusive="true"/>
            <FieldDefn nDomains="2">
                <Domain Name="Length-based Closure"
                        autocreate="true"
                        type="&DomainUser;"
                        nVariables="1">
                    <Variable Name="Closure Length"
                              Measure="&MeasureLength;"/>
                </Domain>
                <Domain Name="Temperature - Length-based Closure"
                        autocreate="true"
                        type="&DomainUser;"
                        nVariables="2">
                    <Variable Name="Closure Length"
                              Measure="&MeasureLength;"/>
                    <Variable Name="Temperature"
                              Measure="&MeasureTemperature;"/>
                </Domain>
            </FieldDefn>
        </Property>


        <Property name="Unloading Curve 2 (Damage)"
                  neutralName="UnloadingCurve2Damage"
                  valueType="scalarField"
                  valueSubtype="compact"
                  scaleFactor="false"
                  Dimensions="&MeasureForcePerArea;"
                  parentProperty="GasketThicknessBehaviorType"
                  parentPropertyValToBeSensitive="&GasketBehaviorTypeDamage;">
            <DefaultValue value="&valueEmpty;"/>
            <LowerBound value="&minFloat;"
                        inclusive="true"/>
            <UpperBound value="&maxFloat;"
                        inclusive="true"/>
            <FieldDefn nDomains="2">
                <Domain Name="Length Closure-Max Closure"
                        autocreate="true"
                        type="&DomainUser;"
                        nVariables="2">
                    <Variable Name="Closure Length"
                              Measure="&MeasureLength;"/>
                    <Variable Name="Maximum Closure"
                              Measure="&MeasureLength;"/>
                </Domain>
                <Domain Name="Temperature-Length Closure-Max Closure"
                        autocreate="true"
                        type="&DomainUser;"
                        nVariables="3">
                    <Variable Name="Closure Length"
                              Measure="&MeasureLength;"/>
                    <Variable Name="Maximum Closure"
                              Measure="&MeasureLength;"/>
                    <Variable Name="Temperature"
                              Measure="&MeasureTemperature;"/>
                </Domain>
            </FieldDefn>
        </Property>        
        <Property name="Unloading Curve 3 (Damage)"
                  neutralName="UnloadingCurve3Damage"
                  valueType="scalarField"
                  valueSubtype="compact"
                  scaleFactor="false"
                  Dimensions="&MeasureForcePerArea;"
                  parentProperty="GasketThicknessBehaviorType"
                  parentPropertyValToBeSensitive="&GasketBehaviorTypeDamage;">
            <DefaultValue value="&valueEmpty;"/>
            <LowerBound value="&minFloat;"
                        inclusive="true"/>
            <UpperBound value="&maxFloat;"
                        inclusive="true"/>
            <FieldDefn nDomains="2">
                <Domain Name="Length Closure-Max Closure"
                        autocreate="true"
                        type="&DomainUser;"
                        nVariables="2">
                    <Variable Name="Closure Length"
                              Measure="&MeasureLength;"/>
                    <Variable Name="Maximum Closure"
                              Measure="&MeasureLength;"/>
                </Domain>
                <Domain Name="Temperature-Length Closure-Max Closure"
                        autocreate="true"
                        type="&DomainUser;"
                        nVariables="3">
                    <Variable Name="Closure Length"
                              Measure="&MeasureLength;"/>
                    <Variable Name="Maximum Closure"
                              Measure="&MeasureLength;"/>
                    <Variable Name="Temperature"
                              Measure="&MeasureTemperature;"/>
                </Domain>
            </FieldDefn>
        </Property>
        <Property name="Unloading Curve 4 (Damage)"
                  neutralName="UnloadingCurve4Damage"
                  valueType="scalarField"
                  valueSubtype="compact"
                  scaleFactor="false"
                  Dimensions="&MeasureForcePerArea;"
                  parentProperty="GasketThicknessBehaviorType"
                  parentPropertyValToBeSensitive="&GasketBehaviorTypeDamage;">
            <DefaultValue value="&valueEmpty;"/>
            <LowerBound value="&minFloat;"
                        inclusive="true"/>
            <UpperBound value="&maxFloat;"
                        inclusive="true"/>
            <FieldDefn nDomains="2">
                <Domain Name="Length Closure-Max Closure"
                        autocreate="true"
                        type="&DomainUser;"
                        nVariables="2">
                    <Variable Name="Closure Length"
                              Measure="&MeasureLength;"/>
                    <Variable Name="Maximum Closure"
                              Measure="&MeasureLength;"/>
                </Domain>
                <Domain Name="Temperature-Length Closure-Max Closure"
                        autocreate="true"
                        type="&DomainUser;"
                        nVariables="3">
                    <Variable Name="Closure Length"
                              Measure="&MeasureLength;"/>
                    <Variable Name="Maximum Closure"
                              Measure="&MeasureLength;"/>
                    <Variable Name="Temperature"
                              Measure="&MeasureTemperature;"/>
                </Domain>
            </FieldDefn>
        </Property>
        <Property name="Unloading Curve 5 (Damage)"
                  neutralName="UnloadingCurve5Damage"
                  valueType="scalarField"
                  valueSubtype="compact"
                  scaleFactor="false"
                  Dimensions="&MeasureForcePerArea;"
                  parentProperty="GasketThicknessBehaviorType"
                  parentPropertyValToBeSensitive="&GasketBehaviorTypeDamage;">
            <DefaultValue value="&valueEmpty;"/>
            <LowerBound value="&minFloat;"
                        inclusive="true"/>
            <UpperBound value="&maxFloat;"
                        inclusive="true"/>
            <FieldDefn nDomains="2">
                <Domain Name="Length Closure-Max Closure"
                        autocreate="true"
                        type="&DomainUser;"
                        nVariables="2">
                    <Variable Name="Closure Length"
                              Measure="&MeasureLength;"/>
                    <Variable Name="Maximum Closure"
                              Measure="&MeasureLength;"/>
                </Domain>
                <Domain Name="Temperature-Length Closure-Max Closure"
                        autocreate="true"
                        type="&DomainUser;"
                        nVariables="3">
                    <Variable Name="Closure Length"
                              Measure="&MeasureLength;"/>
                    <Variable Name="Maximum Closure"
                              Measure="&MeasureLength;"/>
                    <Variable Name="Temperature"
                              Measure="&MeasureTemperature;"/>
                </Domain>
            </FieldDefn>
        </Property>
        <Property name="Unloading Curve 6 (Damage)"
                  neutralName="UnloadingCurve6Damage"
                  valueType="scalarField"
                  valueSubtype="compact"
                  scaleFactor="false"
                  Dimensions="&MeasureForcePerArea;"
                  parentProperty="GasketThicknessBehaviorType"
                  parentPropertyValToBeSensitive="&GasketBehaviorTypeDamage;">
            <DefaultValue value="&valueEmpty;"/>
            <LowerBound value="&minFloat;"
                        inclusive="true"/>
            <UpperBound value="&maxFloat;"
                        inclusive="true"/>
            <FieldDefn nDomains="2">
                <Domain Name="Length Closure-Max Closure"
                        autocreate="true"
                        type="&DomainUser;"
                        nVariables="2">
                    <Variable Name="Closure Length"
                              Measure="&MeasureLength;"/>
                    <Variable Name="Maximum Closure"
                              Measure="&MeasureLength;"/>
                </Domain>
                <Domain Name="Temperature-Length Closure-Max Closure"
                        autocreate="true"
                        type="&DomainUser;"
                        nVariables="3">
                    <Variable Name="Closure Length"
                              Measure="&MeasureLength;"/>
                    <Variable Name="Maximum Closure"
                              Measure="&MeasureLength;"/>
                    <Variable Name="Temperature"
                              Measure="&MeasureTemperature;"/>
                </Domain>
            </FieldDefn>
        </Property>  
        <Property name="Unloading Curve 7 (Damage)"
                  neutralName="UnloadingCurve7Damage"
                  valueType="scalarField"
                  valueSubtype="compact"
                  scaleFactor="false"
                  Dimensions="&MeasureForcePerArea;"
                  parentProperty="GasketThicknessBehaviorType"
                  parentPropertyValToBeSensitive="&GasketBehaviorTypeDamage;">
            <DefaultValue value="&valueEmpty;"/>
            <LowerBound value="&minFloat;"
                        inclusive="true"/>
            <UpperBound value="&maxFloat;"
                        inclusive="true"/>
            <FieldDefn nDomains="2">
                <Domain Name="Length Closure-Max Closure"
                        autocreate="true"
                        type="&DomainUser;"
                        nVariables="2">
                    <Variable Name="Closure Length"
                              Measure="&MeasureLength;"/>
                    <Variable Name="Maximum Closure"
                              Measure="&MeasureLength;"/>
                </Domain>
                <Domain Name="Temperature-Length Closure-Max Closure"
                        autocreate="true"
                        type="&DomainUser;"
                        nVariables="3">
                    <Variable Name="Closure Length"
                              Measure="&MeasureLength;"/>
                    <Variable Name="Maximum Closure"
                              Measure="&MeasureLength;"/>
                    <Variable Name="Temperature"
                              Measure="&MeasureTemperature;"/>
                </Domain>
            </FieldDefn>
        </Property>
        <Property name="Unloading Curve 8 (Damage)"
                  neutralName="UnloadingCurve8Damage"
                  valueType="scalarField"
                  valueSubtype="compact"
                  scaleFactor="false"
                  Dimensions="&MeasureForcePerArea;"
                  parentProperty="GasketThicknessBehaviorType"
                  parentPropertyValToBeSensitive="&GasketBehaviorTypeDamage;">
            <DefaultValue value="&valueEmpty;"/>
            <LowerBound value="&minFloat;"
                        inclusive="true"/>
            <UpperBound value="&maxFloat;"
                        inclusive="true"/>
            <FieldDefn nDomains="2">
                <Domain Name="Length Closure-Max Closure"
                        autocreate="true"
                        type="&DomainUser;"
                        nVariables="2">
                    <Variable Name="Closure Length"
                              Measure="&MeasureLength;"/>
                    <Variable Name="Maximum Closure"
                              Measure="&MeasureLength;"/>
                </Domain>
                <Domain Name="Temperature-Length Closure-Max Closure"
                        autocreate="true"
                        type="&DomainUser;"
                        nVariables="3">
                    <Variable Name="Closure Length"
                              Measure="&MeasureLength;"/>
                    <Variable Name="Maximum Closure"
                              Measure="&MeasureLength;"/>
                    <Variable Name="Temperature"
                              Measure="&MeasureTemperature;"/>
                </Domain>
            </FieldDefn>
        </Property>
        <Property name="Unloading Curve 9 (Damage)"
                  neutralName="UnloadingCurve9Damage"
                  valueType="scalarField"
                  valueSubtype="compact"
                  scaleFactor="false"
                  Dimensions="&MeasureForcePerArea;"
                  parentProperty="GasketThicknessBehaviorType"
                  parentPropertyValToBeSensitive="&GasketBehaviorTypeDamage;">
            <DefaultValue value="&valueEmpty;"/>
            <LowerBound value="&minFloat;"
                        inclusive="true"/>
            <UpperBound value="&maxFloat;"
                        inclusive="true"/>
            <FieldDefn nDomains="2">
                <Domain Name="Length Closure-Max Closure"
                        autocreate="true"
                        type="&DomainUser;"
                        nVariables="2">
                    <Variable Name="Closure Length"
                              Measure="&MeasureLength;"/>
                    <Variable Name="Maximum Closure"
                              Measure="&MeasureLength;"/>
                </Domain>
                <Domain Name="Temperature-Length Closure-Max Closure"
                        autocreate="true"
                        type="&DomainUser;"
                        nVariables="3">
                    <Variable Name="Closure Length"
                              Measure="&MeasureLength;"/>
                    <Variable Name="Maximum Closure"
                              Measure="&MeasureLength;"/>
                    <Variable Name="Temperature"
                              Measure="&MeasureTemperature;"/>
                </Domain>
            </FieldDefn>
        </Property>
        <Property name="Unloading Curve 10 (Damage)"
                  neutralName="UnloadingCurve10Damage"
                  valueType="scalarField"
                  valueSubtype="compact"
                  scaleFactor="false"
                  Dimensions="&MeasureForcePerArea;"
                  parentProperty="GasketThicknessBehaviorType"
                  parentPropertyValToBeSensitive="&GasketBehaviorTypeDamage;">
            <DefaultValue value="&valueEmpty;"/>
            <LowerBound value="&minFloat;"
                        inclusive="true"/>
            <UpperBound value="&maxFloat;"
                        inclusive="true"/>
            <FieldDefn nDomains="2">
                <Domain Name="Length Closure-Max Closure"
                        autocreate="true"
                        type="&DomainUser;"
                        nVariables="2">
                    <Variable Name="Closure Length"
                              Measure="&MeasureLength;"/>
                    <Variable Name="Maximum Closure"
                              Measure="&MeasureLength;"/>
                </Domain>
                <Domain Name="Temperature-Length Closure-Max Closure"
                        autocreate="true"
                        type="&DomainUser;"
                        nVariables="3">
                    <Variable Name="Closure Length"
                              Measure="&MeasureLength;"/>
                    <Variable Name="Maximum Closure"
                              Measure="&MeasureLength;"/>
                    <Variable Name="Temperature"
                              Measure="&MeasureTemperature;"/>
                </Domain>
            </FieldDefn>
        </Property>        
        
        



                
