<Property name="Magnetic Poles"
          neutralName="magneticPoles"
          valueType="scalarField_table"
          parentProperty="&Choice;HighFrequencyMagneticModel"
          parentPropertyValToBeSensitive="&Choice;6">
    <DefaultValue value="&valueEmpty;"/>
    <TableDefn nRows="dynamic"
               nCols="3"
               minNumRows="1"
               maxNumRows="5000">
        <TableProperty name="Weight Parameter (Gp)"
                       neutralName="magnGp"
                       valueType="scalarField"
                       scaleFactor="false">
            <FieldDefn nDomains="1">
                <Domain type="&DomainConstant;"/>
            </FieldDefn>
        </TableProperty>
        <TableProperty name="Resonant Frequency (Omega-p)"
                       neutralName="magnResonantFreq"
                       valueType="scalarField"
                       scaleFactor="false"
                       Dimensions="&MeasureFrequency;">
            <FieldDefn nDomains="1">
                <Domain type="&DomainConstant;"/>
            </FieldDefn>
        </TableProperty>
        <TableProperty name="Damping Coefficient (Delta P)"
                       neutralName="magnDampingCoeff"
                       valueType="scalarField"
                       scaleFactor="false"
                       Dimensions="&MeasureCoefficientPerTime;">
            <FieldDefn nDomains="1">
                <Domain type="&DomainConstant;"/>
            </FieldDefn>
        </TableProperty>
    </TableDefn>
</Property>
