        <Property name="Fatigue Ductility Coefficient"
                  neutralName="FatigueDuctCoeff"
                  valueType="scalarField"
                  Dimensions="&MeasureUnitLess;"
                  parentProperty="StrainLifeDataFormat"
                  parentPropertyValToBeSensitive="0">
            <DefaultValue value="&valueEmpty;"/>
            <LowerBound value="&minFloat;"
                        inclusive="true"/>
            <UpperBound value="&maxFloat;"
                        inclusive="true"/>
            <FieldDefn nDomains="2">
                <Domain type="&DomainConstant;"/>
                <Domain type="&DomainTemperature;"/>
            </FieldDefn>
        </Property>

        <Property name="Fatigue Ductility Coefficient - 2"
                  neutralName="FatigueDuctCoeff2"
                  valueType="scalarField"
                  Dimensions="&MeasureUnitLess;"
                  parentProperty="StrainLifeDataFormat"
                  parentPropertyValToBeSensitive="0">
            <DefaultValue value="&valueEmpty;"/>
            <LowerBound value="&minFloat;"
                        inclusive="true"/>
            <UpperBound value="&maxFloat;"
                        inclusive="true"/>
            <FieldDefn nDomains="2">
                <Domain type="&DomainConstant;"/>
                <Domain type="&DomainTemperature;"/>
            </FieldDefn>
        </Property>

        <Property name="Fatigue Ductility Coefficient - 12"
                  neutralName="FatigueDuctCoeff12"
                  valueType="scalarField"
                  Dimensions="&MeasureUnitLess;"
                  parentProperty="StrainLifeDataFormat"
                  parentPropertyValToBeSensitive="0">
            <DefaultValue value="&valueEmpty;"/>
            <LowerBound value="&minFloat;"
                        inclusive="true"/>
            <UpperBound value="&maxFloat;"
                        inclusive="true"/>
            <FieldDefn nDomains="2">
                <Domain type="&DomainConstant;"/>
                <Domain type="&DomainTemperature;"/>
            </FieldDefn>
        </Property>
        
        <Property name="Fatigue Ductility Exponent"
                  neutralName="FatigueDuctExp"
                  valueType="scalarField"
                  Dimensions="&MeasureUnitLess;"
                  parentProperty="StrainLifeDataFormat"
                  parentPropertyValToBeSensitive="0">
            <DefaultValue value="&valueEmpty;"/>
            <LowerBound value="&minFloat;"
                        inclusive="true"/>
            <UpperBound value="&maxFloat;"
                        inclusive="true"/>
            <FieldDefn nDomains="2">
                <Domain type="&DomainConstant;"/>
                <Domain type="&DomainTemperature;"/>
            </FieldDefn>
        </Property>

        <Property name="Fatigue Ductility Exponent - 2"
                  neutralName="FatigueDuctExp2"
                  valueType="scalarField"
                  Dimensions="&MeasureUnitLess;"
                  parentProperty="StrainLifeDataFormat"
                  parentPropertyValToBeSensitive="0">
            <DefaultValue value="&valueEmpty;"/>
            <LowerBound value="&minFloat;"
                        inclusive="true"/>
            <UpperBound value="&maxFloat;"
                        inclusive="true"/>
            <FieldDefn nDomains="2">
                <Domain type="&DomainConstant;"/>
                <Domain type="&DomainTemperature;"/>
            </FieldDefn>
        </Property>

        <Property name="Fatigue Ductility Exponent - 12"
                  neutralName="FatigueDuctExp12"
                  valueType="scalarField"
                  Dimensions="&MeasureUnitLess;"
                  parentProperty="StrainLifeDataFormat"
                  parentPropertyValToBeSensitive="0">
            <DefaultValue value="&valueEmpty;"/>
            <LowerBound value="&minFloat;"
                        inclusive="true"/>
            <UpperBound value="&maxFloat;"
                        inclusive="true"/>
            <FieldDefn nDomains="2">
                <Domain type="&DomainConstant;"/>
                <Domain type="&DomainTemperature;"/>
            </FieldDefn>
        </Property>
               



        
