        <Property name="Transverse Shear Modulus (GPL)"
                  neutralName="TransverseShearModulus"
                  editable="true"
                  valueType="scalarField"
                  Dimensions="&MeasureForcePerArea;"
                  scaleFactor="false" >
            <DefaultValue value="0.0"/>
            <LowerBound value="0.0"
                        inclusive="true"/>
            <UpperBound value="&maxFloat;"
                        inclusive="true"/>
            <FieldDefn nDomains="2">
                <Domain type="&DomainConstant;"/>
                <Domain type="&DomainTemperature;"
                        nVariables="1">
                    <Variable Measure="&MeasureTemperature;"
                              evaluationProperty="Default Temperature"
                              propertyType="Solution"/>
                </Domain>
            </FieldDefn>
        </Property>
