        <Property name="Unloading Curve 2"
                  neutralName="UnloadingCurve2"
                  valueType="scalarField"
                  valueSubtype="compact"
                  scaleFactor="false"
                  Dimensions="&MeasureForcePerArea;">
            <DefaultValue value="&valueEmpty;"/>
            <LowerBound value="&minFloat;"
                        inclusive="true"/>
            <UpperBound value="&maxFloat;"
                        inclusive="true"/>
            <FieldDefn nDomains="1">
                <Domain Name="Strain-based Closure"
                        autocreate="true"
                        type="&DomainUser;"
                        nVariables="1">
                    <Variable Name="Closure Strain"
                              Measure="&MeasureStrain;"/>
                </Domain>
            </FieldDefn>
        </Property>
        <Property name="Unloading Curve 3"
                  neutralName="UnloadingCurve3"
                  valueType="scalarField"
                  valueSubtype="compact"
                  scaleFactor="false"
                  Dimensions="&MeasureForcePerArea;">
            <DefaultValue value="&valueEmpty;"/>
            <LowerBound value="&minFloat;"
                        inclusive="true"/>
            <UpperBound value="&maxFloat;"
                        inclusive="true"/>
            <FieldDefn nDomains="1">
                <Domain Name="Strain-based Closure"
                        autocreate="true"
                        type="&DomainUser;"
                        nVariables="1">
                    <Variable Name="Closure Strain"
                              Measure="&MeasureStrain;"/>
                </Domain>
            </FieldDefn>
        </Property>
        <Property name="Unloading Curve 4"
                  neutralName="UnloadingCurve4"
                  valueType="scalarField"
                  valueSubtype="compact"
                  scaleFactor="false"
                  Dimensions="&MeasureForcePerArea;">
            <DefaultValue value="&valueEmpty;"/>
            <LowerBound value="&minFloat;"
                        inclusive="true"/>
            <UpperBound value="&maxFloat;"
                        inclusive="true"/>
            <FieldDefn nDomains="1">
                <Domain Name="Strain-based Closure"
                        autocreate="true"
                        type="&DomainUser;"
                        nVariables="1">
                    <Variable Name="Closure Strain"
                              Measure="&MeasureStrain;"/>
                </Domain>
            </FieldDefn>
        </Property>
        <Property name="Unloading Curve 5"
                  neutralName="UnloadingCurve5"
                  valueType="scalarField"
                  valueSubtype="compact"
                  scaleFactor="false"
                  Dimensions="&MeasureForcePerArea;">
            <DefaultValue value="&valueEmpty;"/>
            <LowerBound value="&minFloat;"
                        inclusive="true"/>
            <UpperBound value="&maxFloat;"
                        inclusive="true"/>
            <FieldDefn nDomains="1">
                <Domain Name="Strain-based Closure"
                        autocreate="true"
                        type="&DomainUser;"
                        nVariables="1">
                    <Variable Name="Closure Strain"
                              Measure="&MeasureStrain;"/>
                </Domain>
            </FieldDefn>
        </Property>
        <Property name="Unloading Curve 6"
                  neutralName="UnloadingCurve6"
                  valueType="scalarField"
                  valueSubtype="compact"
                  scaleFactor="false"
                  Dimensions="&MeasureForcePerArea;">
            <DefaultValue value="&valueEmpty;"/>
            <LowerBound value="&minFloat;"
                        inclusive="true"/>
            <UpperBound value="&maxFloat;"
                        inclusive="true"/>
            <FieldDefn nDomains="1">
                <Domain Name="Strain-based Closure"
                        autocreate="true"
                        type="&DomainUser;"
                        nVariables="1">
                    <Variable Name="Closure Strain"
                              Measure="&MeasureStrain;"/>
                </Domain>
            </FieldDefn>
        </Property>
        <Property name="Unloading Curve 7"
                  neutralName="UnloadingCurve7"
                  valueType="scalarField"
                  valueSubtype="compact"
                  scaleFactor="false"
                  Dimensions="&MeasureForcePerArea;">
            <DefaultValue value="&valueEmpty;"/>
            <LowerBound value="&minFloat;"
                        inclusive="true"/>
            <UpperBound value="&maxFloat;"
                        inclusive="true"/>
            <FieldDefn nDomains="1">
                <Domain Name="Strain-based Closure"
                        autocreate="true"
                        type="&DomainUser;"
                        nVariables="1">
                    <Variable Name="Closure Strain"
                              Measure="&MeasureStrain;"/>
                </Domain>
            </FieldDefn>
        </Property>
        <Property name="Unloading Curve 8"
                  neutralName="UnloadingCurve8"
                  valueType="scalarField"
                  valueSubtype="compact"
                  scaleFactor="false"
                  Dimensions="&MeasureForcePerArea;">
            <DefaultValue value="&valueEmpty;"/>
            <LowerBound value="&minFloat;"
                        inclusive="true"/>
            <UpperBound value="&maxFloat;"
                        inclusive="true"/>
            <FieldDefn nDomains="1">
                <Domain Name="Strain-based Closure"
                        autocreate="true"
                        type="&DomainUser;"
                        nVariables="1">
                    <Variable Name="Closure Strain"
                              Measure="&MeasureStrain;"/>
                </Domain>
            </FieldDefn>
        </Property>
        <Property name="Unloading Curve 9"
                  neutralName="UnloadingCurve9"
                  valueType="scalarField"
                  valueSubtype="compact"
                  scaleFactor="false"
                  Dimensions="&MeasureForcePerArea;">
            <DefaultValue value="&valueEmpty;"/>
            <LowerBound value="&minFloat;"
                        inclusive="true"/>
            <UpperBound value="&maxFloat;"
                        inclusive="true"/>
            <FieldDefn nDomains="1">
                <Domain Name="Strain-based Closure"
                        autocreate="true"
                        type="&DomainUser;"
                        nVariables="1">
                    <Variable Name="Closure Strain"
                              Measure="&MeasureStrain;"/>
                </Domain>
            </FieldDefn>
        </Property>
        <Property name="Unloading Curve 10"
                  neutralName="UnloadingCurve10"
                  valueType="scalarField"
                  valueSubtype="compact"
                  scaleFactor="false"
                  Dimensions="&MeasureForcePerArea;">
            <DefaultValue value="&valueEmpty;"/>
            <LowerBound value="&minFloat;"
                        inclusive="true"/>
            <UpperBound value="&maxFloat;"
                        inclusive="true"/>
            <FieldDefn nDomains="1">
                <Domain Name="Strain-based Closure"
                        autocreate="true"
                        type="&DomainUser;"
                        nVariables="1">
                    <Variable Name="Closure Strain"
                              Measure="&MeasureStrain;"/>
                </Domain>
            </FieldDefn>
        </Property>


                
