                <Property name="Solar Scattering Coefficient"
                          neutralName="SolarScatterCoeff"
                          valueType="float"
                          Dimensions="&MeasureCoefficientPerLength;">
                    <DefaultValue value="&valueEmpty;"/>
                    <LowerBound value="&minFloat;"
                                inclusive="true"/>
                    <UpperBound value="&maxFloat;"
                                inclusive="true"/>
                </Property>
                <Property name="Solar Extinction Coefficient"
                          neutralName="SolarExtinctCoeff"
                          valueType="float"
                          Dimensions="&MeasureCoefficientPerLength;">
                    <DefaultValue value="&valueEmpty;"/>
                    <LowerBound value="&minFloat;"
                                inclusive="true"/>
                    <UpperBound value="&maxFloat;"
                                inclusive="true"/>
                </Property>
