        <Property name="Max Stress Compression (SC)"
                  neutralName="MaxStressCompression"
                  parentProperty="&Choice;StrengthLimitsFailureCriterion&Choice;AllFailureCriterion&Choice;HashinFailureCriterion&Choice;HoffmanFailureCriterion&Choice;PuckFailureCriterion&Choice;MaximumStressFailureCriterion&Choice;StressRatioFailureCriterion&Choice;TsaiHillFailureCriterion&Choice;TsaiWuFailureCriterion&Choice;MaterialType"
                  parentPropertyValToBeSensitive="&Choice;1&Choice;1&Choice;1&Choice;1&Choice;1&Choice;1&Choice;1&Choice;1&Choice;1&Choice;&MaterialTypeANISOTROPIC;,&MaterialTypeMULTIMECHMICROSTRUCTURE;"
                  valueType="scalarField"
                  Dimensions="&MeasureStress;">
            <DefaultValue value="&valueEmpty;"/>
            <LowerBound value="&minFloat;"
                        inclusive="true"/>
            <UpperBound value="&maxFloat;"
                        inclusive="true"/>
            <FieldDefn nDomains="2">
                <Domain type="&DomainConstant;"/>
                <Domain type="&DomainTemperature;"/>
            </FieldDefn>
        </Property>
        <Property name="Compression (SC2)"
                  neutralName="MaxStressCompress2"
                  valueType="scalarField"
                  Dimensions="&MeasureStress;"
                  parentProperty="&Choice;StrengthLimitsFailureCriterion&Choice;AllFailureCriterion&Choice;HashinFailureCriterion&Choice;HoffmanFailureCriterion&Choice;PuckFailureCriterion&Choice;MaximumStressFailureCriterion&Choice;StressRatioFailureCriterion&Choice;TsaiHillFailureCriterion&Choice;TsaiWuFailureCriterion"
                  parentPropertyValToBeSensitive="&Choice;1&Choice;1&Choice;1&Choice;1&Choice;1&Choice;1&Choice;1&Choice;1&Choice;1"
                  scaleFactor="false" >
            <DefaultValue value="&valueEmpty;"/>
            <LowerBound value="&minFloat;"
                        inclusive="true"/>
            <UpperBound value="&maxFloat;"
                        inclusive="true"/>
            <FieldDefn nDomains="2">
                <Domain type="&DomainConstant;"/>
                <Domain type="&DomainTemperature;"/>
            </FieldDefn>
        </Property>
        <Property name="Compression (SC3)"
                  neutralName="MaxStressCompress3"
                  valueType="scalarField"
                  Dimensions="&MeasureStress;"
                  parentProperty="&Choice;StrengthLimitsFailureCriterion&Choice;AllFailureCriterion&Choice;HashinFailureCriterion&Choice;HoffmanFailureCriterion&Choice;PuckFailureCriterion&Choice;MaximumStressFailureCriterion&Choice;StressRatioFailureCriterion&Choice;TsaiHillFailureCriterion&Choice;TsaiWuFailureCriterion"
                  parentPropertyValToBeSensitive="&Choice;1&Choice;1&Choice;1&Choice;1&Choice;1&Choice;1&Choice;1&Choice;1&Choice;1"
                  scaleFactor="false" >
            <DefaultValue value="&valueEmpty;"/>
            <LowerBound value="&minFloat;"
                        inclusive="true"/>
            <UpperBound value="&maxFloat;"
                        inclusive="true"/>
            <FieldDefn nDomains="2">
                <Domain type="&DomainConstant;"/>
                <Domain type="&DomainTemperature;"/>
            </FieldDefn>
        </Property>
        <Property name="Max Stress Compression (SC)"
                  neutralName="MaxStressCompressionConstant"
                  parentProperty="ElasticDependencyControl"
                  parentPropertyValToBeSensitive="3,4,5,6"
                  valueType="scalarField"
                  Dimensions="&MeasureStress;">
          <DefaultValue value="&valueEmpty;"/>
          <LowerBound value="&minFloat;"
                      inclusive="true"/>
          <UpperBound value="&maxFloat;"
                      inclusive="true"/>
          <FieldDefn nDomains="1">
            <Domain type="&DomainConstant;"/>
          </FieldDefn>
        </Property>
        <Property name="Temperature Dependent Max Stress Compression (SC)"
                 neutralName="MaxStressCompressionTemperature"
                 parentProperty="ElasticDependencyControl"
                 parentPropertyValToBeSensitive="4,6"
                 valueType="scalarField"
                 valueSubtype="&scalarFieldCompactDisplay;" 
                 Dimensions="&MeasureStress;"
                 scaleFactor="true" >
          <DefaultValue value="&valueEmpty;"/>
          <LowerBound value="&minFloat;"
                      inclusive="true"/>
          <UpperBound value="&maxFloat;"
                      inclusive="true"/>
          <FieldDefn nDomains="1">
            <Domain type="&DomainTemperature;"/>
          </FieldDefn>
        </Property>       


