        <Property name=""
                  neutralName="KelvinMaxwellC1Function"
                  valueType="enum"
                  valueChoices="&Choice;a * SIGMA ^ b=1&Choice;a * exp( b * SIGMA )=2"
                  Dimensions="&MeasureUnitLess;"
                  parentProperty="CreepFormulation"
                  parentPropertyValToBeSensitive="2,11">
            <DefaultValue value="1"/>
            <LowerBound value="1"/>
            <UpperBound value="2"/>
        </Property>
        <Property name="a"
                  neutralName="KelvinMaxwellCreepParameter_a"
                  valueType="scalarField"
                  Dimensions="&MeasureUnitLess;"
                  parentProperty="CreepFormulation"
                  parentPropertyValToBeSensitive="2,11">
            <DefaultValue value="&valueEmpty;"/>
            <LowerBound value="&minFloat;"
                        inclusive="true"/>
            <UpperBound value="&maxFloat;"
                        inclusive="true"/>
            <FieldDefn nDomains="2">
                <Domain type="&DomainConstant;"/>
                <Domain type="&DomainTemperature;"/>
            </FieldDefn>
        </Property>

        <Property name="b"
                  neutralName="KelvinMaxwellCreepParameter_b"
                  valueType="scalarField"
                  Dimensions="&MeasureUnitLess;"
                  parentProperty="CreepFormulation"
                  parentPropertyValToBeSensitive="2,11">
            <DefaultValue value="&valueEmpty;"/>
            <LowerBound value="&minFloat;"
                        inclusive="true"/>
            <UpperBound value="&maxFloat;"
                        inclusive="true"/>
            <FieldDefn nDomains="2">
                <Domain type="&DomainConstant;"/>
                <Domain type="&DomainTemperature;"/>
            </FieldDefn>
        </Property>
