                <!--Every 4 properties are grouped as one row if numcolumn is defined -->
                <!--The reason is because each prop is counted in numcolumn even if it is hidden-->
                <!--A few dummy properties are added for display purpose before this issue is fixed-->
                <Property name="Thermal Expansion Coefficient Type"
                          neutralName="ThermalExpansionCoefficientType"
                          valueType="enum"
                          valueChoices="&Choice;Undefined=0&Choice;Secant=1&Choice;Tangent=2"
                          Dimensions="&MeasureUnitLess;">
                    <DefaultValue value="1"/>
                    <LowerBound value="0"
                                inclusive="true"/>
                    <UpperBound value="2"
                                inclusive="true"/>
                </Property>

                <Property name="Thermal Expansion Coefficient (A)"
                          neutralName="ThermalExpansionConstant"
                          valueType="scalarField"
                          Dimensions="&MeasureThermExpansion;"
                          scaleFactor="false"
                          parentProperty="ElasticDependencyControl"
                          parentPropertyValToBeSensitive="3,4,5,6">
                  <DefaultValue value="&valueEmpty;"/>
                  <LowerBound value="&minFloat;"
                        inclusive="true"/>
                  <UpperBound value="&maxFloat;"
                        inclusive="true"/>
                  <FieldDefn nDomains="1">
                    <Domain type="&DomainConstant;"/>
                  </FieldDefn>
                </Property>
                <Property name="Temperature Dependent Thermal Expansion Coefficient (A)"
                          neutralName="ThermalExpansionTemperature"
                          valueType="scalarField"
                          Dimensions="&MeasureThermExpansion;"
                          scaleFactor="true"
                          valueSubtype="&scalarFieldCompactDisplay;"
                          parentProperty="ElasticDependencyControl"
                          parentPropertyValToBeSensitive="4,6">
                  <DefaultValue value="&valueEmpty;"/>
                  <LowerBound value="&minFloat;"
                              inclusive="true"/>
                  <UpperBound value="&maxFloat;"
                              inclusive="true"/>
                  <FieldDefn nDomains="1">
                    <Domain type="&DomainTemperature;"/>
                  </FieldDefn>
                </Property>

                <Property name="Thermal Expansion Coefficient (A)"
                          neutralName="ThermalExpansion"
                          valueType="scalarField"
                          Dimensions="&MeasureThermExpansion;"
                          scaleFactor="false"
                          parentProperty="ElasticDependencyControl"
                          parentPropertyValToBeSensitive="0">
                    <DefaultValue value="&valueEmpty;"/>
                    <LowerBound value="&minFloat;"
                                inclusive="true"/>
                    <UpperBound value="&maxFloat;"
                                inclusive="true"/>
                    <FieldDefn nDomains="2">
                        <Domain type="&DomainConstant;"/>
                        <Domain type="&DomainTemperature;"/>
                    </FieldDefn>
                </Property>


                <Property name="Thermal Expansion Coefficient (A2)"
                          neutralName="ThermalExpansion2"
                          valueType="scalarField"
                          Dimensions="&MeasureThermExpansion;"
                          parentProperty="ElasticDependencyControl"
                          parentPropertyValToBeSensitive="0"
                          scaleFactor="false" >
                    <DefaultValue value="&valueEmpty;"/>
                    <LowerBound value="&minFloat;"
                                inclusive="true"/>
                    <UpperBound value="&maxFloat;"
                                inclusive="true"/>
                    <FieldDefn nDomains="2">
                        <Domain type="&DomainConstant;"/>
                        <Domain type="&DomainTemperature;"/>
                    </FieldDefn>
                </Property>
                <Property name="Thermal Expansion Coefficient (A3)"
                          neutralName="ThermalExpansion3"
                          valueType="scalarField"
                          Dimensions="&MeasureThermExpansion;"
                          parentProperty="ElasticDependencyControl"
                          parentPropertyValToBeSensitive="0"
                          scaleFactor="false" >
                    <DefaultValue value="&valueEmpty;"/>
                    <LowerBound value="&minFloat;"
                                inclusive="true"/>
                    <UpperBound value="&maxFloat;"
                                inclusive="true"/>
                    <FieldDefn nDomains="2">
                        <Domain type="&DomainConstant;"/>
                        <Domain type="&DomainTemperature;"/>
                    </FieldDefn>
                </Property>

                <!--Shinan: Dummy property to align the widgets-->
                <Property name=""
                            neutralName="ThermalExpansionCoefficientControl2"
                            valueType="enum"
                            valueChoices="&Choice;None=0"
                            visible="false"
                            editable="false">
                    <DefaultValue value= "0"/>
                </Property>

                <Property name="Thermal Expansion Coefficient (A4)"
                          neutralName="ThermalExpansion4"
                          valueType="scalarField"
                          Dimensions="&MeasureThermExpansion;"
                          parentProperty="ElasticDependencyControl"
                          parentPropertyValToBeSensitive="0"
                          scaleFactor="false" >
                    <DefaultValue value="&valueEmpty;"/>
                    <LowerBound value="&minFloat;"
                                inclusive="true"/>
                    <UpperBound value="&maxFloat;"
                                inclusive="true"/>
                    <FieldDefn nDomains="2">
                        <Domain type="&DomainConstant;"/>
                        <Domain type="&DomainTemperature;"/>
                    </FieldDefn>
                </Property>
                <Property name="Thermal Expansion Coefficient (A5)"
                          neutralName="ThermalExpansion5"
                          valueType="scalarField"
                          Dimensions="&MeasureThermExpansion;"
                          parentProperty="ElasticDependencyControl"
                          parentPropertyValToBeSensitive="0"
                          scaleFactor="false" >
                    <DefaultValue value="&valueEmpty;"/>
                    <LowerBound value="&minFloat;"
                                inclusive="true"/>
                    <UpperBound value="&maxFloat;"
                                inclusive="true"/>
                    <FieldDefn nDomains="2">
                        <Domain type="&DomainConstant;"/>
                        <Domain type="&DomainTemperature;"/>
                    </FieldDefn>
                </Property>
                <Property name="Thermal Expansion Coefficient (A6)"
                          neutralName="ThermalExpansion6"
                          valueType="scalarField"
                          Dimensions="&MeasureThermExpansion;"
                          parentProperty="ElasticDependencyControl"
                          parentPropertyValToBeSensitive="0"
                          scaleFactor="false" >
                    <DefaultValue value="&valueEmpty;"/>
                    <LowerBound value="&minFloat;"
                                inclusive="true"/>
                    <UpperBound value="&maxFloat;"
                                inclusive="true"/>
                    <FieldDefn nDomains="2">
                        <Domain type="&DomainConstant;"/>
                        <Domain type="&DomainTemperature;"/>
                    </FieldDefn>
                </Property>

                <Property name="Austenite Mean Thermal Expansion (AA)"
                          neutralName="ThermalExpansionA"
                          valueType="scalarField"
                          Dimensions="&MeasureThermExpansion;"
                          parentProperty="ElasticDependencyControl"
                          parentPropertyValToBeSensitive="0"
                          scaleFactor="false" >
                  <DefaultValue value="&valueZero;"/>
                  <LowerBound value="&minFloat;"
                              inclusive="true"/>
                  <UpperBound value="&maxFloat;"
                              inclusive="true"/>
                  <FieldDefn nDomains="2">
                    <Domain type="&DomainConstant;"/>
                    <Domain type="&DomainTemperature;"/>
                  </FieldDefn>
                </Property>

                <Property name="Thermal Expansion Coefficient (A)"
                          neutralName="ThermalExpansionTX"
                          valueType="scalarField"
                          Dimensions="&MeasureThermExpansion;"
                          scaleFactor="false"
                          parentProperty="ElasticDependencyControl"
                          parentPropertyValToBeSensitive="2">
                  <DefaultValue value="&valueEmpty;"/>
                  <LowerBound value="&minFloat;"
                              inclusive="true"/>
                  <UpperBound value="&maxFloat;"
                              inclusive="true"/>
                  &fieldtempdoc;
                </Property>


                <Property name="Thermal Expansion Coefficient (A1)"
                          neutralName="MatrixThermalExpansionTXTg"
                          valueType="scalarField"
                          Dimensions="&MeasureThermExpansion;"
                          parentProperty="ElasticDependencyControl"
                          parentPropertyValToBeSensitive="1"
                          scaleFactor="false">
                  <DefaultValue value="&valueEmpty;"/>
                  <LowerBound value="&minFloat;"
                              inclusive="true"/>
                  <UpperBound value="&maxFloat;"
                              inclusive="true"/>
                  &fieldtempdoctg;
                </Property>
                <Property name="Thermal Expansion Coefficient (A2)"
                          neutralName="MatrixThermalExpansionTXTg2"
                          valueType="scalarField"
                          Dimensions="&MeasureThermExpansion;"
                          parentProperty="ElasticDependencyControl"
                          parentPropertyValToBeSensitive="1"
                          scaleFactor="false">
                  <DefaultValue value="&valueEmpty;"/>
                  <LowerBound value="&minFloat;"
                              inclusive="true"/>
                  <UpperBound value="&maxFloat;"
                              inclusive="true"/>
                  &fieldtempdoctg;
                </Property>
                <Property name="Thermal Expansion Coefficient (A3)"
                          neutralName="MatrixThermalExpansionTXTg3"
                          valueType="scalarField"
                          Dimensions="&MeasureThermExpansion;"
                          parentProperty="ElasticDependencyControl"
                          parentPropertyValToBeSensitive="1"
                          scaleFactor="false">
                  <DefaultValue value="&valueEmpty;"/>
                  <LowerBound value="&minFloat;"
                              inclusive="true"/>
                  <UpperBound value="&maxFloat;"
                              inclusive="true"/>
                  &fieldtempdoctg;
                </Property>











                
