
{"title":"AeroRibGuideCurve_Output", "psId":15, "units":2, "bboxMin":[-400,-500,-150], "bboxMax":[400,500,199.995], "hasXT":true, "hasPMI":true, "version":8.150181130, "children": [
	{"title":"AeroRibGuideCurve_WF", "fileRef":"0.bod", "psId":289, "units":2, "bboxMin":[-250,-400,-84.6005], "bboxMax":[250,300,0]},
	{"title":"AeroRibGuideCurve_1969", "fileRef":"1.bod", "psId":479, "units":2, "bboxMin":[-400,-500,-150], "bboxMax":[400,500,0]},
	{"title":"AeroRibGuideCurve_103724", "fileRef":"2.bod", "psId":610, "units":2, "bboxMin":[-250,-490.183,-84.601], "bboxMax":[250,313.979,199.995]}
]}