{"properties":[
	{"psId":15,  "values":{
		"DefaultModelViewNGID":"\\0\\0",
		"CAD Source::":"NX",
		"JT_PMI_CONTENT_HINT":"VisiblePMI,ModelViews,EmptyModelViews",
		"CAD_PARTNAME::":"DraftPartingFace_Input",
		"Name::":"DraftPartingFace_Input",
		"DefaultModelViewCADTag":"58"
	}},
	{"psId":1135,  "values":{
		"textColour":"0x00000000",
		"units":"1",
		"originAnchor":"4",
		"Text[0].Item[0].string":"Parting Face",
		"font":"Arial",
		"allAround":"0",
		"LIVE_HELP[0]_Display":"UGS::UICOMP_draft->partingReference"
	}},
	{"psId":1136,  "values":{
		"textColour":"0x00000000",
		"Text[0].Item[1].string":"/n",
		"units":"1",
		"originAnchor":"4",
		"Text[0].Item[0].string":"Draw Direction",
		"font":"Arial",
		"allAround":"0",
		"LIVE_HELP[0]_Display":"UGS::UICOMP_draft->vector->constructor->vectorInferred->inferredObjects"
	}},
	{"psId":1137,  "values":{
		"textColour":"0x00000000",
		"units":"1",
		"originAnchor":"4",
		"Text[0].Item[0].string":"Draft Faces",
		"font":"Arial",
		"allAround":"0",
		"LIVE_HELP[0]_Display":"UGS::UICOMP_draft->faceList->list->instances[0]->sel"
	}},
	{"psId":287,  "values":{
		"Angular":"20.000000 0.000000 0.000000",
		"_nTrisLODs":"3::2::2::2",
		"BSphereCoverageFractionMax":"0.545492",
		"Translator Version::":"NX 1872",
		"AdvCompressLODLevel::":"0.000000 0.500000 1.000000 ",
		"Translation Date::":"2019 1 19 13 42 6",
		"SegLength":"0.000000 0.000000 0.000000",
		"SUBNODE":"1",
		"CAD Source::":"NX",
		"Chordal":"0.000103 0.000362 0.001034",
		"JT_PMI_CONTENT_HINT":"none",
		"Name::":"Draft from Parting Face_35650",
		"PMI_TYPE_TABLE":"                        4.Spot Weld,                        8.Line Weld,                        10.Groove Weld,                        11.Fillet Weld,                        12.Plug/Slot Weld,                        14.Edge Weld,                        18.Arc Spot Weld,                        20.Resistance Spot Weld,                        21.Resistance Seam Weld,                        22.Bead Weld,                        24.Tape Weld,                        28.Dollop Weld,                        40.Clinch Weld,                        41.Surface Finish,                        42.Measurement Point,                        44.Datum Locator,                        48.Certification Point,                        81.Feature Control Frame,                        82.Dimension,                        84.Datum Feature Symbol,                        88.Datum Target,                        100.Note,                        101.Face Attribute,                        104.Coordinate System,                        108.Reference Geometry,                        110.Reference Point,                        111.Reference Axis,                        112.Reference Plane,                        114.User Defined,                        118.Measurement Locator,                        120.Datum Point,                        121.Surface Vector,                         122.Hole/Slot/Stud Vector,                        124.Trim Vector,                        128.Hem Vector,                        231.Material Specification,                        232.Process Specification,                        233.Part Specification,                        235.Balloon Note,                        239.Coordinate Note,                        242.Cutting Plane Symbol,                        244.eMarking Note,                        245.Organisation Note,                        246.Region,                         777.Weld Labels,                        306.Centerline,                        309.Weld Note,                        311.Table,                         781.Callout Dimension,                        783.Chamfer Dimension,                        8001.Thread Feature,                        8002.Arc Weld,                        8003.Weld Datum,                        8004.Discrete Join,                        8005.Resistance Weld,                        8006.Continuous Join,                        8007.Adhessive Fill,                        8008.Surface Weld,                        8009.Measurement Locator,                        800A.Group Weld",
		"JT_PROP_ORIGINATING_BREPTYPE":"XTBrep",
		"JT_PROP_MEASUREMENT_UNITS::":"millimeters"
	}},
	{"psId":383,  "values":{
		"_nTrisLODs":"3::716::406::264",
		"Translator Version::":"NX 1872",
		"BSphereCoverageFractionMax":"0.266916",
		"SegLength":"0.000000 0.000000 0.000000",
		"CAD Source::":"NX",
		"AdvCompressLODLevel::":"0.000000 0.500000 1.000000 ",
		"Chordal":"0.000103 0.000362 0.001034",
		"JT_PMI_CONTENT_HINT":"none",
		"PMI_TYPE_TABLE":"                        4.Spot Weld,                        8.Line Weld,                        10.Groove Weld,                        11.Fillet Weld,                        12.Plug/Slot Weld,                        14.Edge Weld,                        18.Arc Spot Weld,                        20.Resistance Spot Weld,                        21.Resistance Seam Weld,                        22.Bead Weld,                        24.Tape Weld,                        28.Dollop Weld,                        40.Clinch Weld,                        41.Surface Finish,                        42.Measurement Point,                        44.Datum Locator,                        48.Certification Point,                        81.Feature Control Frame,                        82.Dimension,                        84.Datum Feature Symbol,                        88.Datum Target,                        100.Note,                        101.Face Attribute,                        104.Coordinate System,                        108.Reference Geometry,                        110.Reference Point,                        111.Reference Axis,                        112.Reference Plane,                        114.User Defined,                        118.Measurement Locator,                        120.Datum Point,                        121.Surface Vector,                         122.Hole/Slot/Stud Vector,                        124.Trim Vector,                        128.Hem Vector,                        231.Material Specification,                        232.Process Specification,                        233.Part Specification,                        235.Balloon Note,                        239.Coordinate Note,                        242.Cutting Plane Symbol,                        244.eMarking Note,                        245.Organisation Note,                        246.Region,                         777.Weld Labels,                        306.Centerline,                        309.Weld Note,                        311.Table,                         781.Callout Dimension,                        783.Chamfer Dimension,                        8001.Thread Feature,                        8002.Arc Weld,                        8003.Weld Datum,                        8004.Discrete Join,                        8005.Resistance Weld,                        8006.Continuous Join,                        8007.Adhessive Fill,                        8008.Surface Weld,                        8009.Measurement Locator,                        800A.Group Weld",
		"Name::":"Draft from Parting Face_36204",
		"JT_PROP_ORIGINATING_BREPTYPE":"XTBrep",
		"Angular":"20.000000 0.000000 0.000000",
		"JT_PROP_MEASUREMENT_UNITS::":"millimeters",
		"SUBNODE":"1",
		"Translation Date::":"2019 1 19 13 42 6"
	}},
	{"psId":974,  "values":{
		"Angular":"20.000000 0.000000 0.000000",
		"_nTrisLODs":"3::144::72::38",
		"BSphereCoverageFractionMax":"0.0820973",
		"Translator Version::":"NX 1872",
		"AdvCompressLODLevel::":"0.000000 0.500000 1.000000 ",
		"Translation Date::":"2019 1 19 13 42 6",
		"SegLength":"0.000000 0.000000 0.000000",
		"SUBNODE":"1",
		"CAD Source::":"NX",
		"Chordal":"0.000015 0.000053 0.000153",
		"JT_PMI_CONTENT_HINT":"none",
		"Name::":"Draft from Parting Face_40090",
		"PMI_TYPE_TABLE":"                        4.Spot Weld,                        8.Line Weld,                        10.Groove Weld,                        11.Fillet Weld,                        12.Plug/Slot Weld,                        14.Edge Weld,                        18.Arc Spot Weld,                        20.Resistance Spot Weld,                        21.Resistance Seam Weld,                        22.Bead Weld,                        24.Tape Weld,                        28.Dollop Weld,                        40.Clinch Weld,                        41.Surface Finish,                        42.Measurement Point,                        44.Datum Locator,                        48.Certification Point,                        81.Feature Control Frame,                        82.Dimension,                        84.Datum Feature Symbol,                        88.Datum Target,                        100.Note,                        101.Face Attribute,                        104.Coordinate System,                        108.Reference Geometry,                        110.Reference Point,                        111.Reference Axis,                        112.Reference Plane,                        114.User Defined,                        118.Measurement Locator,                        120.Datum Point,                        121.Surface Vector,                         122.Hole/Slot/Stud Vector,                        124.Trim Vector,                        128.Hem Vector,                        231.Material Specification,                        232.Process Specification,                        233.Part Specification,                        235.Balloon Note,                        239.Coordinate Note,                        242.Cutting Plane Symbol,                        244.eMarking Note,                        245.Organisation Note,                        246.Region,                         777.Weld Labels,                        306.Centerline,                        309.Weld Note,                        311.Table,                         781.Callout Dimension,                        783.Chamfer Dimension,                        8001.Thread Feature,                        8002.Arc Weld,                        8003.Weld Datum,                        8004.Discrete Join,                        8005.Resistance Weld,                        8006.Continuous Join,                        8007.Adhessive Fill,                        8008.Surface Weld,                        8009.Measurement Locator,                        800A.Group Weld",
		"JT_PROP_ORIGINATING_BREPTYPE":"XTBrep",
		"JT_PROP_MEASUREMENT_UNITS::":"millimeters"
	}}
]}
