{"title":"PMI Root", "children":[
	{"title":"PMI", "children":[
		{"title":"AeroRibGuideCurve", "psId":15, "units":2, "children":[
			{"title":"Note", "children":[
				{"title":"Label (24)", "fileRef":"Label%20(24).bod", "psId":615, "bboxMin":[44.296818,-706.439270,-84.600517], "bboxMax":[44.296818,-400.000000,64.819916], "frame":[44.2968,-920,20.4304,44.2968,-920,21.4304,44.2968,-919,20.4304], "textIdx":[2]},
				{"title":"Label (10)", "fileRef":"Label%20(10).bod", "psId":616, "bboxMin":[290.013428,-664.559998,-99.314751], "bboxMax":[290.013428,-427.348450,-26.784208], "frame":[290.013,-750,-26.7842,290.013,-750,-25.7842,290.013,-749,-26.7842], "textIdx":[2], "xtIds":["479|1973","479|1974"]}
			]}
		]}
	]},
	{"title":"Model Views", "children":[
		{"title":"AeroRibGuideCurve", "psId":15, "units":2, "children":[
			{"title":"_Top_", "psId":617, "pmiIds":[648], "excPartIds":["289"], "bgColor":"0x00ffffff", "edgeType":0, "cameraType":1, "camera":[0.000000,0.000000,1606.453857,0.000000,0.000000,-1.000000,0.000000,0.000000,0.000000,0.000000]},
			{"title":"_Front_", "psId":618, "pmiIds":[648], "excPartIds":["289"], "bgColor":"0x00ffffff", "edgeType":0, "cameraType":1, "camera":[0.000000,-1112.244873,-74.584526,0.000000,1.000000,0.000000,3.141593,0.000000,0.000000,-74.584526]},
			{"title":"_Right_", "psId":619, "pmiIds":[648], "excPartIds":["289"], "bgColor":"0x00ffffff", "edgeType":0, "cameraType":1, "camera":[1390.306152,0.000000,-74.584526,-1.000000,0.000000,0.000000,1.570796,0.000000,0.000000,-74.584526]},
			{"title":"_Back_", "psId":620, "pmiIds":[648], "excPartIds":["289"], "bgColor":"0x00ffffff", "edgeType":0, "cameraType":1, "camera":[-0.000000,1112.244873,-74.584526,0.000000,-1.000000,0.000000,0.000000,-0.000000,0.000000,-74.584526]},
			{"title":"_Bottom_", "psId":621, "pmiIds":[648], "excPartIds":["289"], "bgColor":"0x00ffffff", "edgeType":0, "cameraType":1, "camera":[0.000000,0.000000,-1606.453857,0.000000,0.000000,1.000000,3.141593,0.000000,0.000000,0.000000]},
			{"title":"_Left_", "psId":622, "pmiIds":[648], "excPartIds":["289"], "bgColor":"0x00ffffff", "edgeType":0, "cameraType":1, "camera":[-1390.306152,-0.000000,-74.584526,1.000000,0.000000,0.000000,4.712389,0.000000,-0.000000,-74.584526]},
			{"title":"_Isometric_", "psId":623, "pmiIds":[648], "excPartIds":["289"], "bgColor":"0x00ffffff", "edgeType":0, "cameraType":1, "camera":[1046.523682,-1046.523682,971.939148,-0.577350,0.577350,-0.577350,1.047198,24.861507,-24.861507,-49.723015]},
			{"title":"_Trimetric_", "psId":624, "pmiIds":[615,616,648], "excPartIds":["289"], "edgeType":0, "cameraType":0, "camera":[2356.880371,-2044.113403,1197.062256,-0.718873,0.585049,-0.375419,1.274272,-14.819562,-113.926010,-41.517693]}
		]}
	]}
]}
