
{"title":"AeroFlangeGuideFace2_Output", "psId":15, "units":2, "bboxMin":[-250,-599.909,-262.979], "bboxMax":[250,550,250], "hasXT":true, "hasPMI":true, "version":8.150181130, "children": [
	{"title":"AeroFlangeGuideFace2_1969", "fileRef":"0.bod", "psId":289, "units":2, "bboxMin":[-250,-500,-150], "bboxMax":[250,500,0]},
	{"title":"AeroFlangeGuideFace2_88819", "fileRef":"1.bod", "psId":421, "units":2, "bboxMin":[0,-550,-250], "bboxMax":[0,550,250]},
	{"title":"AeroFlangeGuideFace2_103419", "fileRef":"2.bod", "psId":518, "units":2, "bboxMin":[-15,-599.909,-262.979], "bboxMax":[15,517.489,149.997]}
]}