
{"title":"Draft Body Fill to Plane", "psId":15, "units":2, "bboxMin":[-65,-15,-25], "bboxMax":[65,165,52.4421], "hasXT":true, "hasPMI":true, "version":8.150181130, "children": [
	{"title":"Draft Body Fill to Plane_4163", "fileRef":"0.bod", "psId":289, "units":2, "bboxMin":[-49.1195,-9.09997,-25], "bboxMax":[49.3478,150.913,52.4421]},
	{"title":"Draft Body Fill to Plane_17020", "fileRef":"1.bod", "psId":673, "units":2, "bboxMin":[-3,-3,-25], "bboxMax":[3,3,15]},
	{"title":"Draft Body Fill to Plane_21558", "fileRef":"2.bod", "psId":811, "units":2, "bboxMin":[-65,-15,-25], "bboxMax":[65,165,-5]}
]}