{"title":"PMI Root", "children":[
	{"title":"PMI", "children":[
		{"title":"AeroRibMultiFromLayout_Output", "psId":15, "units":2, "children":[
			{"title":"Dimension", "children":[
				{"title":"Linear Dimension (7)", "fileRef":"Linear%20Dimension%20(7).bod", "psId":2031, "bboxMin":[120.000000,-146.064423,-236.131088], "bboxMax":[345.000000,-105.169785,142.142502], "frame":[270,-115.752,-138.246,269,-115.752,-138.246,270,-115.859,-137.252], "textIdx":[2], "xtIds":["1048|74725"]},
				{"title":"Linear Dimension (8)", "fileRef":"Linear%20Dimension%20(8).bod", "psId":2032, "bboxMin":[120.000000,-278.765900,142.142502], "bboxMax":[120.000000,252.454239,264.073090], "frame":[120,93.2629,297.154,120,93.1554,298.149,120,94.2571,297.262], "textIdx":[2], "xtIds":["1048|74725","1048|74782"]}
			]},
			{"title":"Note", "children":[
				{"title":"Label (6)", "fileRef":"Label%20(6).bod", "psId":2029, "bboxMin":[-51.830006,-566.439270,141.036728], "bboxMax":[-51.830006,-360.000000,240.000000], "frame":[-51.83,-780,96.6472,-51.83,-780,97.6472,-51.83,-779,96.6472], "textIdx":[2]},
				{"title":"Label (4)", "fileRef":"Label%20(4).bod", "psId":2030, "bboxMin":[-106.665627,-604.559998,-90.588402], "bboxMax":[-106.665627,-411.546783,-4.745165], "frame":[-106.666,-690,-49.1347,-106.666,-690,-48.1347,-106.666,-689,-49.1347], "textIdx":[2], "xtIds":["427|1973","427|1974"]}
			]}
		]}
	]},
	{"title":"Model Views", "children":[
		{"title":"AeroRibMultiFromLayout_Output", "psId":15, "units":2, "children":[
			{"title":"_Top_", "psId":2033, "pmiIds":[2078], "excPartIds":["289"], "bgColor":"0x00ffffff", "edgeType":0, "cameraType":1, "camera":[0.000000,0.000000,1606.453857,0.000000,0.000000,-1.000000,0.000000,0.000000,0.000000,0.000000]},
			{"title":"_Front_", "psId":2034, "pmiIds":[2078], "excPartIds":["289"], "bgColor":"0x00ffffff", "edgeType":0, "cameraType":1, "camera":[0.000000,-626.516968,45.000000,0.000000,1.000000,0.000000,3.141593,0.000000,0.000000,45.000000]},
			{"title":"_Right_", "psId":2035, "pmiIds":[2078], "excPartIds":["289"], "bgColor":"0x00ffffff", "edgeType":0, "cameraType":1, "camera":[893.677979,0.000000,45.000000,-1.000000,0.000000,0.000000,1.570796,0.000000,0.000000,45.000000]},
			{"title":"_Back_", "psId":2036, "pmiIds":[2078], "excPartIds":["289"], "bgColor":"0x00ffffff", "edgeType":0, "cameraType":1, "camera":[0.000000,626.516968,45.000000,0.000000,-1.000000,0.000000,0.000000,0.000000,0.000000,45.000000]},
			{"title":"_Bottom_", "psId":2037, "pmiIds":[2078], "excPartIds":["289"], "bgColor":"0x00ffffff", "edgeType":0, "cameraType":1, "camera":[0.000000,0.000000,-1606.453857,0.000000,0.000000,1.000000,3.141593,0.000000,0.000000,0.000000]},
			{"title":"_Left_", "psId":2038, "pmiIds":[2078], "excPartIds":["289"], "bgColor":"0x00ffffff", "edgeType":0, "cameraType":1, "camera":[-893.677979,0.000000,45.000000,1.000000,0.000000,0.000000,4.712389,0.000000,0.000000,45.000000]},
			{"title":"_Isometric_", "psId":2039, "pmiIds":[2078], "excPartIds":["289"], "bgColor":"0x00ffffff", "edgeType":0, "cameraType":1, "camera":[745.477112,-745.477112,735.477112,-0.577350,0.577350,-0.577350,1.047198,3.333333,-3.333333,-6.666667]},
			{"title":"_Trimetric_", "psId":2040, "pmiIds":[2029,2030,2031,2032,2078], "excPartIds":["289"], "bgColor":"0x00ffffff", "edgeType":0, "cameraType":1, "camera":[750.189087,-787.021790,436.064941,-0.718873,0.585049,-0.375419,1.274272,-86.179443,-106.350548,-0.714288]}
		]}
	]}
]}
