{"title":"PMI Root", "children":[
	{"title":"PMI", "children":[
		{"title":"VariOffsetPanel1_Output", "psId":15, "units":2, "children":[
			{"title":"Note", "children":[
				{"title":"Note (15)", "fileRef":"Note%20(15).bod", "psId":639, "frame":[-60,200,70,-60.2912,200.237,70.9269,-59.3688,200.776,70], "textIdx":[0]}
			]}
		]}
	]},
	{"title":"Model Views", "children":[
		{"title":"VariOffsetPanel1_Output", "psId":15, "units":2, "children":[
			{"title":"_Top_", "psId":640, "pmiIds":[665], "excPartIds":["287"], "bgColor":"0x00ffffff", "edgeType":0, "cameraType":1, "camera":[0.000000,100.000000,321.290771,0.000000,0.000000,-1.000000,0.000000,0.000000,100.000000,0.000000]},
			{"title":"_Front_", "psId":641, "pmiIds":[665], "excPartIds":["287"], "bgColor":"0x00ffffff", "edgeType":0, "cameraType":1, "camera":[0.000000,-142.988480,35.000000,0.000000,1.000000,0.000000,3.141593,0.000000,0.000000,35.000000]},
			{"title":"_Right_", "psId":642, "pmiIds":[665], "excPartIds":["287"], "bgColor":"0x00ffffff", "edgeType":0, "cameraType":1, "camera":[178.735596,100.000000,35.000000,-1.000000,0.000000,0.000000,1.570796,0.000000,100.000000,35.000000]},
			{"title":"_Back_", "psId":643, "pmiIds":[665], "excPartIds":["287"], "bgColor":"0x00ffffff", "edgeType":0, "cameraType":1, "camera":[0.000000,142.988480,35.000000,0.000000,-1.000000,0.000000,0.000000,0.000000,0.000000,35.000000]},
			{"title":"_Bottom_", "psId":644, "pmiIds":[665], "excPartIds":["287"], "bgColor":"0x00ffffff", "edgeType":0, "cameraType":1, "camera":[0.000000,100.000000,-321.290771,0.000000,0.000000,1.000000,3.141593,0.000000,100.000000,-0.000000]},
			{"title":"_Left_", "psId":645, "pmiIds":[665], "excPartIds":["287"], "bgColor":"0x00ffffff", "edgeType":0, "cameraType":1, "camera":[-178.735596,100.000000,35.000000,1.000000,0.000000,0.000000,4.712389,0.000000,100.000000,35.000000]},
			{"title":"_Isometric_", "psId":646, "pmiIds":[665], "excPartIds":["287"], "bgColor":"0x00ffffff", "edgeType":0, "cameraType":1, "camera":[195.843277,-95.843269,230.843277,-0.577350,0.577350,-0.577350,1.047198,21.666666,78.333336,56.666668]},
			{"title":"_Trimetric_", "psId":647, "pmiIds":[639,665], "excPartIds":["287"], "edgeType":0, "cameraType":0, "camera":[504.253571,-343.594360,277.002136,-0.718873,0.585049,-0.375419,1.274272,-27.291286,88.998787,-0.588116]}
		]}
	]}
]}
