{"title":"PMI Root", "children":[
	{"title":"PMI", "children":[
		{"title":"AeroFlangeGuideCurve_Input", "psId":15, "units":2, "children":[
			{"title":"Note", "children":[
				{"title":"Label (24)", "fileRef":"Label%20(24).bod", "psId":616, "bboxMin":[44.296818,-606.439270,-61.934361], "bboxMax":[44.296818,-350.000000,77.817551], "frame":[44.2968,-820,33.4281,44.2968,-820,34.4281,44.2968,-819,33.4281], "textIdx":[2]},
				{"title":"Label (10)", "fileRef":"Label%20(10).bod", "psId":617, "bboxMin":[-440.000000,-529.386658,-55.994957], "bboxMax":[-440.000000,-334.867706,63.682617], "frame":[-440,-614.827,63.6826,-440,-614.827,64.6826,-440,-613.827,63.6826], "textIdx":[2], "xtIds":["479|1973","479|1974","479|1986"]}
			]}
		]}
	]},
	{"title":"Model Views", "children":[
		{"title":"AeroFlangeGuideCurve_Input", "psId":15, "units":2, "children":[
			{"title":"_Top_", "psId":618, "pmiIds":[649], "excPartIds":["289"], "bgColor":"0x00ffffff", "edgeType":0, "cameraType":1, "camera":[0.000000,0.000000,1606.453857,0.000000,0.000000,-1.000000,0.000000,0.000000,0.000000,0.000000]},
			{"title":"_Front_", "psId":619, "pmiIds":[649], "excPartIds":["289"], "bgColor":"0x00ffffff", "edgeType":0, "cameraType":1, "camera":[0.000000,-786.436584,-74.584526,0.000000,1.000000,0.000000,3.141593,0.000000,0.000000,-74.584526]},
			{"title":"_Right_", "psId":620, "pmiIds":[649], "excPartIds":["289"], "bgColor":"0x00ffffff", "edgeType":0, "cameraType":1, "camera":[893.677979,0.000000,-74.584526,-1.000000,0.000000,0.000000,1.570796,0.000000,0.000000,-74.584526]},
			{"title":"_Back_", "psId":621, "pmiIds":[649], "excPartIds":["289"], "bgColor":"0x00ffffff", "edgeType":0, "cameraType":1, "camera":[-0.000000,786.436584,-74.584526,0.000000,-1.000000,0.000000,0.000000,-0.000000,0.000000,-74.584526]},
			{"title":"_Bottom_", "psId":622, "pmiIds":[649], "excPartIds":["289"], "bgColor":"0x00ffffff", "edgeType":0, "cameraType":1, "camera":[0.000000,0.000000,-1606.453857,0.000000,0.000000,1.000000,3.141593,0.000000,0.000000,0.000000]},
			{"title":"_Left_", "psId":623, "pmiIds":[649], "excPartIds":["289"], "bgColor":"0x00ffffff", "edgeType":0, "cameraType":1, "camera":[-893.677979,-0.000000,-74.584526,1.000000,0.000000,0.000000,4.712389,0.000000,-0.000000,-74.584526]},
			{"title":"_Isometric_", "psId":624, "pmiIds":[649], "excPartIds":["289"], "bgColor":"0x00ffffff", "edgeType":0, "cameraType":1, "camera":[850.936462,-850.936462,776.351929,-0.577350,0.577350,-0.577350,1.047198,24.861507,-24.861507,-49.723015]},
			{"title":"_Trimetric_", "psId":625, "pmiIds":[616,617,649], "excPartIds":["289"], "bgColor":"0x00ffffff", "edgeType":0, "cameraType":1, "camera":[1132.130371,-881.923096,437.696136,-0.718873,0.585049,-0.375419,1.274272,58.029411,-7.775325,-123.234825]}
		]}
	]}
]}
