{"title":"PMI Root", "children":[
	{"title":"PMI", "children":[
		{"title":"ThroughCurvesArcLengthAlignment_Output", "psId":15, "units":2, "children":[
			{"title":"Note", "children":[
				{"title":"Label (6)", "fileRef":"Label%20(6).bod", "psId":557, "bboxMin":[-9.872697,46.924614,36.653473], "bboxMax":[21.894747,50.000000,66.699402], "frame":[-50.0958,46.9246,49.312,-50.0958,46.9246,50.312,-49.0958,46.9246,49.312], "textIdx":[2]}
			]}
		]}
	]},
	{"title":"Model Views", "children":[
		{"title":"ThroughCurvesArcLengthAlignment_Output", "psId":15, "units":2, "children":[
			{"title":"_Top_", "psId":558, "pmiIds":[583], "excPartIds":["287"], "bgColor":"0x00ffffff", "edgeType":0, "cameraType":1, "camera":[40.000000,50.000000,271.032990,0.000000,0.000000,-1.000000,0.000000,40.000000,50.000000,0.000000]},
			{"title":"_Front_", "psId":559, "pmiIds":[583], "excPartIds":["287"], "bgColor":"0x00ffffff", "edgeType":0, "cameraType":1, "camera":[40.000000,-271.032990,20.000000,0.000000,1.000000,0.000000,3.141593,40.000000,0.000000,20.000000]},
			{"title":"_Right_", "psId":560, "pmiIds":[583], "excPartIds":["287"], "bgColor":"0x00ffffff", "edgeType":0, "cameraType":1, "camera":[338.791229,50.000000,20.000000,-1.000000,0.000000,0.000000,1.570796,0.000000,50.000000,20.000000]},
			{"title":"_Back_", "psId":561, "pmiIds":[583], "excPartIds":["287"], "bgColor":"0x00ffffff", "edgeType":0, "cameraType":1, "camera":[40.000000,271.032990,20.000000,0.000000,-1.000000,0.000000,0.000000,40.000000,0.000000,20.000000]},
			{"title":"_Bottom_", "psId":562, "pmiIds":[583], "excPartIds":["287"], "bgColor":"0x00ffffff", "edgeType":0, "cameraType":1, "camera":[40.000000,50.000000,-271.032990,0.000000,0.000000,1.000000,3.141593,40.000000,50.000000,-0.000000]},
			{"title":"_Left_", "psId":563, "pmiIds":[583], "excPartIds":["287"], "bgColor":"0x00ffffff", "edgeType":0, "cameraType":1, "camera":[-338.791229,50.000000,20.000000,1.000000,0.000000,0.000000,4.712389,0.000000,50.000000,20.000000]},
			{"title":"_Isometric_", "psId":564, "pmiIds":[583], "excPartIds":["287"], "bgColor":"0x00ffffff", "edgeType":0, "cameraType":1, "camera":[285.626373,-195.626373,265.626373,-0.577350,0.577350,-0.577350,1.047198,36.666668,53.333332,16.666666]},
			{"title":"_Trimetric_", "psId":565, "pmiIds":[557,583], "excPartIds":["287"], "bgColor":"0x00ffffff", "edgeType":0, "cameraType":1, "camera":[548.379150,-358.037109,295.902710,-0.718873,0.585049,-0.375419,1.274272,34.549023,60.139095,27.563669]}
		]}
	]}
]}
