
{"title":"SectionSurfaceCubicBridge_Output", "psId":15, "units":2, "bboxMin":[-20,-8.52651e-014,-3], "bboxMax":[70,120,40], "hasXT":true, "hasPMI":true, "version":8.150181130, "children": [
	{"title":"SectionSurf Circular Conic Cubic_WF", "fileRef":"0.bod", "psId":289, "units":2, "bboxMin":[0,-8.52651e-014,-5.68434e-014], "bboxMax":[50,120,40]},
	{"title":"SectionSurf Circular Conic Cubic_19042", "fileRef":"1.bod", "psId":393, "units":2, "bboxMin":[-3,0,-3], "bboxMax":[3,40,3]},
	{"title":"SectionSurf Circular Conic Cubic_26061", "fileRef":"2.bod", "psId":532, "units":2, "bboxMin":[0,0,1.66533e-013], "bboxMax":[50,100,40]},
	{"title":"SectionSurf Circular Conic Cubic_26860", "fileRef":"3.bod", "psId":628, "units":2, "bboxMin":[-20,0,40], "bboxMax":[0,100,40]},
	{"title":"SectionSurf Circular Conic Cubic_26946", "fileRef":"4.bod", "psId":725, "units":2, "bboxMin":[50,5.55112e-014,1.11022e-013], "bboxMax":[70,100,15]}
]}