{"title":"PMI Root", "children":[
	{"title":"PMI", "children":[
		{"title":"ThroughCurvesBezel_Input", "psId":15, "units":2, "children":[
			{"title":"Note", "children":[
				{"title":"Label (4)", "fileRef":"Label%20(4).bod", "psId":560, "bboxMin":[20.047855,100.000000,33.650230], "bboxMax":[20.047855,147.064804,60.405968], "frame":[20.0479,200,20.6096,20.0479,200,21.6096,20.0479,201,20.6096], "textIdx":[2]},
				{"title":"Label (2)", "fileRef":"Label%20(2).bod", "psId":561, "bboxMin":[-15.316277,80.000000,57.161125], "bboxMax":[-15.316277,137.064804,102.633644], "frame":[-15.3163,190,89.5931,-15.3163,190,90.5931,-15.3163,191,89.5931], "textIdx":[2]}
			]}
		]}
	]},
	{"title":"Model Views", "children":[
		{"title":"ThroughCurvesBezel_Input", "psId":15, "units":2, "children":[
			{"title":"_Top_", "psId":562, "pmiIds":[590], "excPartIds":["287"], "bgColor":"0x00ffffff", "edgeType":0, "cameraType":1, "camera":[5.764953,0.000000,321.290771,0.000000,0.000000,-1.000000,0.000000,5.764953,0.000000,0.000000]},
			{"title":"_Front_", "psId":563, "pmiIds":[590], "excPartIds":["287"], "bgColor":"0x00ffffff", "edgeType":0, "cameraType":1, "camera":[5.764953,-219.349091,58.283653,0.000000,1.000000,0.000000,3.141593,5.764953,0.000000,58.283653]},
			{"title":"_Right_", "psId":564, "pmiIds":[590], "excPartIds":["287"], "bgColor":"0x00ffffff", "edgeType":0, "cameraType":1, "camera":[581.713501,0.000000,58.283653,-1.000000,0.000000,0.000000,1.570796,0.000000,0.000000,58.283653]},
			{"title":"_Back_", "psId":565, "pmiIds":[590], "excPartIds":["287"], "bgColor":"0x00ffffff", "edgeType":0, "cameraType":1, "camera":[5.764953,219.349091,58.283653,0.000000,-1.000000,0.000000,0.000000,5.764953,0.000000,58.283653]},
			{"title":"_Bottom_", "psId":566, "pmiIds":[590], "excPartIds":["287"], "bgColor":"0x00ffffff", "edgeType":0, "cameraType":1, "camera":[5.764953,0.000000,-321.290771,0.000000,0.000000,1.000000,3.141593,5.764953,0.000000,-0.000000]},
			{"title":"_Left_", "psId":567, "pmiIds":[590], "excPartIds":["287"], "bgColor":"0x00ffffff", "edgeType":0, "cameraType":1, "camera":[-581.713501,0.000000,58.283653,1.000000,0.000000,0.000000,4.712389,0.000000,0.000000,58.283653]},
			{"title":"_Isometric_", "psId":568, "pmiIds":[590], "excPartIds":["287"], "bgColor":"0x00ffffff", "edgeType":0, "cameraType":1, "camera":[280.144379,-265.316528,324.790009,-0.577350,0.577350,-0.577350,1.047198,-9.939262,24.767118,34.706379]},
			{"title":"_Trimetric_", "psId":569, "pmiIds":[560,561,590], "excPartIds":["287"], "bgColor":"0x00ffffff", "edgeType":0, "cameraType":1, "camera":[611.258240,-420.506622,364.987396,-0.718873,0.585049,-0.375419,1.274272,20.015879,60.670822,56.221157]},
			{"title":"_Eric_", "psId":570, "pmiIds":[590], "excPartIds":["287"], "edgeType":0, "cameraType":0, "camera":[521.568726,-882.550598,58.283653,-0.500000,0.866025,0.000000,1.570796,12.821456,-1.374451,58.283653]}
		]}
	]}
]}
