{"properties":[
	{"psId":15,  "values":{
		"DefaultModelViewNGID":"\\0\\0",
		"CAD Source::":"NX",
		"JT_PMI_CONTENT_HINT":"VisiblePMI,ModelViews,EmptyModelViews",
		"CAD_PARTNAME::":"VariOffsetPanel2_Input",
		"Name::":"VariOffsetPanel2_Input",
		"DefaultModelViewCADTag":"58"
	}},
	{"psId":1540,  "values":{
		"originAnchor":"4",
		"units":"1",
		"Text[0].Item[1].string":"/n",
		"allAround":"0",
		"Text[0].Item[0].string":"Boundary",
		"LIVE_HELP[0]_Display":"UGS::ModlFeatureUI::VarOffsetFace->boundaryObject",
		"font":"Arial",
		"textColour":"0x00000000"
	}},
	{"psId":1541,  "values":{
		"originAnchor":"4",
		"units":"1",
		"Text[0].Item[1].string":"/n",
		"allAround":"0",
		"Text[0].Item[0].string":"Boundary",
		"LIVE_HELP[0]_Display":"UGS::ModlFeatureUI::VarOffsetFace->boundaryObject",
		"font":"Arial",
		"textColour":"0x00000000"
	}},
	{"psId":1542,  "values":{
		"originAnchor":"4",
		"units":"1",
		"Text[0].Item[1].string":"/n",
		"allAround":"0",
		"Text[0].Item[0].string":"Boundary",
		"LIVE_HELP[0]_Display":"UGS::ModlFeatureUI::VarOffsetFace->boundaryObject",
		"font":"Arial",
		"textColour":"0x00000000"
	}},
	{"psId":1543,  "values":{
		"originAnchor":"4",
		"units":"1",
		"Text[0].Item[1].string":"/n",
		"allAround":"0",
		"Text[0].Item[0].string":"Boundary",
		"LIVE_HELP[0]_Display":"UGS::ModlFeatureUI::VarOffsetFace->boundaryObject",
		"font":"Arial",
		"textColour":"0x00000000"
	}},
	{"psId":1544,  "values":{
		"originAnchor":"4",
		"units":"1",
		"Text[0].Item[1].string":"/n",
		"allAround":"0",
		"Text[0].Item[0].string":"Body Faces",
		"LIVE_HELP[0]_Display":"UGS::ModlFeatureUI::VarOffsetFace->targetFace",
		"font":"Arial",
		"textColour":"0x00000000"
	}},
	{"psId":287,  "values":{
		"Angular":"20.000000 0.000000 0.000000",
		"_nTrisLODs":"3::2::2::2",
		"BSphereCoverageFractionMax":"0.412029",
		"Translator Version::":"NX 1872",
		"AdvCompressLODLevel::":"0.000000 0.500000 1.000000 ",
		"Translation Date::":"2019 2 4 16 13 31",
		"SegLength":"0.000000 0.000000 0.000000",
		"SUBNODE":"1",
		"CAD Source::":"NX",
		"Chordal":"0.000112 0.000391 0.001118",
		"JT_PMI_CONTENT_HINT":"none",
		"Name::":"Vari Offset Panel 2_1768",
		"PMI_TYPE_TABLE":"                        4.Spot Weld,                        8.Line Weld,                        10.Groove Weld,                        11.Fillet Weld,                        12.Plug/Slot Weld,                        14.Edge Weld,                        18.Arc Spot Weld,                        20.Resistance Spot Weld,                        21.Resistance Seam Weld,                        22.Bead Weld,                        24.Tape Weld,                        28.Dollop Weld,                        40.Clinch Weld,                        41.Surface Finish,                        42.Measurement Point,                        44.Datum Locator,                        48.Certification Point,                        81.Feature Control Frame,                        82.Dimension,                        84.Datum Feature Symbol,                        88.Datum Target,                        100.Note,                        101.Face Attribute,                        104.Coordinate System,                        108.Reference Geometry,                        110.Reference Point,                        111.Reference Axis,                        112.Reference Plane,                        114.User Defined,                        118.Measurement Locator,                        120.Datum Point,                        121.Surface Vector,                         122.Hole/Slot/Stud Vector,                        124.Trim Vector,                        128.Hem Vector,                        231.Material Specification,                        232.Process Specification,                        233.Part Specification,                        235.Balloon Note,                        239.Coordinate Note,                        242.Cutting Plane Symbol,                        244.eMarking Note,                        245.Organisation Note,                        246.Region,                         777.Weld Labels,                        306.Centerline,                        309.Weld Note,                        311.Table,                         781.Callout Dimension,                        783.Chamfer Dimension,                        8001.Thread Feature,                        8002.Arc Weld,                        8003.Weld Datum,                        8004.Discrete Join,                        8005.Resistance Weld,                        8006.Continuous Join,                        8007.Adhessive Fill,                        8008.Surface Weld,                        8009.Measurement Locator,                        800A.Group Weld",
		"JT_PROP_ORIGINATING_BREPTYPE":"XTBrep",
		"JT_PROP_MEASUREMENT_UNITS::":"millimeters"
	}},
	{"psId":383,  "values":{
		"Angular":"20.000000 0.000000 0.000000",
		"_nTrisLODs":"3::2::2::2",
		"BSphereCoverageFractionMax":"0.509296",
		"Translator Version::":"NX 1872",
		"AdvCompressLODLevel::":"0.000000 0.500000 1.000000 ",
		"Translation Date::":"2019 2 4 16 13 31",
		"SegLength":"0.000000 0.000000 0.000000",
		"SUBNODE":"1",
		"CAD Source::":"NX",
		"Chordal":"0.000112 0.000391 0.001118",
		"JT_PMI_CONTENT_HINT":"none",
		"Name::":"Vari Offset Panel 2_1770",
		"PMI_TYPE_TABLE":"                        4.Spot Weld,                        8.Line Weld,                        10.Groove Weld,                        11.Fillet Weld,                        12.Plug/Slot Weld,                        14.Edge Weld,                        18.Arc Spot Weld,                        20.Resistance Spot Weld,                        21.Resistance Seam Weld,                        22.Bead Weld,                        24.Tape Weld,                        28.Dollop Weld,                        40.Clinch Weld,                        41.Surface Finish,                        42.Measurement Point,                        44.Datum Locator,                        48.Certification Point,                        81.Feature Control Frame,                        82.Dimension,                        84.Datum Feature Symbol,                        88.Datum Target,                        100.Note,                        101.Face Attribute,                        104.Coordinate System,                        108.Reference Geometry,                        110.Reference Point,                        111.Reference Axis,                        112.Reference Plane,                        114.User Defined,                        118.Measurement Locator,                        120.Datum Point,                        121.Surface Vector,                         122.Hole/Slot/Stud Vector,                        124.Trim Vector,                        128.Hem Vector,                        231.Material Specification,                        232.Process Specification,                        233.Part Specification,                        235.Balloon Note,                        239.Coordinate Note,                        242.Cutting Plane Symbol,                        244.eMarking Note,                        245.Organisation Note,                        246.Region,                         777.Weld Labels,                        306.Centerline,                        309.Weld Note,                        311.Table,                         781.Callout Dimension,                        783.Chamfer Dimension,                        8001.Thread Feature,                        8002.Arc Weld,                        8003.Weld Datum,                        8004.Discrete Join,                        8005.Resistance Weld,                        8006.Continuous Join,                        8007.Adhessive Fill,                        8008.Surface Weld,                        8009.Measurement Locator,                        800A.Group Weld",
		"JT_PROP_ORIGINATING_BREPTYPE":"XTBrep",
		"JT_PROP_MEASUREMENT_UNITS::":"millimeters"
	}},
	{"psId":478,  "values":{
		"Angular":"20.000000 0.000000 0.000000",
		"_nTrisLODs":"3::2::2::2",
		"BSphereCoverageFractionMax":"0.412029",
		"Translator Version::":"NX 1872",
		"AdvCompressLODLevel::":"0.000000 0.500000 1.000000 ",
		"Translation Date::":"2019 2 4 16 13 31",
		"SegLength":"0.000000 0.000000 0.000000",
		"SUBNODE":"1",
		"CAD Source::":"NX",
		"Chordal":"0.000112 0.000391 0.001118",
		"JT_PMI_CONTENT_HINT":"none",
		"Name::":"Vari Offset Panel 2_1771",
		"PMI_TYPE_TABLE":"                        4.Spot Weld,                        8.Line Weld,                        10.Groove Weld,                        11.Fillet Weld,                        12.Plug/Slot Weld,                        14.Edge Weld,                        18.Arc Spot Weld,                        20.Resistance Spot Weld,                        21.Resistance Seam Weld,                        22.Bead Weld,                        24.Tape Weld,                        28.Dollop Weld,                        40.Clinch Weld,                        41.Surface Finish,                        42.Measurement Point,                        44.Datum Locator,                        48.Certification Point,                        81.Feature Control Frame,                        82.Dimension,                        84.Datum Feature Symbol,                        88.Datum Target,                        100.Note,                        101.Face Attribute,                        104.Coordinate System,                        108.Reference Geometry,                        110.Reference Point,                        111.Reference Axis,                        112.Reference Plane,                        114.User Defined,                        118.Measurement Locator,                        120.Datum Point,                        121.Surface Vector,                         122.Hole/Slot/Stud Vector,                        124.Trim Vector,                        128.Hem Vector,                        231.Material Specification,                        232.Process Specification,                        233.Part Specification,                        235.Balloon Note,                        239.Coordinate Note,                        242.Cutting Plane Symbol,                        244.eMarking Note,                        245.Organisation Note,                        246.Region,                         777.Weld Labels,                        306.Centerline,                        309.Weld Note,                        311.Table,                         781.Callout Dimension,                        783.Chamfer Dimension,                        8001.Thread Feature,                        8002.Arc Weld,                        8003.Weld Datum,                        8004.Discrete Join,                        8005.Resistance Weld,                        8006.Continuous Join,                        8007.Adhessive Fill,                        8008.Surface Weld,                        8009.Measurement Locator,                        800A.Group Weld",
		"JT_PROP_ORIGINATING_BREPTYPE":"XTBrep",
		"JT_PROP_MEASUREMENT_UNITS::":"millimeters"
	}},
	{"psId":573,  "values":{
		"Angular":"20.000000 0.000000 0.000000",
		"_nTrisLODs":"3::2::2::2",
		"BSphereCoverageFractionMax":"0.509296",
		"Translator Version::":"NX 1872",
		"AdvCompressLODLevel::":"0.000000 0.500000 1.000000 ",
		"Translation Date::":"2019 2 4 16 13 31",
		"SegLength":"0.000000 0.000000 0.000000",
		"SUBNODE":"1",
		"CAD Source::":"NX",
		"Chordal":"0.000112 0.000391 0.001118",
		"JT_PMI_CONTENT_HINT":"none",
		"Name::":"Vari Offset Panel 2_1772",
		"PMI_TYPE_TABLE":"                        4.Spot Weld,                        8.Line Weld,                        10.Groove Weld,                        11.Fillet Weld,                        12.Plug/Slot Weld,                        14.Edge Weld,                        18.Arc Spot Weld,                        20.Resistance Spot Weld,                        21.Resistance Seam Weld,                        22.Bead Weld,                        24.Tape Weld,                        28.Dollop Weld,                        40.Clinch Weld,                        41.Surface Finish,                        42.Measurement Point,                        44.Datum Locator,                        48.Certification Point,                        81.Feature Control Frame,                        82.Dimension,                        84.Datum Feature Symbol,                        88.Datum Target,                        100.Note,                        101.Face Attribute,                        104.Coordinate System,                        108.Reference Geometry,                        110.Reference Point,                        111.Reference Axis,                        112.Reference Plane,                        114.User Defined,                        118.Measurement Locator,                        120.Datum Point,                        121.Surface Vector,                         122.Hole/Slot/Stud Vector,                        124.Trim Vector,                        128.Hem Vector,                        231.Material Specification,                        232.Process Specification,                        233.Part Specification,                        235.Balloon Note,                        239.Coordinate Note,                        242.Cutting Plane Symbol,                        244.eMarking Note,                        245.Organisation Note,                        246.Region,                         777.Weld Labels,                        306.Centerline,                        309.Weld Note,                        311.Table,                         781.Callout Dimension,                        783.Chamfer Dimension,                        8001.Thread Feature,                        8002.Arc Weld,                        8003.Weld Datum,                        8004.Discrete Join,                        8005.Resistance Weld,                        8006.Continuous Join,                        8007.Adhessive Fill,                        8008.Surface Weld,                        8009.Measurement Locator,                        800A.Group Weld",
		"JT_PROP_ORIGINATING_BREPTYPE":"XTBrep",
		"JT_PROP_MEASUREMENT_UNITS::":"millimeters"
	}},
	{"psId":668,  "values":{
		"Angular":"20.000000 0.000000 0.000000",
		"_nTrisLODs":"3::336::132::110",
		"BSphereCoverageFractionMax":"0.187378",
		"Translator Version::":"NX 1872",
		"AdvCompressLODLevel::":"0.000000 0.500000 1.000000 ",
		"Translation Date::":"2019 2 4 16 13 31",
		"SegLength":"0.000000 0.000000 0.000000",
		"SUBNODE":"1",
		"CAD Source::":"NX",
		"Chordal":"0.000407 0.001424 0.004069",
		"JT_PMI_CONTENT_HINT":"none",
		"Name::":"Vari Offset Panel 2_63999",
		"PMI_TYPE_TABLE":"                        4.Spot Weld,                        8.Line Weld,                        10.Groove Weld,                        11.Fillet Weld,                        12.Plug/Slot Weld,                        14.Edge Weld,                        18.Arc Spot Weld,                        20.Resistance Spot Weld,                        21.Resistance Seam Weld,                        22.Bead Weld,                        24.Tape Weld,                        28.Dollop Weld,                        40.Clinch Weld,                        41.Surface Finish,                        42.Measurement Point,                        44.Datum Locator,                        48.Certification Point,                        81.Feature Control Frame,                        82.Dimension,                        84.Datum Feature Symbol,                        88.Datum Target,                        100.Note,                        101.Face Attribute,                        104.Coordinate System,                        108.Reference Geometry,                        110.Reference Point,                        111.Reference Axis,                        112.Reference Plane,                        114.User Defined,                        118.Measurement Locator,                        120.Datum Point,                        121.Surface Vector,                         122.Hole/Slot/Stud Vector,                        124.Trim Vector,                        128.Hem Vector,                        231.Material Specification,                        232.Process Specification,                        233.Part Specification,                        235.Balloon Note,                        239.Coordinate Note,                        242.Cutting Plane Symbol,                        244.eMarking Note,                        245.Organisation Note,                        246.Region,                         777.Weld Labels,                        306.Centerline,                        309.Weld Note,                        311.Table,                         781.Callout Dimension,                        783.Chamfer Dimension,                        8001.Thread Feature,                        8002.Arc Weld,                        8003.Weld Datum,                        8004.Discrete Join,                        8005.Resistance Weld,                        8006.Continuous Join,                        8007.Adhessive Fill,                        8008.Surface Weld,                        8009.Measurement Locator,                        800A.Group Weld",
		"JT_PROP_ORIGINATING_BREPTYPE":"XTBrep",
		"JT_PROP_MEASUREMENT_UNITS::":"millimeters"
	}}
]}
