
{"title":"SectionSurfaceLinearPointAngle_Output", "psId":15, "units":2, "bboxMin":[-50,-20,-0.000158296], "bboxMax":[57,192.762,35], "hasXT":true, "hasPMI":true, "version":8.150181130, "children": [
	{"title":"SectionSurf Linear_WF", "fileRef":"0.bod", "psId":289, "units":2, "bboxMin":[12,-20,-3.04565e-005], "bboxMax":[57,192.762,0.000268539]},
	{"title":"SectionSurf Linear_12071", "fileRef":"1.bod", "psId":388, "units":2, "bboxMin":[-0.476436,-20,-3.01382e-005], "bboxMax":[56.9997,192.762,18.5088]},
	{"title":"SectionSurf Linear_16998", "fileRef":"2.bod", "psId":623, "units":2, "bboxMin":[-50,-20,-0.000158296], "bboxMax":[50,191.333,35]}
]}