
{"title":"Draft Body Fill to Plane", "psId":15, "units":2, "bboxMin":[-65,-15,-25], "bboxMax":[65,165,52.4421], "hasXT":true, "hasPMI":true, "version":8.150181130, "children": [
	{"title":"Draft Body Fill to Plane_4134", "fileRef":"0.bod", "psId":289, "units":2, "bboxMin":[-41.9125,-0.155045,-12.2417], "bboxMax":[36.7424,138.341,52.4421]},
	{"title":"Draft Body Fill to Plane_17020", "fileRef":"1.bod", "psId":444, "units":2, "bboxMin":[-3,-3,-25], "bboxMax":[3,3,15]},
	{"title":"Draft Body Fill to Plane_21558", "fileRef":"2.bod", "psId":582, "units":2, "bboxMin":[-65,-15,-25], "bboxMax":[65,165,-5]}
]}