
{"title":"SectionSurfaceRhoApex_Output", "psId":15, "units":2, "bboxMin":[-3,-7.33497,-3], "bboxMax":[50,120,65], "hasXT":true, "hasPMI":true, "version":8.150181130, "children": [
	{"title":"SectionSurf Circular Conic Cubic_WF", "fileRef":"0.bod", "psId":289, "units":2, "bboxMin":[0,-7.33497,-5.68434e-014], "bboxMax":[50,120,65]},
	{"title":"SectionSurf Circular Conic Cubic_19042", "fileRef":"1.bod", "psId":406, "units":2, "bboxMin":[-3,0,-3], "bboxMax":[3,40,3]},
	{"title":"SectionSurf Circular Conic Cubic_21454", "fileRef":"2.bod", "psId":545, "units":2, "bboxMin":[0,0,0], "bboxMax":[50,100,51.3944]}
]}