
{"title":"SectionSurfaceCircularRadius_Output", "psId":15, "units":2, "bboxMin":[-4.66943,-8.52651e-014,-3], "bboxMax":[95.3306,120,110.959], "hasXT":true, "hasPMI":true, "version":8.150181130, "children": [
	{"title":"SectionSurf Circular Conic Cubic_WF", "fileRef":"0.bod", "psId":289, "units":2, "bboxMin":[0,-8.52651e-014,-5.68434e-014], "bboxMax":[50,120,40]},
	{"title":"SectionSurf Circular Conic Cubic_19042", "fileRef":"1.bod", "psId":393, "units":2, "bboxMin":[-3,0,-3], "bboxMax":[3,40,3]},
	{"title":"SectionSurf Circular Conic Cubic_23697", "fileRef":"2.bod", "psId":532, "units":2, "bboxMin":[0,0,0], "bboxMax":[50,100,40]},
	{"title":"SectionSurf Circular Conic Cubic_31216", "fileRef":"3.bod", "psId":628, "units":2, "bboxMin":[-4.66943,50,11.2381], "bboxMax":[95.3306,50,110.959]}
]}