
{"title":"AeroFlangeGuideCurve_Output", "psId":15, "units":2, "bboxMin":[-440,-500,-150], "bboxMax":[440,500,0], "hasXT":true, "hasPMI":true, "version":8.150181130, "children": [
	{"title":"AeroFlangeGuideCurve_WF", "fileRef":"0.bod", "psId":289, "units":2, "bboxMin":[-250,-350,-61.9344], "bboxMax":[250,300,0]},
	{"title":"AeroFlangeGuideCurve_1969", "fileRef":"1.bod", "psId":479, "units":2, "bboxMin":[-440,-500,-150], "bboxMax":[440,500,0]},
	{"title":"AeroFlangeGuideCurve_126229", "fileRef":"2.bod", "psId":611, "units":2, "bboxMin":[-350.001,-439.433,-127.811], "bboxMax":[350.002,399.668,0]}
]}