
{"title":"AeroRibMultiFromLayout_Output", "psId":15, "units":2, "bboxMin":[-200,-500,-150], "bboxMax":[200,500,240], "hasXT":true, "hasPMI":true, "version":8.150181130, "children": [
	{"title":"AeroRibMultiFromLayout_WF", "fileRef":"0.bod", "psId":289, "units":2, "bboxMin":[-120,-360,240], "bboxMax":[120,360,240]},
	{"title":"AeroRibMultiFromLayout_1969", "fileRef":"1.bod", "psId":427, "units":2, "bboxMin":[-200,-500,-150], "bboxMax":[200,500,0]},
	{"title":"AeroRibMultiFromLayout_74678", "fileRef":"2.bod", "psId":559, "units":2, "bboxMin":[-120,-427.721,-69.9808], "bboxMax":[120,-350.792,75.9378]},
	{"title":"AeroRibMultiFromLayout_74679", "fileRef":"3.bod", "psId":804, "units":2, "bboxMin":[-120,-285.206,-29.0993], "bboxMax":[120,-230.284,121.374]},
	{"title":"AeroRibMultiFromLayout_74680", "fileRef":"4.bod", "psId":1048, "units":2, "bboxMin":[-120,-146.064,-6.98854], "bboxMax":[120,-110.058,144.292]},
	{"title":"AeroRibMultiFromLayout_74681", "fileRef":"5.bod", "psId":1292, "units":2, "bboxMin":[-120,110.005,-2.58798], "bboxMax":[120,134.654,147.961]},
	{"title":"AeroRibMultiFromLayout_74682", "fileRef":"6.bod", "psId":1536, "units":2, "bboxMin":[-120,230.016,-8.09237], "bboxMax":[120,258.472,142.799]},
	{"title":"AeroRibMultiFromLayout_74683", "fileRef":"7.bod", "psId":1780, "units":2, "bboxMin":[-120,350.035,-16.7757], "bboxMax":[120,382.492,134.371]}
]}