{"title":"PMI Root", "children":[
	{"title":"PMI", "children":[
		{"title":"ContourFlangeOverhang_Input", "psId":15, "units":2, "children":[
			{"title":"Note", "children":[
				{"title":"Label (2)", "fileRef":"Label%20(2).bod", "psId":980, "bboxMin":[0.000000,51.936882,0.000000], "bboxMax":[0.000000,76.818748,22.958471], "frame":[2.84217e-014,95.6878,14.2647,2.84217e-014,95.6878,15.2647,2.84217e-014,96.6878,14.2647], "textIdx":[2]},
				{"title":"Label (6)", "fileRef":"Label%20(6).bod", "psId":981, "bboxMin":[25.841780,-22.201910,-0.000000], "bboxMax":[25.841780,-0.000000,22.992754], "frame":[25.8418,-50,5.60531,25.8418,-50,6.60531,25.8418,-49,5.60531], "textIdx":[2]}
			]}
		]}
	]},
	{"title":"Model Views", "children":[
		{"title":"ContourFlangeOverhang_Input", "psId":15, "units":2, "children":[
			{"title":"_Top_", "psId":982, "pmiIds":[1007], "excPartIds":["287"], "bgColor":"0x00ffffff", "edgeType":0, "cameraType":1, "camera":[70.049042,82.475952,407.484711,0.000000,0.000000,-1.000000,0.000000,70.049042,82.475952,0.000000]},
			{"title":"_Front_", "psId":983, "pmiIds":[1007], "excPartIds":["287"], "bgColor":"0x00ffffff", "edgeType":0, "cameraType":1, "camera":[70.049042,-407.484711,-35.000000,0.000000,1.000000,0.000000,3.141593,70.049042,0.000000,-35.000000]},
			{"title":"_Right_", "psId":984, "pmiIds":[1007], "excPartIds":["287"], "bgColor":"0x00ffffff", "edgeType":0, "cameraType":1, "camera":[479.773743,82.475952,-35.000000,-1.000000,0.000000,0.000000,1.570796,0.000000,82.475952,-35.000000]},
			{"title":"_Back_", "psId":985, "pmiIds":[1007], "excPartIds":["287"], "bgColor":"0x00ffffff", "edgeType":0, "cameraType":1, "camera":[70.049042,407.484711,-35.000000,0.000000,-1.000000,0.000000,0.000000,70.049042,-0.000000,-35.000000]},
			{"title":"_Bottom_", "psId":986, "pmiIds":[1007], "excPartIds":["287"], "bgColor":"0x00ffffff", "edgeType":0, "cameraType":1, "camera":[70.049042,82.475952,-407.484711,0.000000,0.000000,1.000000,3.141593,70.049042,82.475952,-0.000000]},
			{"title":"_Left_", "psId":987, "pmiIds":[1007], "excPartIds":["287"], "bgColor":"0x00ffffff", "edgeType":0, "cameraType":1, "camera":[-479.773743,82.475952,-35.000000,1.000000,0.000000,0.000000,4.712389,-0.000000,82.475952,-35.000000]},
			{"title":"_Isometric_", "psId":988, "pmiIds":[1007], "excPartIds":["287"], "bgColor":"0x00ffffff", "edgeType":0, "cameraType":1, "camera":[448.079742,-295.554749,343.030731,-0.577350,0.577350,-0.577350,1.047198,85.858009,66.666985,-19.191029]},
			{"title":"_Trimetric_", "psId":989, "pmiIds":[980,981,1007], "excPartIds":["287"], "bgColor":"0x00ffffff", "edgeType":0, "cameraType":1, "camera":[599.805725,-374.545410,255.171829,-0.718873,0.585049,-0.375419,1.274272,63.448845,61.963974,-24.931410]}
		]}
	]}
]}
