
{"title":"LawExSkirt_Output", "psId":15, "units":2, "bboxMin":[-133.752,-140,-80], "bboxMax":[133.754,328.047,33.9947], "hasXT":true, "hasPMI":true, "version":8.150181130, "children": [
	{"title":"LawExSkirt_68511", "fileRef":"0.bod", "psId":287, "units":2, "bboxMin":[-133.752,-12.988,-45.8254], "bboxMax":[133.754,328.047,33.9947]},
	{"title":"LawExSkirt_100881", "fileRef":"1.bod", "psId":760, "units":2, "bboxMin":[-8,-48,-80], "bboxMax":[8,-32,20]},
	{"title":"LawExSkirt_104310", "fileRef":"2.bod", "psId":898, "units":2, "bboxMin":[-8,-140,12], "bboxMax":[8,-40,28]}
]}