{"title":"PMI Root", "children":[
	{"title":"PMI", "children":[
		{"title":"AeroShelfNotchCorner_Input", "psId":15, "units":2, "children":[
			{"title":"Note", "children":[
				{"title":"Label (2)", "fileRef":"Label%20(2).bod", "psId":643, "bboxMin":[2.000000,-29.334967,0.000000], "bboxMax":[2.000000,0.000000,33.658085], "frame":[2,-50.1481,24.9644,2,-50.1481,25.9644,2,-49.1481,24.9644], "textIdx":[2], "xtIds":["15|5722"]}
			]}
		]}
	]},
	{"title":"Model Views", "children":[
		{"title":"AeroShelfNotchCorner_Input", "psId":15, "units":2, "children":[
			{"title":"_Top_", "psId":644, "bgColor":"0x00ffffff", "edgeType":0, "cameraType":1, "camera":[50.000000,50.000000,160.645386,0.000000,0.000000,-1.000000,0.000000,50.000000,50.000000,0.000000]},
			{"title":"_Front_", "psId":645, "bgColor":"0x00ffffff", "edgeType":0, "cameraType":1, "camera":[50.000000,-89.367798,-15.000000,0.000000,1.000000,0.000000,3.141593,50.000000,0.000000,-15.000000]},
			{"title":"_Right_", "psId":646, "bgColor":"0x00ffffff", "edgeType":0, "cameraType":1, "camera":[89.367798,50.000000,-15.000000,-1.000000,0.000000,0.000000,1.570796,0.000000,50.000000,-15.000000]},
			{"title":"_Back_", "psId":647, "bgColor":"0x00ffffff", "edgeType":0, "cameraType":1, "camera":[50.000000,89.367798,-15.000000,0.000000,-1.000000,0.000000,0.000000,50.000000,-0.000000,-15.000000]},
			{"title":"_Bottom_", "psId":648, "bgColor":"0x00ffffff", "edgeType":0, "cameraType":1, "camera":[50.000000,50.000000,-160.645386,0.000000,0.000000,1.000000,3.141593,50.000000,50.000000,-0.000000]},
			{"title":"_Left_", "psId":649, "bgColor":"0x00ffffff", "edgeType":0, "cameraType":1, "camera":[-89.367798,50.000000,-15.000000,1.000000,0.000000,0.000000,4.712389,-0.000000,50.000000,-15.000000]},
			{"title":"_Isometric_", "psId":650, "bgColor":"0x00ffffff", "edgeType":0, "cameraType":1, "camera":[153.447647,-53.447647,88.447647,-0.577350,0.577350,-0.577350,1.047198,55.000000,45.000000,-10.000000]},
			{"title":"_Trimetric_", "psId":651, "pmiIds":[643], "bgColor":"0x00ffffff", "edgeType":0, "cameraType":1, "camera":[158.211426,-70.233673,60.942974,-0.718873,0.585049,-0.375419,1.274272,30.465370,33.731350,-5.770231]}
		]}
	]}
]}
