{"title":"PMI Root", "children":[
	{"title":"PMI", "children":[
		{"title":"SweepSeal_Output", "psId":15, "units":2, "children":[
			{"title":"Note", "children":[
				{"title":"Label (4)", "fileRef":"Label%20(4).bod", "psId":3686, "bboxMin":[44.845604,48.456020,-10.031258], "bboxMax":[63.110874,48.456020,4.615829], "frame":[78.8083,48.456,-22.2025,78.8083,48.456,-21.2025,79.8083,48.456,-22.2025], "textIdx":[2]},
				{"title":"Label (2)", "fileRef":"Label%20(2).bod", "psId":3687, "bboxMin":[0.000000,-1.747462,5.000000], "bboxMax":[0.000000,15.537232,16.166777], "frame":[0,34.4959,3.99556,0,34.4959,4.99556,0,35.4959,3.99556], "textIdx":[2]}
			]}
		]}
	]},
	{"title":"Model Views", "children":[
		{"title":"SweepSeal_Output", "psId":15, "units":2, "children":[
			{"title":"_Top_", "psId":3688, "pmiIds":[3713], "excPartIds":["287"], "bgColor":"0x00ffffff", "edgeType":0, "cameraType":1, "camera":[0.000000,49.996284,272.910522,0.000000,0.000000,-1.000000,0.000000,0.000000,49.996284,0.000000]},
			{"title":"_Front_", "psId":3689, "pmiIds":[3713], "excPartIds":["287"], "bgColor":"0x00ffffff", "edgeType":0, "cameraType":1, "camera":[0.000000,-272.910522,7.488280,0.000000,1.000000,0.000000,3.141593,0.000000,0.000000,7.488280]},
			{"title":"_Right_", "psId":3690, "pmiIds":[3713], "excPartIds":["287"], "bgColor":"0x00ffffff", "edgeType":0, "cameraType":1, "camera":[284.075684,49.996284,7.488280,-1.000000,0.000000,0.000000,1.570796,0.000000,49.996284,7.488280]},
			{"title":"_Back_", "psId":3691, "pmiIds":[3713], "excPartIds":["287"], "bgColor":"0x00ffffff", "edgeType":0, "cameraType":1, "camera":[0.000000,272.910522,7.488280,0.000000,-1.000000,0.000000,0.000000,0.000000,0.000000,7.488280]},
			{"title":"_Bottom_", "psId":3692, "pmiIds":[3713], "excPartIds":["287"], "bgColor":"0x00ffffff", "edgeType":0, "cameraType":1, "camera":[0.000000,49.996284,-272.910522,0.000000,0.000000,1.000000,3.141593,0.000000,49.996284,-0.000000]},
			{"title":"_Left_", "psId":3693, "pmiIds":[3713], "excPartIds":["287"], "bgColor":"0x00ffffff", "edgeType":0, "cameraType":1, "camera":[-284.075684,49.996284,7.488280,1.000000,0.000000,0.000000,4.712389,0.000000,49.996284,7.488280]},
			{"title":"_Isometric_", "psId":3694, "pmiIds":[3713], "excPartIds":["287"], "bgColor":"0x00ffffff", "edgeType":0, "cameraType":1, "camera":[241.557999,-191.561707,249.046280,-0.577350,0.577350,-0.577350,1.047198,14.169335,35.826950,21.657616]},
			{"title":"_Trimetric_", "psId":3695, "pmiIds":[3686,3687,3713], "excPartIds":["287"], "bgColor":"0x00ffffff", "edgeType":0, "cameraType":1, "camera":[306.254608,-199.246353,148.819565,-0.718873,0.585049,-0.375419,1.274272,24.027380,30.441813,1.431208]}
		]}
	]}
]}
