{"title":"PMI Root", "children":[
	{"title":"PMI", "children":[
		{"title":"ContourFlangeC_Output", "psId":15, "units":2, "children":[
			{"title":"Dimension", "children":[
				{"title":"Linear Dimension (1)", "fileRef":"Linear%20Dimension%20(1).bod", "psId":601, "bboxMin":[50.000000,0.000000,-23.811132], "bboxMax":[50.000000,70.000000,-0.000000], "frame":[50,33.5337,-11.8111,50,33.5337,-10.8111,50,34.5337,-11.8111], "textIdx":[2], "xtIds":["360|2909"]}
			]},
			{"title":"Note", "children":[
				{"title":"Label (3)", "fileRef":"Label%20(3).bod", "psId":600, "bboxMin":[-42.201908,0.000000,71.697990], "bboxMax":[4.953389,0.000000,100.109390], "frame":[-70,0,91.4157,-70,0,92.4157,-69,0,91.4157], "textIdx":[2]}
			]}
		]}
	]},
	{"title":"Model Views", "children":[
		{"title":"ContourFlangeC_Output", "psId":15, "units":2, "children":[
			{"title":"_Top_", "psId":602, "pmiIds":[633], "excPartIds":["287"], "bgColor":"0x00ffffff", "edgeType":0, "cameraType":1, "camera":[25.000000,35.000000,145.428375,0.000000,0.000000,-1.000000,0.000000,25.000000,35.000000,0.000000]},
			{"title":"_Front_", "psId":603, "pmiIds":[633], "excPartIds":["287"], "bgColor":"0x00ffffff", "edgeType":0, "cameraType":1, "camera":[25.000000,-160.645386,50.000000,0.000000,1.000000,0.000000,3.141593,25.000000,0.000000,50.000000]},
			{"title":"_Right_", "psId":604, "pmiIds":[633], "excPartIds":["287"], "bgColor":"0x00ffffff", "edgeType":0, "cameraType":1, "camera":[203.599716,35.000000,50.000000,-1.000000,0.000000,0.000000,1.570796,0.000000,35.000000,50.000000]},
			{"title":"_Back_", "psId":605, "pmiIds":[633], "excPartIds":["287"], "bgColor":"0x00ffffff", "edgeType":0, "cameraType":1, "camera":[25.000000,160.645386,50.000000,0.000000,-1.000000,0.000000,0.000000,25.000000,0.000000,50.000000]},
			{"title":"_Bottom_", "psId":606, "pmiIds":[633], "excPartIds":["287"], "bgColor":"0x00ffffff", "edgeType":0, "cameraType":1, "camera":[25.000000,35.000000,-145.428375,0.000000,0.000000,1.000000,3.141593,25.000000,35.000000,-0.000000]},
			{"title":"_Left_", "psId":607, "pmiIds":[633], "excPartIds":["287"], "bgColor":"0x00ffffff", "edgeType":0, "cameraType":1, "camera":[-203.599716,35.000000,50.000000,1.000000,0.000000,0.000000,4.712389,0.000000,35.000000,50.000000]},
			{"title":"_Isometric_", "psId":608, "pmiIds":[633], "excPartIds":["287"], "bgColor":"0x00ffffff", "edgeType":0, "cameraType":1, "camera":[154.156784,-94.156792,179.156799,-0.577350,0.577350,-0.577350,1.047198,11.666667,48.333332,36.666668]},
			{"title":"_Trimetric_", "psId":609, "pmiIds":[600,601,633], "excPartIds":["287"], "bgColor":"0x00ffffff", "edgeType":0, "cameraType":1, "camera":[297.798553,-224.776184,198.438721,-0.718873,0.585049,-0.375419,1.274272,-4.187147,20.992247,40.731831]}
		]}
	]}
]}
