{"title":"PMI Root", "children":[
	{"title":"PMI", "children":[
		{"title":"VariOffsetPanel1_Input", "psId":15, "units":2, "children":[
			{"title":"Note", "children":[
				{"title":"Label (8)", "fileRef":"Label%20(8).bod", "psId":473, "bboxMin":[-1.541633,-2.518381,-0.000000], "bboxMax":[-1.541633,50.000000,66.783279], "frame":[-1.54163,-56.62,53.7427,-1.54163,-56.62,54.7427,-1.54163,-55.62,53.7427], "textIdx":[2]},
				{"title":"Label (2)", "fileRef":"Label%20(2).bod", "psId":474, "bboxMin":[-2.962682,-40.996330,-21.292902], "bboxMax":[-2.962682,0.000000,0.000000], "frame":[-2.96268,-73.5393,-34.3335,-2.96268,-73.5393,-33.3335,-2.96268,-72.5393,-34.3335], "textIdx":[2], "xtIds":["373|355","373|356"]},
				{"title":"Label (5)", "fileRef":"Label%20(5).bod", "psId":475, "bboxMin":[-8.106915,84.781487,-0.000000], "bboxMax":[-8.106915,150.000000,89.438652], "frame":[-8.10691,30.6798,76.3981,-8.10691,30.6798,77.3981,-8.10691,31.6798,76.3981], "textIdx":[2]}
			]}
		]}
	]},
	{"title":"Model Views", "children":[
		{"title":"VariOffsetPanel1_Input", "psId":15, "units":2, "children":[
			{"title":"_Top_", "psId":476, "pmiIds":[507], "excPartIds":["287"], "bgColor":"0x00ffffff", "edgeType":0, "cameraType":1, "camera":[0.000000,100.000000,321.290771,0.000000,0.000000,-1.000000,0.000000,0.000000,100.000000,0.000000]},
			{"title":"_Front_", "psId":477, "pmiIds":[507], "excPartIds":["287"], "bgColor":"0x00ffffff", "edgeType":0, "cameraType":1, "camera":[0.000000,-142.988480,0.000000,0.000000,1.000000,0.000000,3.141593,0.000000,0.000000,0.000000]},
			{"title":"_Right_", "psId":478, "pmiIds":[507], "excPartIds":["287"], "bgColor":"0x00ffffff", "edgeType":0, "cameraType":1, "camera":[178.735596,100.000000,0.000000,-1.000000,0.000000,0.000000,1.570796,0.000000,100.000000,0.000000]},
			{"title":"_Back_", "psId":479, "pmiIds":[507], "excPartIds":["287"], "bgColor":"0x00ffffff", "edgeType":0, "cameraType":1, "camera":[0.000000,142.988480,0.000000,0.000000,-1.000000,0.000000,0.000000,0.000000,0.000000,0.000000]},
			{"title":"_Bottom_", "psId":480, "pmiIds":[507], "excPartIds":["287"], "bgColor":"0x00ffffff", "edgeType":0, "cameraType":1, "camera":[0.000000,100.000000,-321.290771,0.000000,0.000000,1.000000,3.141593,0.000000,100.000000,-0.000000]},
			{"title":"_Left_", "psId":481, "pmiIds":[507], "excPartIds":["287"], "bgColor":"0x00ffffff", "edgeType":0, "cameraType":1, "camera":[-178.735596,100.000000,0.000000,1.000000,0.000000,0.000000,4.712389,0.000000,100.000000,0.000000]},
			{"title":"_Isometric_", "psId":482, "pmiIds":[507], "excPartIds":["287"], "bgColor":"0x00ffffff", "edgeType":0, "cameraType":1, "camera":[154.499664,-54.499672,154.499664,-0.577350,0.577350,-0.577350,1.047198,33.333332,66.666664,33.333332]},
			{"title":"_Trimetric_", "psId":483, "pmiIds":[473,474,475,507], "excPartIds":["287"], "edgeType":0, "cameraType":0, "camera":[179.660889,-79.427444,107.489136,-0.718873,0.585049,-0.375419,1.274272,-27.291286,88.998787,-0.588116]}
		]}
	]}
]}
