{"title":"PMI Root", "children":[
	{"title":"PMI", "children":[
		{"title":"SweepSeal_Input", "psId":15, "units":2, "children":[
			{"title":"Note", "children":[
				{"title":"Label (2)", "fileRef":"Label%20(2).bod", "psId":612, "bboxMin":[0.000000,-1.747462,5.000000], "bboxMax":[0.000000,15.537232,16.166777], "frame":[0,34.4959,3.99556,0,34.4959,4.99556,0,35.4959,3.99556], "textIdx":[2]},
				{"title":"Label (4)", "fileRef":"Label%20(4).bod", "psId":613, "bboxMin":[44.845604,48.456020,-10.031258], "bboxMax":[63.110874,48.456020,4.615829], "frame":[78.8083,48.456,-22.2025,78.8083,48.456,-21.2025,79.8083,48.456,-22.2025], "textIdx":[2]}
			]}
		]}
	]},
	{"title":"Model Views", "children":[
		{"title":"SweepSeal_Input", "psId":15, "units":2, "children":[
			{"title":"_Top_", "psId":614, "pmiIds":[639], "excPartIds":["287"], "bgColor":"0x00ffffff", "edgeType":0, "cameraType":1, "camera":[0.000000,48.247837,166.274918,0.000000,0.000000,-1.000000,0.000000,0.000000,48.247837,0.000000]},
			{"title":"_Front_", "psId":615, "pmiIds":[639], "excPartIds":["287"], "bgColor":"0x00ffffff", "edgeType":0, "cameraType":1, "camera":[0.000000,-96.719185,5.000000,0.000000,1.000000,0.000000,3.141593,0.000000,0.000000,5.000000]},
			{"title":"_Right_", "psId":616, "pmiIds":[639], "excPartIds":["287"], "bgColor":"0x00ffffff", "edgeType":0, "cameraType":1, "camera":[104.496887,48.247837,5.000000,-1.000000,0.000000,0.000000,1.570796,0.000000,48.247837,5.000000]},
			{"title":"_Back_", "psId":617, "pmiIds":[639], "excPartIds":["287"], "bgColor":"0x00ffffff", "edgeType":0, "cameraType":1, "camera":[0.000000,96.719185,5.000000,0.000000,-1.000000,0.000000,0.000000,0.000000,0.000000,5.000000]},
			{"title":"_Bottom_", "psId":618, "pmiIds":[639], "excPartIds":["287"], "bgColor":"0x00ffffff", "edgeType":0, "cameraType":1, "camera":[0.000000,48.247837,-166.274918,0.000000,0.000000,1.000000,3.141593,0.000000,48.247837,-0.000000]},
			{"title":"_Left_", "psId":619, "pmiIds":[639], "excPartIds":["287"], "bgColor":"0x00ffffff", "edgeType":0, "cameraType":1, "camera":[-104.496887,48.247837,5.000000,1.000000,0.000000,0.000000,4.712389,0.000000,48.247837,5.000000]},
			{"title":"_Isometric_", "psId":620, "pmiIds":[639], "excPartIds":["287"], "bgColor":"0x00ffffff", "edgeType":0, "cameraType":1, "camera":[86.615776,-33.729240,91.615776,-0.577350,0.577350,-0.577350,1.047198,15.962177,36.924355,20.962177]},
			{"title":"_Trimetric_", "psId":621, "pmiIds":[612,613,639], "excPartIds":["287"], "bgColor":"0x00ffffff", "edgeType":0, "cameraType":1, "camera":[135.532822,-57.774193,53.924942,-0.718873,0.585049,-0.375419,1.274272,26.640753,30.846672,-2.942089]}
		]}
	]}
]}
