{"title":"PMI Root", "children":[
	{"title":"PMI", "children":[
		{"title":"SectionSurfaceCircularRadius_Input", "psId":15, "units":2, "children":[
			{"title":"Note", "children":[
				{"title":"Label (2)", "fileRef":"Label%20(2).bod", "psId":537, "bboxMin":[0.000000,13.817234,40.000000], "bboxMax":[0.000000,31.687122,60.145367], "frame":[0,-12.0643,60.1454,0,-12.0643,61.1454,0,-11.0643,60.1454], "textIdx":[2]},
				{"title":"Label (10)", "fileRef":"Label%20(10).bod", "psId":538, "bboxMin":[1.402933,-15.851955,0.530830], "bboxMax":[1.402933,13.037853,27.306622], "frame":[1.40293,-44.7274,27.3066,1.40293,-44.7274,28.3066,1.40293,-43.7274,27.3066], "textIdx":[2], "xtIds":["393|19043","393|19044","393|19045","393|19046"]},
				{"title":"Label (6)", "fileRef":"Label%20(6).bod", "psId":539, "bboxMin":[50.000000,8.632405,-14.237235], "bboxMax":[50.000000,28.768167,7.473413], "frame":[50,-15.6233,-14.2372,50,-15.6233,-13.2372,50,-14.6233,-14.2372], "textIdx":[2]}
			]}
		]}
	]},
	{"title":"Model Views", "children":[
		{"title":"SectionSurfaceCircularRadius_Input", "psId":15, "units":2, "children":[
			{"title":"_Top_", "psId":540, "pmiIds":[575], "excPartIds":["289"], "bgColor":"0x00ffffff", "edgeType":0, "cameraType":1, "camera":[23.500000,50.000000,160.645386,0.000000,0.000000,-1.000000,0.000000,23.500000,50.000000,0.000000]},
			{"title":"_Front_", "psId":541, "pmiIds":[575], "excPartIds":["289"], "bgColor":"0x00ffffff", "edgeType":0, "cameraType":1, "camera":[23.500000,-69.077515,18.500000,0.000000,1.000000,0.000000,3.141593,23.500000,0.000000,18.500000]},
			{"title":"_Right_", "psId":542, "pmiIds":[575], "excPartIds":["289"], "bgColor":"0x00ffffff", "edgeType":0, "cameraType":1, "camera":[105.898079,50.000000,18.500000,-1.000000,0.000000,0.000000,1.570796,0.000000,50.000000,18.500000]},
			{"title":"_Back_", "psId":543, "pmiIds":[575], "excPartIds":["289"], "bgColor":"0x00ffffff", "edgeType":0, "cameraType":1, "camera":[23.500000,69.077515,18.500000,0.000000,-1.000000,0.000000,0.000000,23.500000,0.000000,18.500000]},
			{"title":"_Bottom_", "psId":544, "pmiIds":[575], "excPartIds":["289"], "bgColor":"0x00ffffff", "edgeType":0, "cameraType":1, "camera":[23.500000,50.000000,-160.645386,0.000000,0.000000,1.000000,3.141593,23.500000,50.000000,-0.000000]},
			{"title":"_Left_", "psId":545, "pmiIds":[575], "excPartIds":["289"], "bgColor":"0x00ffffff", "edgeType":0, "cameraType":1, "camera":[-105.898079,50.000000,18.500000,1.000000,0.000000,0.000000,4.712389,0.000000,50.000000,18.500000]},
			{"title":"_Isometric_", "psId":546, "pmiIds":[575], "excPartIds":["289"], "bgColor":"0x00ffffff", "edgeType":0, "cameraType":1, "camera":[113.004967,-39.504971,108.754967,-0.577350,0.577350,-0.577350,1.047198,25.916666,47.583332,21.666666]},
			{"title":"_Trimetric_", "psId":547, "pmiIds":[537,538,539,575], "excPartIds":["289"], "bgColor":"0x00ffffff", "edgeType":0, "cameraType":1, "camera":[182.620178,-84.433403,110.103905,-0.718873,0.585049,-0.375419,1.274272,23.020649,45.455288,26.755764]}
		]}
	]}
]}
