
{"title":"Draft Body Match Tangent", "psId":15, "units":2, "bboxMin":[-50,-20,-25], "bboxMax":[50,85,25], "hasXT":true, "hasPMI":true, "version":8.150181130, "children": [
	{"title":"Draft Body Match Tangent_WF", "fileRef":"0.bod", "psId":289, "units":2, "bboxMin":[-30.2441,-6.99984,-0.000213754], "bboxMax":[30.2441,80.6402,10.0002]},
	{"title":"Draft Body Match Tangent_11816", "fileRef":"1.bod", "psId":557, "units":2, "bboxMin":[-50,-20,0], "bboxMax":[50,85,10]},
	{"title":"Draft Body Match Tangent_15184", "fileRef":"2.bod", "psId":794, "units":2, "bboxMin":[-30.2441,-6.99269,-25], "bboxMax":[30.2441,80.6326,25]}
]}