{"title":"PMI Root", "children":[
	{"title":"PMI", "children":[
		{"title":"ThroughCurvesBezel_Output", "psId":15, "units":2, "children":[
			{"title":"Note", "children":[
				{"title":"Note (6)", "fileRef":"Note%20(6).bod", "psId":893, "frame":[-23.2937,80,86.9333,-23.5849,80.237,87.8602,-22.6625,80.7756,86.9333], "textIdx":[0]}
			]}
		]}
	]},
	{"title":"Model Views", "children":[
		{"title":"ThroughCurvesBezel_Output", "psId":15, "units":2, "children":[
			{"title":"_Top_", "psId":894, "pmiIds":[922], "excPartIds":["287"], "bgColor":"0x00ffffff", "edgeType":0, "cameraType":1, "camera":[5.764953,0.000000,321.290771,0.000000,0.000000,-1.000000,0.000000,5.764953,0.000000,0.000000]},
			{"title":"_Front_", "psId":895, "pmiIds":[922], "excPartIds":["287"], "bgColor":"0x00ffffff", "edgeType":0, "cameraType":1, "camera":[5.764953,-219.349091,58.283653,0.000000,1.000000,0.000000,3.141593,5.764953,0.000000,58.283653]},
			{"title":"_Right_", "psId":896, "pmiIds":[922], "excPartIds":["287"], "bgColor":"0x00ffffff", "edgeType":0, "cameraType":1, "camera":[581.713501,0.000000,58.283653,-1.000000,0.000000,0.000000,1.570796,0.000000,0.000000,58.283653]},
			{"title":"_Back_", "psId":897, "pmiIds":[922], "excPartIds":["287"], "bgColor":"0x00ffffff", "edgeType":0, "cameraType":1, "camera":[5.764953,219.349091,58.283653,0.000000,-1.000000,0.000000,0.000000,5.764953,0.000000,58.283653]},
			{"title":"_Bottom_", "psId":898, "pmiIds":[922], "excPartIds":["287"], "bgColor":"0x00ffffff", "edgeType":0, "cameraType":1, "camera":[5.764953,0.000000,-321.290771,0.000000,0.000000,1.000000,3.141593,5.764953,0.000000,-0.000000]},
			{"title":"_Left_", "psId":899, "pmiIds":[922], "excPartIds":["287"], "bgColor":"0x00ffffff", "edgeType":0, "cameraType":1, "camera":[-581.713501,0.000000,58.283653,1.000000,0.000000,0.000000,4.712389,0.000000,0.000000,58.283653]},
			{"title":"_Isometric_", "psId":900, "pmiIds":[922], "excPartIds":["287"], "bgColor":"0x00ffffff", "edgeType":0, "cameraType":1, "camera":[303.201569,-297.436615,355.720276,-0.577350,0.577350,-0.577350,1.047198,-15.584583,21.349535,36.934120]},
			{"title":"_Trimetric_", "psId":901, "pmiIds":[893,922], "excPartIds":["287"], "bgColor":"0x00ffffff", "edgeType":0, "cameraType":1, "camera":[636.414246,-449.899750,378.214081,-0.718873,0.585049,-0.375419,1.274272,16.240152,54.823509,54.338741]},
			{"title":"_Eric_", "psId":902, "pmiIds":[922], "excPartIds":["287"], "edgeType":0, "cameraType":0, "camera":[514.512207,-881.176147,58.283653,-0.500000,0.866025,0.000000,1.570796,5.764953,0.000000,58.283653]}
		]}
	]}
]}
