
{"title":"VariOffsetPanel1_Regions", "psId":15, "units":2, "bboxMin":[-60,0,0], "bboxMax":[60,200,0], "hasXT":true, "hasPMI":true, "version":8.150181130, "children": [
	{"title":"Vari Offset Panel 1_9453", "fileRef":"0.bod", "psId":287, "units":2, "bboxMin":[-60,0,0], "bboxMax":[60,50,0]},
	{"title":"Vari Offset Panel 1_9641", "fileRef":"1.bod", "psId":382, "units":2, "bboxMin":[-60,50,0], "bboxMax":[60,150,0]},
	{"title":"Vari Offset Panel 1_9824", "fileRef":"2.bod", "psId":477, "units":2, "bboxMin":[-60,150,0], "bboxMax":[60,200,0]}
]}