
{"title":"DraftPartingFace_Output", "psId":15, "units":2, "bboxMin":[-40.5,-33,-3.5], "bboxMax":[47.0358,22,20], "hasXT":true, "hasPMI":true, "version":8.150181130, "children": [
	{"title":"Draft from Parting Face_35650", "fileRef":"0.bod", "psId":287, "units":2, "bboxMin":[-40.5,-33,0], "bboxMax":[47.0358,22,0]},
	{"title":"Draft from Parting Face_36131", "fileRef":"1.bod", "psId":382, "units":2, "bboxMin":[-39.9106,-32.3462,-3.5], "bboxMax":[45.641,21.3961,8]},
	{"title":"Draft from Parting Face_40090", "fileRef":"2.bod", "psId":1240, "units":2, "bboxMin":[-31,14.0152,5], "bboxMax":[-29,15.9848,20]}
]}