
{"title":"AeroRibGuideFace2", "psId":15, "units":2, "bboxMin":[-250,-550,-250], "bboxMax":[250,550,250], "hasXT":true, "hasPMI":true, "version":8.150181130, "children": [
	{"title":"AeroRibGuideFace2_1969", "fileRef":"0.bod", "psId":289, "units":2, "bboxMin":[-250,-500,-150], "bboxMax":[250,500,0]},
	{"title":"AeroRibGuideFace2_88819", "fileRef":"1.bod", "psId":420, "units":2, "bboxMin":[0,-550,-250], "bboxMax":[0,550,250]},
	{"title":"AeroRibGuideFace2_90330", "fileRef":"2.bod", "psId":516, "units":2, "bboxMin":[-150,-509.787,-161.367], "bboxMax":[150,501.749,14.9996]}
]}