
{"title":"SectionSurfaceConicShoulderSlopeFace_Input", "psId":15, "units":2, "bboxMin":[-20,-8.52651e-014,-20], "bboxMax":[50,120,40], "hasXT":true, "hasPMI":true, "version":8.150181130, "children": [
	{"title":"SectionSurf Circular Conic Cubic_WF", "fileRef":"0.bod", "psId":289, "units":2, "bboxMin":[0,-8.52651e-014,-5.68434e-014], "bboxMax":[50,120,40]},
	{"title":"SectionSurf Circular Conic Cubic_15600", "fileRef":"1.bod", "psId":406, "units":2, "bboxMin":[-20,0,40], "bboxMax":[0,100,40]},
	{"title":"SectionSurf Circular Conic Cubic_15807", "fileRef":"2.bod", "psId":503, "units":2, "bboxMin":[50,-4.16334e-014,-20], "bboxMax":[50,100,15]},
	{"title":"SectionSurf Circular Conic Cubic_19042", "fileRef":"3.bod", "psId":600, "units":2, "bboxMin":[-3,0,-3], "bboxMax":[3,40,3]}
]}