{"title":"PMI Root", "children":[
	{"title":"PMI", "children":[
		{"title":"ThroughCurvesArcLengthAlignment_Input", "psId":15, "units":2, "children":[
			{"title":"Note", "children":[
				{"title":"Label (4)", "fileRef":"Label%20(4).bod", "psId":417, "bboxMin":[43.793758,100.000000,20.450878], "bboxMax":[43.793758,126.376534,42.577168], "frame":[43.7938,160,33.8834,43.7938,160,34.8834,43.7938,161,33.8834], "textIdx":[2]},
				{"title":"Label (2)", "fileRef":"Label%20(2).bod", "psId":418, "bboxMin":[50.220936,-26.376535,14.580050], "bboxMax":[50.220936,0.000000,34.418091], "frame":[50.2209,-60,5.88632,50.2209,-60,6.88632,50.2209,-59,5.88632], "textIdx":[2]}
			]}
		]}
	]},
	{"title":"Model Views", "children":[
		{"title":"ThroughCurvesArcLengthAlignment_Input", "psId":15, "units":2, "children":[
			{"title":"_Top_", "psId":419, "pmiIds":[444], "excPartIds":["287"], "bgColor":"0x00ffffff", "edgeType":0, "cameraType":1, "camera":[40.000000,50.000000,271.032990,0.000000,0.000000,-1.000000,0.000000,40.000000,50.000000,0.000000]},
			{"title":"_Front_", "psId":420, "pmiIds":[444], "excPartIds":["287"], "bgColor":"0x00ffffff", "edgeType":0, "cameraType":1, "camera":[40.000000,-271.032990,20.000000,0.000000,1.000000,0.000000,3.141593,40.000000,0.000000,20.000000]},
			{"title":"_Right_", "psId":421, "pmiIds":[444], "excPartIds":["287"], "bgColor":"0x00ffffff", "edgeType":0, "cameraType":1, "camera":[338.791229,50.000000,20.000000,-1.000000,0.000000,0.000000,1.570796,0.000000,50.000000,20.000000]},
			{"title":"_Back_", "psId":422, "pmiIds":[444], "excPartIds":["287"], "bgColor":"0x00ffffff", "edgeType":0, "cameraType":1, "camera":[40.000000,271.032990,20.000000,0.000000,-1.000000,0.000000,0.000000,40.000000,0.000000,20.000000]},
			{"title":"_Bottom_", "psId":423, "pmiIds":[444], "excPartIds":["287"], "bgColor":"0x00ffffff", "edgeType":0, "cameraType":1, "camera":[40.000000,50.000000,-271.032990,0.000000,0.000000,1.000000,3.141593,40.000000,50.000000,-0.000000]},
			{"title":"_Left_", "psId":424, "pmiIds":[444], "excPartIds":["287"], "bgColor":"0x00ffffff", "edgeType":0, "cameraType":1, "camera":[-338.791229,50.000000,20.000000,1.000000,0.000000,0.000000,4.712389,0.000000,50.000000,20.000000]},
			{"title":"_Isometric_", "psId":425, "pmiIds":[444], "excPartIds":["287"], "bgColor":"0x00ffffff", "edgeType":0, "cameraType":1, "camera":[252.967636,-172.967636,237.957260,-0.577350,0.577350,-0.577350,1.047198,31.670124,48.329876,16.659752]},
			{"title":"_Trimetric_", "psId":426, "pmiIds":[417,418,444], "excPartIds":["287"], "bgColor":"0x00ffffff", "edgeType":0, "cameraType":1, "camera":[552.207397,-361.152649,283.717010,-0.718873,0.585049,-0.375419,1.274272,38.377235,57.023537,15.377955]}
		]}
	]}
]}
