
{"title":"Draft Body Match Isocline", "psId":15, "units":2, "bboxMin":[-60,-60,-100], "bboxMax":[60,60,37.5877], "hasXT":true, "hasPMI":true, "version":8.150181130, "children": [
	{"title":"Draft Body Match Isocline_WF", "fileRef":"0.bod", "psId":289, "units":2, "bboxMin":[-51.6031,-44.825,-68.517], "bboxMax":[51.4189,44.8249,-31.7037]},
	{"title":"Draft Body Match Isocline_4235", "fileRef":"1.bod", "psId":401, "units":2, "bboxMin":[-60,-60,-75], "bboxMax":[60,60,-31.3236]},
	{"title":"Draft Body Match Isocline_4477", "fileRef":"2.bod", "psId":497, "units":2, "bboxMin":[-51.596,-44.8623,-100], "bboxMax":[51.4155,44.8644,0]},
	{"title":"Draft Body Match Isocline_22155", "fileRef":"3.bod", "psId":917, "units":2, "bboxMin":[-1.40954,-2.98975,-0.51303], "bboxMax":[13.6808,2.98975,37.5877]}
]}