{"title":"PMI Root", "children":[
	{"title":"PMI", "children":[
		{"title":"ContourFlangeExtrude_Input", "psId":15, "units":2, "children":[
			{"title":"Note", "children":[
				{"title":"Label (3)", "fileRef":"Label%20(3).bod", "psId":391, "bboxMin":[0.000000,33.769287,0.000000], "bboxMax":[0.000000,61.882042,29.021555], "frame":[1.77636e-014,89.6801,29.0216,1.77636e-014,89.6801,30.0216,1.77636e-014,90.6801,29.0216], "textIdx":[2]}
			]}
		]}
	]},
	{"title":"Model Views", "children":[
		{"title":"ContourFlangeExtrude_Input", "psId":15, "units":2, "children":[
			{"title":"_Top_", "psId":392, "pmiIds":[417], "excPartIds":["287"], "bgColor":"0x00ffffff", "edgeType":0, "cameraType":1, "camera":[68.750000,82.475952,399.928040,0.000000,0.000000,-1.000000,0.000000,68.750000,82.475952,0.000000]},
			{"title":"_Front_", "psId":393, "pmiIds":[417], "excPartIds":["287"], "bgColor":"0x00ffffff", "edgeType":0, "cameraType":1, "camera":[68.750000,-399.928040,0.000000,0.000000,1.000000,0.000000,3.141593,68.750000,0.000000,0.000000]},
			{"title":"_Right_", "psId":394, "pmiIds":[417], "excPartIds":["287"], "bgColor":"0x00ffffff", "edgeType":0, "cameraType":1, "camera":[479.773743,82.475952,0.000000,-1.000000,0.000000,0.000000,1.570796,0.000000,82.475952,0.000000]},
			{"title":"_Back_", "psId":395, "pmiIds":[417], "excPartIds":["287"], "bgColor":"0x00ffffff", "edgeType":0, "cameraType":1, "camera":[68.750000,399.928040,0.000000,0.000000,-1.000000,0.000000,0.000000,68.750000,0.000000,0.000000]},
			{"title":"_Bottom_", "psId":396, "pmiIds":[417], "excPartIds":["287"], "bgColor":"0x00ffffff", "edgeType":0, "cameraType":1, "camera":[68.750000,82.475952,-399.928040,0.000000,0.000000,1.000000,3.141593,68.750000,82.475952,-0.000000]},
			{"title":"_Left_", "psId":397, "pmiIds":[417], "excPartIds":["287"], "bgColor":"0x00ffffff", "edgeType":0, "cameraType":1, "camera":[-479.773743,82.475952,0.000000,1.000000,0.000000,0.000000,4.712389,0.000000,82.475952,0.000000]},
			{"title":"_Isometric_", "psId":398, "pmiIds":[417], "excPartIds":["287"], "bgColor":"0x00ffffff", "edgeType":0, "cameraType":1, "camera":[426.416382,-275.190430,375.803406,-0.577350,0.577350,-0.577350,1.047198,67.279640,83.946312,16.666666]},
			{"title":"_Trimetric_", "psId":399, "pmiIds":[391,417], "excPartIds":["287"], "bgColor":"0x00ffffff", "edgeType":0, "cameraType":1, "camera":[567.620239,-341.205811,257.470062,-0.718873,0.585049,-0.375419,1.274272,61.297699,70.860359,-6.948266]}
		]}
	]}
]}
