{"properties":[
	{"psId":15,  "values":{
		"DefaultModelViewNGID":"\\0\\0",
		"NX_MaterialMissingAssignments::":"TRUE",
		"NX_MaterialMultipleAssigned::":"FALSE",
		"CAD Source::":"NX",
		"JT_PMI_CONTENT_HINT":"VisiblePMI,ModelViews",
		"CAD_PARTNAME::":"Draft Body Match Isocline",
		"Name::":"Draft Body Match Isocline",
		"DefaultModelViewCADTag":"58"
	}},
	{"psId":1060,  "values":{
		"originAnchor":"4",
		"units":"1",
		"Text[0].Item[1].string":"/n",
		"allAround":"0",
		"Text[0].Item[0].string":"Draw Direction",
		"LIVE_HELP[0]_Display":"UGS::ModlFeatureUI::DraftBody->drawDirection->constructor->vectorInferred->inferredObjects",
		"font":"Arial",
		"textColour":"0x00000000"
	}},
	{"psId":1061,  "values":{
		"textColour":"0x00000000",
		"units":"1",
		"originAnchor":"4",
		"Text[0].Item[0].string":"Match to Isocline",
		"font":"Arial",
		"allAround":"0",
		"LIVE_HELP[0]_Display":"UGS::ModlFeatureUI::DraftBody->matchType"
	}},
	{"psId":1062,  "values":{
		"originAnchor":"4",
		"units":"1",
		"Text[0].Item[1].string":"/n",
		"allAround":"0",
		"Text[0].Item[0].string":"Parting Sheet",
		"LIVE_HELP[0]_Display":"UGS::ModlFeatureUI::DraftBody->partingObject",
		"font":"Arial",
		"textColour":"0x00000000"
	}},
	{"psId":289,  "values":{
		"Angular":"20.000000 0.000000 0.000000",
		"_nTrisLODs":"3::66::39::22",
		"BSphereCoverageFractionMax":"1",
		"Translator Version::":"NX 1872",
		"AdvCompressLODLevel::":"0.000000 0.500000 1.000000 ",
		"Translation Date::":"2019 1 24 16 57 40",
		"SegLength":"0.000000 0.000000 0.000000",
		"SUBNODE":"1",
		"CAD Source::":"NX",
		"Chordal":"0.142053 0.497187 1.420534",
		"JT_PMI_CONTENT_HINT":"WireFrame",
		"Name::":"Draft Body Match Isocline_WF",
		"PMI_TYPE_TABLE":"                        4.Spot Weld,                        8.Line Weld,                        10.Groove Weld,                        11.Fillet Weld,                        12.Plug/Slot Weld,                        14.Edge Weld,                        18.Arc Spot Weld,                        20.Resistance Spot Weld,                        21.Resistance Seam Weld,                        22.Bead Weld,                        24.Tape Weld,                        28.Dollop Weld,                        40.Clinch Weld,                        41.Surface Finish,                        42.Measurement Point,                        44.Datum Locator,                        48.Certification Point,                        81.Feature Control Frame,                        82.Dimension,                        84.Datum Feature Symbol,                        88.Datum Target,                        100.Note,                        101.Face Attribute,                        104.Coordinate System,                        108.Reference Geometry,                        110.Reference Point,                        111.Reference Axis,                        112.Reference Plane,                        114.User Defined,                        118.Measurement Locator,                        120.Datum Point,                        121.Surface Vector,                         122.Hole/Slot/Stud Vector,                        124.Trim Vector,                        128.Hem Vector,                        231.Material Specification,                        232.Process Specification,                        233.Part Specification,                        235.Balloon Note,                        239.Coordinate Note,                        242.Cutting Plane Symbol,                        244.eMarking Note,                        245.Organisation Note,                        246.Region,                         777.Weld Labels,                        306.Centerline,                        309.Weld Note,                        311.Table,                         781.Callout Dimension,                        783.Chamfer Dimension,                        8001.Thread Feature,                        8002.Arc Weld,                        8003.Weld Datum,                        8004.Discrete Join,                        8005.Resistance Weld,                        8006.Continuous Join,                        8007.Adhessive Fill,                        8008.Surface Weld,                        8009.Measurement Locator,                        800A.Group Weld",
		"JT_PROP_ORIGINATING_BREPTYPE":"JtBrep",
		"JT_PROP_MEASUREMENT_UNITS::":"millimeters"
	}},
	{"psId":401,  "values":{
		"Angular":"20.000000 0.000000 0.000000",
		"_nTrisLODs":"3::16::10::6",
		"BSphereCoverageFractionMax":"0.635003",
		"Translator Version::":"NX 1872",
		"AdvCompressLODLevel::":"0.000000 0.500000 1.000000 ",
		"Translation Date::":"2019 1 24 16 57 40",
		"SegLength":"0.000000 0.000000 0.000000",
		"SUBNODE":"1",
		"CAD Source::":"NX",
		"LIVE_HELP[0]::":"UGS::ModlFeatureUI::DraftBody->partingObject",
		"Chordal":"0.000175 0.000613 0.001752",
		"JT_PMI_CONTENT_HINT":"none",
		"Name::":"Draft Body Match Isocline_4235",
		"PMI_TYPE_TABLE":"                        4.Spot Weld,                        8.Line Weld,                        10.Groove Weld,                        11.Fillet Weld,                        12.Plug/Slot Weld,                        14.Edge Weld,                        18.Arc Spot Weld,                        20.Resistance Spot Weld,                        21.Resistance Seam Weld,                        22.Bead Weld,                        24.Tape Weld,                        28.Dollop Weld,                        40.Clinch Weld,                        41.Surface Finish,                        42.Measurement Point,                        44.Datum Locator,                        48.Certification Point,                        81.Feature Control Frame,                        82.Dimension,                        84.Datum Feature Symbol,                        88.Datum Target,                        100.Note,                        101.Face Attribute,                        104.Coordinate System,                        108.Reference Geometry,                        110.Reference Point,                        111.Reference Axis,                        112.Reference Plane,                        114.User Defined,                        118.Measurement Locator,                        120.Datum Point,                        121.Surface Vector,                         122.Hole/Slot/Stud Vector,                        124.Trim Vector,                        128.Hem Vector,                        231.Material Specification,                        232.Process Specification,                        233.Part Specification,                        235.Balloon Note,                        239.Coordinate Note,                        242.Cutting Plane Symbol,                        244.eMarking Note,                        245.Organisation Note,                        246.Region,                         777.Weld Labels,                        306.Centerline,                        309.Weld Note,                        311.Table,                         781.Callout Dimension,                        783.Chamfer Dimension,                        8001.Thread Feature,                        8002.Arc Weld,                        8003.Weld Datum,                        8004.Discrete Join,                        8005.Resistance Weld,                        8006.Continuous Join,                        8007.Adhessive Fill,                        8008.Surface Weld,                        8009.Measurement Locator,                        800A.Group Weld",
		"JT_PROP_ORIGINATING_BREPTYPE":"XTBrep",
		"JT_PROP_MEASUREMENT_UNITS::":"millimeters"
	}},
	{"psId":497,  "values":{
		"_nTrisLODs":"3::824::360::180",
		"Translator Version::":"NX 1872",
		"BSphereCoverageFractionMax":"0.350633",
		"SegLength":"0.000000 0.000000 0.000000",
		"CAD Source::":"NX",
		"AdvCompressLODLevel::":"0.000000 0.500000 1.000000 ",
		"Chordal":"0.000181 0.000634 0.001811",
		"JT_PMI_CONTENT_HINT":"none",
		"PMI_TYPE_TABLE":"                        4.Spot Weld,                        8.Line Weld,                        10.Groove Weld,                        11.Fillet Weld,                        12.Plug/Slot Weld,                        14.Edge Weld,                        18.Arc Spot Weld,                        20.Resistance Spot Weld,                        21.Resistance Seam Weld,                        22.Bead Weld,                        24.Tape Weld,                        28.Dollop Weld,                        40.Clinch Weld,                        41.Surface Finish,                        42.Measurement Point,                        44.Datum Locator,                        48.Certification Point,                        81.Feature Control Frame,                        82.Dimension,                        84.Datum Feature Symbol,                        88.Datum Target,                        100.Note,                        101.Face Attribute,                        104.Coordinate System,                        108.Reference Geometry,                        110.Reference Point,                        111.Reference Axis,                        112.Reference Plane,                        114.User Defined,                        118.Measurement Locator,                        120.Datum Point,                        121.Surface Vector,                         122.Hole/Slot/Stud Vector,                        124.Trim Vector,                        128.Hem Vector,                        231.Material Specification,                        232.Process Specification,                        233.Part Specification,                        235.Balloon Note,                        239.Coordinate Note,                        242.Cutting Plane Symbol,                        244.eMarking Note,                        245.Organisation Note,                        246.Region,                         777.Weld Labels,                        306.Centerline,                        309.Weld Note,                        311.Table,                         781.Callout Dimension,                        783.Chamfer Dimension,                        8001.Thread Feature,                        8002.Arc Weld,                        8003.Weld Datum,                        8004.Discrete Join,                        8005.Resistance Weld,                        8006.Continuous Join,                        8007.Adhessive Fill,                        8008.Surface Weld,                        8009.Measurement Locator,                        800A.Group Weld",
		"Name::":"Draft Body Match Isocline_4477",
		"JT_PROP_ORIGINATING_BREPTYPE":"XTBrep",
		"Angular":"20.000000 0.000000 0.000000",
		"JT_PROP_MEASUREMENT_UNITS::":"millimeters",
		"SUBNODE":"1",
		"Translation Date::":"2019 1 24 16 57 40"
	}},
	{"psId":917,  "values":{
		"_nTrisLODs":"3::112::56::30",
		"Translator Version::":"NX 1872",
		"BSphereCoverageFractionMax":"0.0893878",
		"SegLength":"0.000000 0.000000 0.000000",
		"CAD Source::":"NX",
		"AdvCompressLODLevel::":"0.000000 0.500000 1.000000 ",
		"Chordal":"0.000041 0.000145 0.000414",
		"JT_PMI_CONTENT_HINT":"none",
		"PMI_TYPE_TABLE":"                        4.Spot Weld,                        8.Line Weld,                        10.Groove Weld,                        11.Fillet Weld,                        12.Plug/Slot Weld,                        14.Edge Weld,                        18.Arc Spot Weld,                        20.Resistance Spot Weld,                        21.Resistance Seam Weld,                        22.Bead Weld,                        24.Tape Weld,                        28.Dollop Weld,                        40.Clinch Weld,                        41.Surface Finish,                        42.Measurement Point,                        44.Datum Locator,                        48.Certification Point,                        81.Feature Control Frame,                        82.Dimension,                        84.Datum Feature Symbol,                        88.Datum Target,                        100.Note,                        101.Face Attribute,                        104.Coordinate System,                        108.Reference Geometry,                        110.Reference Point,                        111.Reference Axis,                        112.Reference Plane,                        114.User Defined,                        118.Measurement Locator,                        120.Datum Point,                        121.Surface Vector,                         122.Hole/Slot/Stud Vector,                        124.Trim Vector,                        128.Hem Vector,                        231.Material Specification,                        232.Process Specification,                        233.Part Specification,                        235.Balloon Note,                        239.Coordinate Note,                        242.Cutting Plane Symbol,                        244.eMarking Note,                        245.Organisation Note,                        246.Region,                         777.Weld Labels,                        306.Centerline,                        309.Weld Note,                        311.Table,                         781.Callout Dimension,                        783.Chamfer Dimension,                        8001.Thread Feature,                        8002.Arc Weld,                        8003.Weld Datum,                        8004.Discrete Join,                        8005.Resistance Weld,                        8006.Continuous Join,                        8007.Adhessive Fill,                        8008.Surface Weld,                        8009.Measurement Locator,                        800A.Group Weld",
		"Name::":"Draft Body Match Isocline_22155",
		"JT_PROP_ORIGINATING_BREPTYPE":"XTBrep",
		"LIVE_HELP[0]::":"UGS::ModlFeatureUI::DraftBody->drawDirection->constructor->vectorInferred->inferredObjects",
		"Angular":"20.000000 0.000000 0.000000",
		"JT_PROP_MEASUREMENT_UNITS::":"millimeters",
		"SUBNODE":"1",
		"Translation Date::":"2019 1 24 16 57 40"
	}}
]}
