{"title":"PMI Root", "children":[
	{"title":"PMI", "children":[
		{"title":"AeroRibMultiFromLayout_Input", "psId":15, "units":2, "children":[
			{"title":"Note", "children":[
				{"title":"Label (6)", "fileRef":"Label%20(6).bod", "psId":564, "bboxMin":[-51.830006,-566.439270,141.036728], "bboxMax":[-51.830006,-360.000000,240.000000], "frame":[-51.83,-780,96.6472,-51.83,-780,97.6472,-51.83,-779,96.6472], "textIdx":[2]},
				{"title":"Label (4)", "fileRef":"Label%20(4).bod", "psId":565, "bboxMin":[-106.665627,-604.559998,-90.588402], "bboxMax":[-106.665627,-411.546783,-4.745165], "frame":[-106.666,-690,-49.1347,-106.666,-690,-48.1347,-106.666,-689,-49.1347], "textIdx":[2], "xtIds":["427|1973","427|1974"]}
			]}
		]}
	]},
	{"title":"Model Views", "children":[
		{"title":"AeroRibMultiFromLayout_Input", "psId":15, "units":2, "children":[
			{"title":"_Top_", "psId":566, "pmiIds":[597], "excPartIds":["289"], "bgColor":"0x00ffffff", "edgeType":0, "cameraType":1, "camera":[0.000000,0.000000,1606.453857,0.000000,0.000000,-1.000000,0.000000,0.000000,0.000000,0.000000]},
			{"title":"_Front_", "psId":567, "pmiIds":[597], "excPartIds":["289"], "bgColor":"0x00ffffff", "edgeType":0, "cameraType":1, "camera":[0.000000,-626.516968,45.000000,0.000000,1.000000,0.000000,3.141593,0.000000,0.000000,45.000000]},
			{"title":"_Right_", "psId":568, "pmiIds":[597], "excPartIds":["289"], "bgColor":"0x00ffffff", "edgeType":0, "cameraType":1, "camera":[893.677979,0.000000,45.000000,-1.000000,0.000000,0.000000,1.570796,0.000000,0.000000,45.000000]},
			{"title":"_Back_", "psId":569, "pmiIds":[597], "excPartIds":["289"], "bgColor":"0x00ffffff", "edgeType":0, "cameraType":1, "camera":[0.000000,626.516968,45.000000,0.000000,-1.000000,0.000000,0.000000,0.000000,0.000000,45.000000]},
			{"title":"_Bottom_", "psId":570, "pmiIds":[597], "excPartIds":["289"], "bgColor":"0x00ffffff", "edgeType":0, "cameraType":1, "camera":[0.000000,0.000000,-1606.453857,0.000000,0.000000,1.000000,3.141593,0.000000,0.000000,0.000000]},
			{"title":"_Left_", "psId":571, "pmiIds":[597], "excPartIds":["289"], "bgColor":"0x00ffffff", "edgeType":0, "cameraType":1, "camera":[-893.677979,0.000000,45.000000,1.000000,0.000000,0.000000,4.712389,0.000000,0.000000,45.000000]},
			{"title":"_Isometric_", "psId":572, "pmiIds":[597], "excPartIds":["289"], "bgColor":"0x00ffffff", "edgeType":0, "cameraType":1, "camera":[745.477112,-745.477112,735.477112,-0.577350,0.577350,-0.577350,1.047198,3.333333,-3.333333,-6.666667]},
			{"title":"_Trimetric_", "psId":573, "pmiIds":[564,565,597], "excPartIds":["289"], "bgColor":"0x00ffffff", "edgeType":0, "cameraType":1, "camera":[750.189087,-787.021790,436.064941,-0.718873,0.585049,-0.375419,1.274272,-86.179443,-106.350548,-0.714288]}
		]}
	]}
]}
