{"title":"PMI Root", "children":[
	{"title":"PMI", "children":[
		{"title":"SweepSheet_Output", "psId":15, "units":2, "children":[
			{"title":"Note", "children":[
				{"title":"Label (2)", "fileRef":"Label%20(2).bod", "psId":474, "bboxMin":[-36.860847,73.028152,9.153249], "bboxMax":[0.000000,73.028152,27.475306], "frame":[-60,73.0282,27.4753,-60,73.0282,28.4753,-59,73.0282,27.4753], "textIdx":[2]},
				{"title":"Label (4)", "fileRef":"Label%20(4).bod", "psId":475, "bboxMin":[54.260109,-17.650682,-25.406593], "bboxMax":[54.260109,0.000000,-1.931438], "frame":[54.2601,-45.4488,-34.1003,54.2601,-45.4488,-33.1003,54.2601,-44.4488,-34.1003], "textIdx":[2]}
			]}
		]}
	]},
	{"title":"Model Views", "children":[
		{"title":"SweepSheet_Output", "psId":15, "units":2, "children":[
			{"title":"_Top_", "psId":476, "pmiIds":[501], "excPartIds":["287"], "bgColor":"0x00ffffff", "edgeType":0, "cameraType":1, "camera":[50.000000,75.000000,240.968079,0.000000,0.000000,-1.000000,0.000000,50.000000,75.000000,0.000000]},
			{"title":"_Front_", "psId":477, "pmiIds":[501], "excPartIds":["287"], "bgColor":"0x00ffffff", "edgeType":0, "cameraType":1, "camera":[50.000000,-100.958954,1.612398,0.000000,1.000000,0.000000,3.141593,50.000000,0.000000,1.612398]},
			{"title":"_Right_", "psId":478, "pmiIds":[501], "excPartIds":["287"], "bgColor":"0x00ffffff", "edgeType":0, "cameraType":1, "camera":[151.438431,75.000000,1.612398,-1.000000,0.000000,0.000000,1.570796,0.000000,75.000000,1.612398]},
			{"title":"_Back_", "psId":479, "pmiIds":[501], "excPartIds":["287"], "bgColor":"0x00ffffff", "edgeType":0, "cameraType":1, "camera":[50.000000,100.958954,1.612398,0.000000,-1.000000,0.000000,0.000000,50.000000,0.000000,1.612398]},
			{"title":"_Bottom_", "psId":480, "pmiIds":[501], "excPartIds":["287"], "bgColor":"0x00ffffff", "edgeType":0, "cameraType":1, "camera":[50.000000,75.000000,-240.968079,0.000000,0.000000,1.000000,3.141593,50.000000,75.000000,-0.000000]},
			{"title":"_Left_", "psId":481, "pmiIds":[501], "excPartIds":["287"], "bgColor":"0x00ffffff", "edgeType":0, "cameraType":1, "camera":[-151.438431,75.000000,1.612398,1.000000,0.000000,0.000000,4.712389,0.000000,75.000000,1.612398]},
			{"title":"_Isometric_", "psId":482, "pmiIds":[501], "excPartIds":["287"], "bgColor":"0x00ffffff", "edgeType":0, "cameraType":1, "camera":[170.044968,-45.044964,121.657364,-0.577350,0.577350,-0.577350,1.047198,57.795868,67.204132,9.408265]},
			{"title":"_Trimetric_", "psId":483, "pmiIds":[474,475,501], "excPartIds":["287"], "bgColor":"0x00ffffff", "edgeType":0, "cameraType":1, "camera":[220.916321,-76.142632,85.572472,-0.718873,0.585049,-0.375419,1.274272,51.633575,61.626656,-2.832559]}
		]}
	]}
]}
