
{"title":"SweepScoop_Output", "psId":15, "units":2, "bboxMin":[-0.0228968,-4.34972,-10], "bboxMax":[103.575,150.44,24.7384], "hasXT":true, "hasPMI":true, "version":8.150181130, "children": [
	{"title":"Sweep 2x2 Scoop_WF", "fileRef":"0.bod", "psId":289, "units":2, "bboxMin":[0,-4.34972,0.777792], "bboxMax":[70,150.44,24.3354]},
	{"title":"Sweep 2x2 Scoop_15601", "fileRef":"1.bod", "psId":402, "units":2, "bboxMin":[0,0,-10], "bboxMax":[103.575,150,10.9896]},
	{"title":"Sweep 2x2 Scoop_15744", "fileRef":"2.bod", "psId":499, "units":2, "bboxMin":[-0.0228968,25,0.777792], "bboxMax":[70,125,24.7384]}
]}