
{"title":"VariOffsetPanel2_Regions", "psId":15, "units":2, "bboxMin":[-400,-38.0651,9.97695e-015], "bboxMax":[5.55112e-014,25,40], "hasXT":true, "hasPMI":true, "version":8.150181130, "children": [
	{"title":"Vari Offset Panel 2_64112", "fileRef":"0.bod", "psId":287, "units":2, "bboxMin":[-300,-38.0651,9.97695e-015], "bboxMax":[-65,25,37.2077]},
	{"title":"Vari Offset Panel 2_64380", "fileRef":"1.bod", "psId":1124, "units":2, "bboxMin":[-400,-38.0651,1.21554], "bboxMax":[-315,25,40]},
	{"title":"Vari Offset Panel 2_64382", "fileRef":"2.bod", "psId":1330, "units":2, "bboxMin":[-315,-38.0651,1.21554], "bboxMax":[-300,-12.5,37.6265]},
	{"title":"Vari Offset Panel 2_64383", "fileRef":"3.bod", "psId":1495, "units":2, "bboxMin":[-315,12.5,37.2077], "bboxMax":[-300,25,37.6265]},
	{"title":"Vari Offset Panel 2_64384", "fileRef":"4.bod", "psId":1590, "units":2, "bboxMin":[-65,-31.1714,1.08557e-014], "bboxMax":[-50,10,35]},
	{"title":"Vari Offset Panel 2_64385", "fileRef":"5.bod", "psId":1825, "units":2, "bboxMin":[-50,-31.1714,1.1152e-014], "bboxMax":[5.55112e-014,25,35]}
]}