
{"title":"VariOffsetPanel2_Input", "psId":15, "units":2, "bboxMin":[-400,-50,0], "bboxMax":[5.55112e-014,50,50], "hasXT":true, "hasPMI":true, "version":8.150181130, "children": [
	{"title":"Vari Offset Panel 2_1768", "fileRef":"0.bod", "psId":287, "units":2, "bboxMin":[-315,-50,0], "bboxMax":[-315,50,50]},
	{"title":"Vari Offset Panel 2_1770", "fileRef":"1.bod", "psId":383, "units":2, "bboxMin":[-300,-50,0], "bboxMax":[-300,50,50]},
	{"title":"Vari Offset Panel 2_1771", "fileRef":"2.bod", "psId":478, "units":2, "bboxMin":[-65,-50,0], "bboxMax":[-65,50,50]},
	{"title":"Vari Offset Panel 2_1772", "fileRef":"3.bod", "psId":573, "units":2, "bboxMin":[-50,-50,0], "bboxMax":[-50,50,50]},
	{"title":"Vari Offset Panel 2_63999", "fileRef":"4.bod", "psId":668, "units":2, "bboxMin":[-400,-38.0651,9.97695e-015], "bboxMax":[5.55112e-014,25,40]}
]}