
{"title":"ThroughCurvesTransition_Output", "psId":15, "units":2, "bboxMin":[-50,-20,-0.000159115], "bboxMax":[50,191.333,35], "hasXT":true, "hasPMI":true, "version":8.150181130, "children": [
	{"title":"Loft Transition_2061", "fileRef":"0.bod", "psId":287, "units":2, "bboxMin":[-50,100,-8.853e-005], "bboxMax":[50,191.333,35]},
	{"title":"Loft Transition_2124", "fileRef":"1.bod", "psId":382, "units":2, "bboxMin":[-45,-20,4.02031e-015], "bboxMax":[5,0,24.9417]},
	{"title":"Loft Transition_2641", "fileRef":"2.bod", "psId":477, "units":2, "bboxMin":[-50,0,-0.000159115], "bboxMax":[50,100,35]}
]}