
{"title":"DraftPartingFace_Input", "psId":15, "units":2, "bboxMin":[-40.5,-33.0032,-3.5], "bboxMax":[47.0358,22.0028,20], "hasXT":true, "hasPMI":true, "version":8.150181130, "children": [
	{"title":"Draft from Parting Face_35650", "fileRef":"0.bod", "psId":287, "units":2, "bboxMin":[-40.5,-33,0], "bboxMax":[47.0358,22,0]},
	{"title":"Draft from Parting Face_36204", "fileRef":"1.bod", "psId":383, "units":2, "bboxMin":[-40.4297,-33.0032,-3.5], "bboxMax":[46.2372,22.0028,8]},
	{"title":"Draft from Parting Face_40090", "fileRef":"2.bod", "psId":974, "units":2, "bboxMin":[-31,14.0152,5], "bboxMax":[-29,15.9848,20]}
]}