{"properties":[
	{"psId":15,  "values":{
		"DefaultModelViewNGID":"\\0\\0",
		"NX_MaterialMissingAssignments::":"TRUE",
		"NX_MaterialMultipleAssigned::":"FALSE",
		"CAD Source::":"NX",
		"JT_PMI_CONTENT_HINT":"VisiblePMI,ModelViews,EmptyModelViews",
		"CAD_PARTNAME::":"Draft Body Fill to Plane",
		"Name::":"Draft Body Fill to Plane",
		"DefaultModelViewCADTag":"56"
	}},
	{"psId":753,  "values":{
		"originAnchor":"4",
		"units":"1",
		"Text[0].Item[1].string":"/n",
		"allAround":"0",
		"Text[0].Item[0].string":"Parting Sheet",
		"LIVE_HELP[0]_Display":"UGS::ModlFeatureUI::DraftBody->partingObject",
		"font":"Arial Unicode MS",
		"textColour":"0x00000000"
	}},
	{"psId":754,  "values":{
		"originAnchor":"4",
		"units":"1",
		"Text[0].Item[1].string":"/n",
		"allAround":"0",
		"Text[0].Item[0].string":"Face",
		"LIVE_HELP[0]_Display":"UGS::ModlFeatureUI::DraftBody->facesToDraft",
		"font":"Arial Unicode MS",
		"textColour":"0x00000000"
	}},
	{"psId":755,  "values":{
		"originAnchor":"4",
		"units":"1",
		"Text[0].Item[1].string":"/n",
		"allAround":"0",
		"Text[0].Item[0].string":"Draw Direction",
		"LIVE_HELP[0]_Display":"UGS::ModlFeatureUI::DraftBody->drawDirection->constructor->vectorInferred->inferredObjects",
		"font":"Arial Unicode MS",
		"textColour":"0x00000000"
	}},
	{"psId":289,  "values":{
		"_nTrisLODs":"3::1906::534::192",
		"Translator Version::":"NX 1872",
		"BSphereCoverageFractionMax":"0.168105",
		"SegLength":"0.000000 0.000000 0.000000",
		"CAD Source::":"NX",
		"AdvCompressLODLevel::":"0.000000 0.500000 1.000000 ",
		"Chordal":"0.000173 0.000604 0.001726",
		"JT_PMI_CONTENT_HINT":"none",
		"PMI_TYPE_TABLE":"                        4.Spot Weld,                        8.Line Weld,                        10.Groove Weld,                        11.Fillet Weld,                        12.Plug/Slot Weld,                        14.Edge Weld,                        18.Arc Spot Weld,                        20.Resistance Spot Weld,                        21.Resistance Seam Weld,                        22.Bead Weld,                        24.Tape Weld,                        28.Dollop Weld,                        40.Clinch Weld,                        41.Surface Finish,                        42.Measurement Point,                        44.Datum Locator,                        48.Certification Point,                        81.Feature Control Frame,                        82.Dimension,                        84.Datum Feature Symbol,                        88.Datum Target,                        100.Note,                        101.Face Attribute,                        104.Coordinate System,                        108.Reference Geometry,                        110.Reference Point,                        111.Reference Axis,                        112.Reference Plane,                        114.User Defined,                        118.Measurement Locator,                        120.Datum Point,                        121.Surface Vector,                         122.Hole/Slot/Stud Vector,                        124.Trim Vector,                        128.Hem Vector,                        231.Material Specification,                        232.Process Specification,                        233.Part Specification,                        235.Balloon Note,                        239.Coordinate Note,                        242.Cutting Plane Symbol,                        244.eMarking Note,                        245.Organisation Note,                        246.Region,                         777.Weld Labels,                        306.Centerline,                        309.Weld Note,                        311.Table,                         781.Callout Dimension,                        783.Chamfer Dimension,                        8001.Thread Feature,                        8002.Arc Weld,                        8003.Weld Datum,                        8004.Discrete Join,                        8005.Resistance Weld,                        8006.Continuous Join,                        8007.Adhessive Fill,                        8008.Surface Weld,                        8009.Measurement Locator,                        800A.Group Weld",
		"Name::":"Draft Body Fill to Plane_4134",
		"JT_PROP_ORIGINATING_BREPTYPE":"XTBrep",
		"Angular":"20.000000 0.000000 0.000000",
		"JT_PROP_MEASUREMENT_UNITS::":"millimeters",
		"SUBNODE":"1",
		"Translation Date::":"2019 1 24 16 52 5"
	}},
	{"psId":444,  "values":{
		"_nTrisLODs":"3::112::56::30",
		"Translator Version::":"NX 1872",
		"BSphereCoverageFractionMax":"0.091346",
		"SegLength":"0.000000 0.000000 0.000000",
		"CAD Source::":"NX",
		"AdvCompressLODLevel::":"0.000000 0.500000 1.000000 ",
		"Chordal":"0.000041 0.000143 0.000409",
		"JT_PMI_CONTENT_HINT":"none",
		"PMI_TYPE_TABLE":"                        4.Spot Weld,                        8.Line Weld,                        10.Groove Weld,                        11.Fillet Weld,                        12.Plug/Slot Weld,                        14.Edge Weld,                        18.Arc Spot Weld,                        20.Resistance Spot Weld,                        21.Resistance Seam Weld,                        22.Bead Weld,                        24.Tape Weld,                        28.Dollop Weld,                        40.Clinch Weld,                        41.Surface Finish,                        42.Measurement Point,                        44.Datum Locator,                        48.Certification Point,                        81.Feature Control Frame,                        82.Dimension,                        84.Datum Feature Symbol,                        88.Datum Target,                        100.Note,                        101.Face Attribute,                        104.Coordinate System,                        108.Reference Geometry,                        110.Reference Point,                        111.Reference Axis,                        112.Reference Plane,                        114.User Defined,                        118.Measurement Locator,                        120.Datum Point,                        121.Surface Vector,                         122.Hole/Slot/Stud Vector,                        124.Trim Vector,                        128.Hem Vector,                        231.Material Specification,                        232.Process Specification,                        233.Part Specification,                        235.Balloon Note,                        239.Coordinate Note,                        242.Cutting Plane Symbol,                        244.eMarking Note,                        245.Organisation Note,                        246.Region,                         777.Weld Labels,                        306.Centerline,                        309.Weld Note,                        311.Table,                         781.Callout Dimension,                        783.Chamfer Dimension,                        8001.Thread Feature,                        8002.Arc Weld,                        8003.Weld Datum,                        8004.Discrete Join,                        8005.Resistance Weld,                        8006.Continuous Join,                        8007.Adhessive Fill,                        8008.Surface Weld,                        8009.Measurement Locator,                        800A.Group Weld",
		"Name::":"Draft Body Fill to Plane_17020",
		"JT_PROP_ORIGINATING_BREPTYPE":"XTBrep",
		"LIVE_HELP[0]::":"UGS::ModlFeatureUI::DraftBody->drawDirection->constructor->vectorInferred->inferredObjects",
		"Angular":"20.000000 0.000000 0.000000",
		"JT_PROP_MEASUREMENT_UNITS::":"millimeters",
		"SUBNODE":"1",
		"Translation Date::":"2019 1 24 16 52 5"
	}},
	{"psId":582,  "values":{
		"Angular":"20.000000 0.000000 0.000000",
		"_nTrisLODs":"3::6::6::6",
		"BSphereCoverageFractionMax":"0.0633481",
		"Translator Version::":"NX 1872",
		"AdvCompressLODLevel::":"0.000000 0.500000 1.000000 ",
		"Translation Date::":"2019 1 24 16 52 5",
		"SegLength":"0.000000 0.000000 0.000000",
		"SUBNODE":"1",
		"CAD Source::":"NX",
		"LIVE_HELP[0]::":"UGS::ModlFeatureUI::DraftBody->partingObject",
		"Chordal":"0.000223 0.000780 0.002229",
		"JT_PMI_CONTENT_HINT":"none",
		"Name::":"Draft Body Fill to Plane_21558",
		"PMI_TYPE_TABLE":"                        4.Spot Weld,                        8.Line Weld,                        10.Groove Weld,                        11.Fillet Weld,                        12.Plug/Slot Weld,                        14.Edge Weld,                        18.Arc Spot Weld,                        20.Resistance Spot Weld,                        21.Resistance Seam Weld,                        22.Bead Weld,                        24.Tape Weld,                        28.Dollop Weld,                        40.Clinch Weld,                        41.Surface Finish,                        42.Measurement Point,                        44.Datum Locator,                        48.Certification Point,                        81.Feature Control Frame,                        82.Dimension,                        84.Datum Feature Symbol,                        88.Datum Target,                        100.Note,                        101.Face Attribute,                        104.Coordinate System,                        108.Reference Geometry,                        110.Reference Point,                        111.Reference Axis,                        112.Reference Plane,                        114.User Defined,                        118.Measurement Locator,                        120.Datum Point,                        121.Surface Vector,                         122.Hole/Slot/Stud Vector,                        124.Trim Vector,                        128.Hem Vector,                        231.Material Specification,                        232.Process Specification,                        233.Part Specification,                        235.Balloon Note,                        239.Coordinate Note,                        242.Cutting Plane Symbol,                        244.eMarking Note,                        245.Organisation Note,                        246.Region,                         777.Weld Labels,                        306.Centerline,                        309.Weld Note,                        311.Table,                         781.Callout Dimension,                        783.Chamfer Dimension,                        8001.Thread Feature,                        8002.Arc Weld,                        8003.Weld Datum,                        8004.Discrete Join,                        8005.Resistance Weld,                        8006.Continuous Join,                        8007.Adhessive Fill,                        8008.Surface Weld,                        8009.Measurement Locator,                        800A.Group Weld",
		"JT_PROP_ORIGINATING_BREPTYPE":"XTBrep",
		"JT_PROP_MEASUREMENT_UNITS::":"millimeters"
	}}
]}
