
{"title":"VariOffsetPanel1_Output", "psId":15, "units":2, "bboxMin":[-80,0,0], "bboxMax":[80,200,70], "hasXT":true, "hasPMI":true, "version":8.150181130, "children": [
	{"title":"Vari Offset Panel 1_WF", "fileRef":"0.bod", "psId":287, "units":2, "bboxMin":[-80,50,0], "bboxMax":[80,150,0]},
	{"title":"Vari Offset Panel 1_352", "fileRef":"1.bod", "psId":373, "units":2, "bboxMin":[-60,0,0], "bboxMax":[60,200,0]},
	{"title":"Vari Offset Panel 1_683", "fileRef":"2.bod", "psId":468, "units":2, "bboxMin":[-60,0,30], "bboxMax":[60,200,70]}
]}