<?xml version="1.0" encoding="UTF-8"?>
<VisualAssistant>
    <Content id="UGS::ModlAeroUI::AeroRib">
        <Context preview="ModlAeroUI_AeroRib/AeroRibGuideCurve.png" title="Aero Rib Help" description="Rib normal to skin from a guide curve." index="0" reflect="ModlAeroUI_AeroRib/AeroRibGuideCurve.macro">
           <Model label="Input" path="ModlAeroUI_AeroRib/AeroRibGuideCurve_Input" index="0"/>
           <Model label="Output" path="ModlAeroUI_AeroRib/AeroRibGuideCurve_Output" index="1" active="true"/>
        </Context>
        <Context preview="ModlAeroUI_AeroRib/AeroRibGuideFace1.png" title="Aero Rib Help" description="Rib normal to skin from a guide face." index="1" reflect="ModlAeroUI_AeroRib/AeroRibGuideFace1.macro">
           <Model label="Input" path="ModlAeroUI_AeroRib/AeroRibGuideFace1_Input" index="0"/>
           <Model label="Output" path="ModlAeroUI_AeroRib/AeroRibGuideFace1_Output" index="1" active="true"/>
        </Context>    
        <Context preview="ModlAeroUI_AeroRib/AeroRibGuideFace2.png" title="Aero Rib Help" description="Rib normal to skin from a guide face." index="2" reflect="ModlAeroUI_AeroRib/AeroRibGuideFace2.macro">
           <Model label="Input" path="ModlAeroUI_AeroRib/AeroRibGuideFace2_Input" index="0"/>
           <Model label="Output" path="ModlAeroUI_AeroRib/AeroRibGuideFace2_Output" index="1" active="true"/>
        </Context>
        <Context preview="ModlAeroUI_AeroRib/AeroRibMultiLayout.png" title="Aero Rib Help" description="Multiple ribs from curves in a layout sketch." index="3" reflect="ModlAeroUI_AeroRib/AeroRibMultiFormLayout.macro">
           <Model label="Input" path="ModlAeroUI_AeroRib/AeroRibMultiFromLayout_Input" index="0"/>
           <Model label="Output" path="ModlAeroUI_AeroRib/AeroRibMultiFromLayout_Output" index="1" active="true"/>
        </Context>    
    </Content>        
     <Content id="UGS::ModlAeroUI::Step">
        <Context preview="ModlAeroUI_AeroStep/AeroStepThickMiddle.png" title="Aero_Step_Jog_Cutout" description="Step along the middle of a face, where step dimensions are relative to a reference face." index="0" reflect="ModlAeroUI_AeroStep/AeroStepThickMiddle.macro">
           <Model label="Input" path="ModlAeroUI_AeroStep/AeroStepThickMiddle_Input" index="0"/>
           <Model label="Output" path="ModlAeroUI_AeroStep/AeroStepThickMiddle_Output" index="1" active="true"/>
        </Context>
        <Context preview="ModlAeroUI_AeroStep/AeroStepThickCorner.png" title="Aero Step Thick Corner" description="Step to add thickness between a reference face and the end of the wall." index="1" reflect="ModlAeroUI_AeroStep/AeroStepJogEndtoFace.macro">
           <Model label="Input" path="ModlAeroUI_AeroStep/AeroStepThickCorner_Input" index="0"/>
           <Model label="Output" path="ModlAeroUI_AeroStep/AeroStepThickCorner_Output" index="1" active="true"/>
        </Context>
        <Context preview="ModlAeroUI_AeroStep/AeroStepJogEndToFace.png" title="Aero Step - Jog End to Face" description="Step at the end of a wall, with depth defined by a face." index="2" reflect="ModlAeroUI_AeroStep/AeroStepJogCutout.macro">
           <Model label="Input" path="ModlAeroUI_AeroStep/AeroStepJogEndtoFace_Input" index="0"/>
           <Model label="Output" path="ModlAeroUI_AeroStep/AeroStepJogEndtoFace_Output" index="1" active="true"/>
        </Context>
        <Context preview="ModlAeroUI_AeroStep/AeroStepJogCutout.png" title="Aero_Step_Jog_Cutout" description="Step around the edge of a cutout." index="3">
           <Model label="Input" path="ModlAeroUI_AeroStep/AeroStepJogCutout_Input" index="0"/>
           <Model label="Output" path="ModlAeroUI_AeroStep/AeroStepJogCutout_Output" index="1" active="true"/>
           <Model label="Section" path="ModlAeroUI_AeroStep/AeroStepJogCutout_Section" index="2"/>
        </Context>
    </Content>
    <Content id="UGS::ModlAeroUI::Shelf">
        <Context preview="ModlAeroUI_AeroShelf/AeroShelfAwning.png" title="Aero Shelf Awning" description="Shelf along the middle of a face, where length dimensions are relative to a reference face." index="0" reflect="ModlAeroUI_AeroShelf/AeroShelfAwning.macro">
           <Model label="Input" path="ModlAeroUI_AeroShelf/AeroShelfAwning_Input" index="0"/>
           <Model label="Output" path="ModlAeroUI_AeroShelf/AeroShelfAwning_Output" index="1" active="true"/>
        </Context>
        <Context preview="ModlAeroUI_AeroShelf/AeroShelfHolePad.png" title="Aero Shelf Hole Pad" description="Shelf around an opening." index="1" reflect="ModlAeroUI_AeroShelf/AeroShelfHolePad.macro">
           <Model label="Input" path="ModlAeroUI_AeroShelf/AeroShelfHolePad_Input" index="0"/>
           <Model label="Output" path="ModlAeroUI_AeroShelf/AeroShelfHolePad_Output" index="1" active="true"/>
        </Context>
        <Context preview="ModlAeroUI_AeroShelf/AeroShelfNotchCorner.png" title="Aero Shelf Notch Corner" description="Notch a corner of a wall." index="2" reflect="ModlAeroUI_AeroShelf/AeroShelfNotchCorner.macro">
           <Model label="Input" path="ModlAeroUI_AeroShelf/AeroShelfNotchCorner_Input" index="0"/>
           <Model label="Output" path="ModlAeroUI_AeroShelf/AeroShelfNotchCorner_Output" index="1" active="true"/>
        </Context>
        <Context preview="ModlAeroUI_AeroShelf/AeroShelfRim.png" title="Aero Shelf Rim" description="Shelf around the edge of several walls." index="3" reflect="ModlAeroUI_AeroShelf/AeroShelfRim.macro">
           <Model label="Input" path="ModlAeroUI_AeroShelf/AeroShelfRim_Input" index="0"/>
           <Model label="Output" path="ModlAeroUI_AeroShelf/AeroShelfRim_Output" index="1" active="true"/>
        </Context>
        <Context preview="ModlAeroUI_AeroShelf/AeroShelfStepfromEnd.png" title="Aero Shelf Step from End" description="Shelf with a step from the end of a wall." index="4" reflect="ModlAeroUI_AeroShelf/AeroShelfStepFromEnd.macro">
           <Model label="Input" path="ModlAeroUI_AeroShelf/AeroShelfStepfromEnd_Input" index="0"/>
           <Model label="Output" path="ModlAeroUI_AeroShelf/AeroShelfStepfromEnd_Output" index="1" active="true"/>
        </Context>
    </Content>
    <Content id="UGS::UICOMP_SBSM_cflange">
        <Context preview="UICOMP_SBSM_cflange/SBSM_cflange_c.png" title="ContourFlangeC" description="Extrude a base contour flange from a section." index="0" reflect="UICOMP_SBSM_cflange/ContourFlangeC.macro">
               <Model label="Input" path="UICOMP_SBSM_cflange/ContourFlangeC_Input" index="0"/>
               <Model label="Output" path="UICOMP_SBSM_cflange/ContourFlangeC_Output" index="1" active="true"/>
        </Context>
        <Context preview="UICOMP_SBSM_cflange/SBSM_cflange_extrude.png" title="ContourFlangeExtrude" description="Extrude a base contour flange from a section." index="1" reflect="UICOMP_SBSM_cflange/ContourFlangeExtrude.macro">
               <Model label="Input" path="UICOMP_SBSM_cflange/ContourFlangeExtrude_Input" index="0"/>
               <Model label="Output" path="UICOMP_SBSM_cflange/ContourFlangeExtrude_Output" index="1" active="true"/>
        </Context>
        <Context preview="UICOMP_SBSM_cflange/SBSM_cflange_lip.png" title="ContourFlangeLip" description="Sweep a secondary contour flange along tangent edge." index="2" reflect="UICOMP_SBSM_cflange/ContourFlangeLip.macro">
               <Model label="Input" path="UICOMP_SBSM_cflange/ContourFlangeLip_Input" index="0"/>
               <Model label="Output" path="UICOMP_SBSM_cflange/ContourFlangeLip_Output" index="1" active="true"/>
        </Context>
        <Context preview="UICOMP_SBSM_cflange/SBSM_cflange_overhang.png" title="ContourFlangeOverhang" description="Sweep a secondary contour flange along an edge and across bends." index="3">
               <Model label="Input" path="UICOMP_SBSM_cflange/ContourFlangeOverhang_Input" index="0"/>
               <Model label="Output" path="UICOMP_SBSM_cflange/ContourFlangeOverhang_Output" index="1" active="true"/>
        </Context>        
   </Content>
   <Content id="UGS::ModlFeatureUI::DraftBody">
        <Context preview="ModlFeatureUI_DraftBody/draft_body_fill_to_plane.png" title="Draft Body" description="Draft to fill with material between a body and a parting sheet." index="0" reflect="ModlFeatureUI_DraftBody/FillToPlane.macro">
               <Model label="Input" path="ModlFeatureUI_DraftBody/FillToPlane_Input" index="0"/>
               <Model label="Output" path="ModlFeatureUI_DraftBody/FillToPlane_Output" index="1" active="true"/>
        </Context>
        <Context preview="ModlFeatureUI_DraftBody/draft_body_match_at_parting_face.png" title="Draft Body" description="Match draft at a parting sheet, from isocline edges relative to the draw direction." index="1" reflect="ModlFeatureUI_DraftBody/MatchAtPartingFace.macro">
               <Model label="Input" path="ModlFeatureUI_DraftBody/MatchAtPartingFace_Input" index="0"/>
               <Model label="Output" path="ModlFeatureUI_DraftBody/MatchAtPartingFace_Output" index="1" active="true"/>
        </Context>
        <Context preview="ModlFeatureUI_DraftBody/draft_body_match_tangent.png" title="Draft Body" description="Match draft at a parting sheet, tangent to the face along isoclines on the face." index="2" reflect="ModlFeatureUI_DraftBody/MatchTangent.macro">
               <Model label="Input" path="ModlFeatureUI_DraftBody/MatchTangent_Input" index="0"/>
               <Model label="Output" path="ModlFeatureUI_DraftBody/MatchTangent_Output" index="1" active="true"/>
        </Context>
   </Content>
    <Content id="UGS::ModlSurfaceUI::LawExtensionEx">
        <Context preview="ModlSurfaceUI_LawExtensionEx/LawExSkirt.png" title="Law Extension at angle to vector" description="Extend from a curve at an angle to a vector." index="0" reflect="ModlSurfaceUI_LawExtensionEx/LawExSkirt.macro">
               <Model label="Input" path="ModlSurfaceUI_LawExtensionEx/LawExSkirt_Input" index="0"/>
               <Model label="Output" path="ModlSurfaceUI_LawExtensionEx/LawExSkirt_Output" index="1" active="true"/>
        </Context>
        <Context preview="ModlSurfaceUI_LawExtensionEx/LawExFlangeLinear.png" title="Law Extension normal to face" description="Extend from an edge, normal to a face." index="1" reflect="ModlSurfaceUI_LawExtensionEx/LawExFlangeLinearAngle.macro">
               <Model label="Input" path="ModlSurfaceUI_LawExtensionEx/LawExFlangeLinearAngle_Input" index="0"/>
               <Model label="Output" path="ModlSurfaceUI_LawExtensionEx/LawExFlangeLinearAngle_Output" index="1" active="true"/>
        </Context>
        <Context preview="ModlSurfaceUI_LawExtensionEx/LawExFlangeCubic.png" title="Law Extension cubic angle" description="Extend from an edge using a cubic angle law." index="2" reflect="ModlSurfaceUI_LawExtensionEx/LawExFlangeCubicAngle.macro">
               <Model label="Input" path="ModlSurfaceUI_LawExtensionEx/LawExFlangeCubicAngle_Input" index="0"/>
               <Model label="Output" path="ModlSurfaceUI_LawExtensionEx/LawExFlangeCubicAngle_Output" index="1" active="true"/>
        </Context>            
   </Content>
    <Content id="UGS::SheetMetalUI::Joggle">
        <Context preview="SheetMetalUI_Joggle/joggle_1.png" title="Unite" description="Jog material on one side of a plane." index="0" reflect="SheetMetalUI_Joggle/Joggle1.macro">
               <Model label="Input" path="SheetMetalUI_Joggle/Joggle1_Input" index="0"/>
               <Model label="Output" path="SheetMetalUI_Joggle/Joggle1_Output" index="1" active="true"/>
        </Context>
        <Context preview="SheetMetalUI_Joggle/joggle_2.png" title="Unite" description="Jog connected faces on one side of a plane." index="1" reflect="SheetMetalUI_Joggle/Joggle2.macro">
               <Model label="Input" path="SheetMetalUI_Joggle/Joggle2_Input" index="0"/>
               <Model label="Output" path="SheetMetalUI_Joggle/Joggle2_Output" index="1" active="true"/>
        </Context>
        <Context preview="SheetMetalUI_Joggle/joggle_3.png" title="Unite" description="Jog connected faces on one side of a plane." index="2" reflect="SheetMetalUI_Joggle/Joggle3.macro">
               <Model label="Input" path="SheetMetalUI_Joggle/Joggle3_Input" index="0"/>
               <Model label="Output" path="SheetMetalUI_Joggle/Joggle3_Output" index="1" active="true"/>
        </Context>        
    </Content>
    <Content id="UGS::ModlSurfaceUI::SectionSurfaceEx">
        <Context preview="ModlSurfaceUI_SectionSurfaceEx/SectionSurfaceCircularRadius.png" title="Section Surface Circular Section" description="Section surface with circular cross section and constant radius value." index="0" reflect="ModlSurfaceUI_SectionSurfaceEx/SectionSurfaceCircularRadius.macro">
           <Model label="Input" path="ModlSurfaceUI_SectionSurfaceEx/SectionSurfaceCircularRadius_Input" index="0"/>
           <Model label="Output" path="ModlSurfaceUI_SectionSurfaceEx/SectionSurfaceCircularRadius_Output" index="1" active="true"/>
        </Context>
        <Context preview="ModlSurfaceUI_SectionSurfaceEx/SectionSurfaceRhoApex.png" title="Section Surface Rho Apex" description="Section surface with conic cross section, with shape influenced by apex curve and linearly-variable rho value." index="1" reflect="ModlSurfaceUI_SectionSurfaceEx/SectionSurfaceRhoApex.macro">
           <Model label="Input" path="ModlSurfaceUI_SectionSurfaceEx/SectionSurfaceRhoApex_Input" index="0"/>
           <Model label="Output" path="ModlSurfaceUI_SectionSurfaceEx/SectionSurfaceRhoApex_Output" index="1" active="true"/>
        </Context>
        <Context preview="ModlSurfaceUI_SectionSurfaceEx/SectionSurfaceConicShoulderSlopeFace.png" title="Section Surface Conic Shoulder Slope Face" description="Section surface with conic cross section, tangent to slope faces with shape influenced by shoulder curve." index="2" reflect="ModlSurfaceUI_SectionSurfaceEx/SectionSurfaceConicShoulderSlopeFace.macro">
           <Model label="Input" path="ModlSurfaceUI_SectionSurfaceEx/SectionSurfaceConicShoulderSlopeFace_Input" index="0"/>
           <Model label="Output" path="ModlSurfaceUI_SectionSurfaceEx/SectionSurfaceConicShoulderSlopeFace_Output" index="1" active="true"/>
        </Context>
        <Context preview="ModlSurfaceUI_SectionSurfaceEx/SectionSurfaceCubicBridge.png" title="Section Surface Conic Bridge" description="Section surface with cubic cross section, curvature continuous to slope faces." index="3" reflect="ModlSurfaceUI_SectionSurfaceEx/SectionSurfaceCubicBridge.macro">
           <Model label="Input" path="ModlSurfaceUI_SectionSurfaceEx/SectionSurfaceCubicBridge_Input" index="0"/>
           <Model label="Output" path="ModlSurfaceUI_SectionSurfaceEx/SectionSurfaceCubicBridge_Output" index="1" active="true"/>
        </Context>
        <Context preview="ModlSurfaceUI_SectionSurfaceEx/SectionSurfaceLinearPointAngle.png" title="Section Surface Conic Shoulder Slope Face" description="Section surface with linear cross section, with constant angle between the face and guide curve." index="4" reflect="ModlSurfaceUI_SectionSurfaceEx/SectionSurfaceLinearPointAngle.macro">
           <Model label="Input" path="ModlSurfaceUI_SectionSurfaceEx/SectionSurfaceLinearPointAngle_Input" index="0"/>
           <Model label="Output" path="ModlSurfaceUI_SectionSurfaceEx/SectionSurfaceLinearPointAngle_Output" index="1" active="true"/>
        </Context>
    </Content>
    <Content id="UGS::ModlSurfaceUI::Swept">
        <Context preview="ModlSurfaceUI_Swept/SweepSeal.png" title="Sweep closed section" description="Sweep a closed section along a closed guide." index="0" reflect="ModlSurfaceUI_Swept/SweepSeal.macro">
           <Model label="Input" path="ModlSurfaceUI_Swept/SweepSeal_Input" index="0"/>
           <Model label="Output" path="ModlSurfaceUI_Swept/SweepSeal_Output" index="1" active="true"/>
        </Context>
        <Context preview="ModlSurfaceUI_Swept/SweepSheet.png" title="Sweep one section one guide" description="Sweep an open section along an open guide." index="1" reflect="ModlSurfaceUI_Swept/SweepSheet.macro">
           <Model label="Input" path="ModlSurfaceUI_Swept/SweepSheet_Input" index="0"/>
           <Model label="Output" path="ModlSurfaceUI_Swept/SweepSheet_Output" index="1" active="true"/>
        </Context>
        <Context preview="ModlSurfaceUI_Swept/Sweep1x2.png" title="Sweep one section two guide" description="Sweep a section along two guides, with shape and scale influenced by the guides." index="2" reflect="ModlSurfaceUI_Swept/Sweep_1_2.macro">
           <Model label="Input" path="ModlSurfaceUI_Swept/Sweep_1_2_Input" index="0"/>
           <Model label="Output" path="ModlSurfaceUI_Swept/Sweep_1_2_Output" index="1" active="true"/>
        </Context>
        <Context preview="ModlSurfaceUI_Swept/SweepScoop.png" title="Sweep two section two guide" description="Sweep between two sections along two guides." index="3" reflect="ModlSurfaceUI_Swept/SweepScoop.macro">
           <Model label="Input" path="ModlSurfaceUI_Swept/SweepScoop_Input" index="0"/>
           <Model label="Output" path="ModlSurfaceUI_Swept/SweepScoop_Output" index="1" active="true"/>
        </Context>
    </Content>
    <Content id="UGS::UICOMP_draft">
        <Context preview="UICOMP_draft/DraftFaceStationary.png" title="Draft stationary" description="Draft from a stationary face." index="0" reflect="UICOMP_draft/DraftStationary.macro">
            <Model label="Input" path="UICOMP_draft/DraftStationary_Input" index="0"/>
        <Model label="Output" path="UICOMP_draft/DraftStationary_Output" index="1" active="true"/>
        </Context>
    <Context preview="UICOMP_draft/DraftFaceParting.png" title="Draft parting face" description="Draft from a parting face." index="1" reflect="UICOMP_draft/DraftPartingFace.macro">
            <Model label="Input" path="UICOMP_draft/DraftPartingFace_Input" index="0"/>
        <Model label="Output" path="UICOMP_draft/DraftPartingFace_Output" index="1" active="true"/>
        </Context>
    </Content>
    <Content id="UGS::ModlSurfaceUI::TC">
        <Context preview="ModlSurfaceUI_TC/LoftBezel.png" title="Through Curves Bezel" description="Loft between two similar sections with parameter alignment." index="0" reflect="ThroughCurvesArcLengthAlignment.macro">
           <Model label="Input" path="ModlSurfaceUI_TC/ThroughCurvesBezel_Input" index="0"/>
           <Model label="Output" path="ModlSurfaceUI_TC/ThroughCurvesBezel_Output" index="1" active="true"/>
        </Context>
        <Context preview="ModlSurfaceUI_TC/LoftArcLengthAlignment.png" title="Through Curves arc length alignment" description="Loft between two sections with dissimilar curves, normal to end sections, with arc-length alignment." index="1" reflect="ThroughCurvesBezel.macro">
           <Model label="Input" path="ModlSurfaceUI_TC/ThroughCurvesArcLengthAlignment_Input" index="0"/>
           <Model label="Output" path="ModlSurfaceUI_TC/ThroughCurvesArcLengthAlignment_Output" index="1" active="true"/>
        </Context>
        <Context preview="ModlSurfaceUI_TC/LoftTransition.png" title="Through Curves transition" description="Loft between two sheets with tangent continuity." index="2" reflect="ThroughCurvesTransition.macro">
           <Model label="Input" path="ModlSurfaceUI_TC/ThroughCurvesTransition_Input" index="0"/>
           <Model label="Output" path="ModlSurfaceUI_TC/ThroughCurvesTransition_Output" index="1" active="true"/>
        </Context>
    </Content>
    <Content id="UGS::ModlAeroUI::AeroFlange">
        <Context preview="ModlAeroUI_AeroFlange/AeroFlangeGuideCurve.png" title="Guide Curve" description="Flange along skin from a guide curve." index="0">
           <Model label="Input" path="ModlAeroUI_AeroFlange/AeroFlangeGuideCurve_Input" index="0"/>
           <Model label="Output" path="ModlAeroUI_AeroFlange/AeroFlangeGuideCurve_Output" index="1" active="true"/>
        </Context>
        <Context preview="ModlAeroUI_AeroFlange/AeroFlangeGuideFace1.png" title="Guide Face" description="Flange normal to skin from a guide face." index="1">
           <Model label="Input" path="ModlAeroUI_AeroFlange/AeroFlangeGuideFace1_Input" index="0"/>
           <Model label="Output" path="ModlAeroUI_AeroFlange/AeroFlangeGuideFace1_Output" index="1" active="true"/>
        </Context>
        <Context preview="ModlAeroUI_AeroFlange/AeroFlangeGuideFace2.png" title="Guide Face" description="Flange normal to skin from a guide face." index="2">
           <Model label="Input" path="ModlAeroUI_AeroFlange/AeroFlangeGuideFace2_Input" index="0"/>
           <Model label="Output" path="ModlAeroUI_AeroFlange/AeroFlangeGuideFace2_Output" index="1" active="true"/>
        </Context>
    </Content>
    <Content id="UGS::ModlFeatureUI::VarOffsetFace">
        <Context preview="ModlFeatureUI_VarOffsetFace/VariOffsetPanel1.png" title="Variable Offset Face Panel" description="Offset regions of a body and bridge between the offset region, using curves as region boundaries." index="0">
           <Model label="Input" path="ModlFeatureUI_VarOffsetFace/VariOffsetPanel1_Input" index="0"/>
           <Model label="Regions" path="ModlFeatureUI_VarOffsetFace/VariOffsetPanel1_Regions" index="1"/>
           <Model label="Output" path="ModlFeatureUI_VarOffsetFace/VariOffsetPanel1_Output" index="2" active="true"/>
        </Context>
        <Context preview="ModlFeatureUI_VarOffsetFace/VariOffsetPanel2.png" title="Variable Offset Face Panel" description="Offset a region of a body and bridge from the offset region to zero-offset regions, using sheet bodies as region boundaries." index="1">
           <Model label="Input" path="ModlFeatureUI_VarOffsetFace/VariOffsetPanel2_Input" index="0"/>
           <Model label="Regions" path="ModlFeatureUI_VarOffsetFace/VariOffsetPanel2_Regions" index="1"/>
           <Model label="Output" path="ModlFeatureUI_VarOffsetFace/VariOffsetPanel2_Output" index="2" active="true"/>
        </Context>
    </Content>
</VisualAssistant>


