
{"title":"AeroFlangeGuideFace1_Output", "psId":15, "units":2, "bboxMin":[-300,-550,-250], "bboxMax":[300,550,250], "hasXT":true, "hasPMI":true, "version":8.150181130, "children": [
	{"title":"AeroFlangeGuideFace1_1969", "fileRef":"0.bod", "psId":289, "units":2, "bboxMin":[-300,-500,-150], "bboxMax":[300,500,0]},
	{"title":"AeroFlangeGuideFace1_88819", "fileRef":"1.bod", "psId":421, "units":2, "bboxMin":[0,-550,-250], "bboxMax":[0,550,250]},
	{"title":"AeroFlangeGuideFace1_101147", "fileRef":"2.bod", "psId":518, "units":2, "bboxMin":[-200,-500,-172.734], "bboxMax":[200,500,0]}
]}