{"title":"PMI Root", "children":[
	{"title":"PMI", "children":[
		{"title":"ContourFlangeExtrude_Output", "psId":15, "units":2, "children":[
			{"title":"Dimension", "children":[
				{"title":"Linear Dimension (1)", "fileRef":"Linear%20Dimension%20(1).bod", "psId":923, "bboxMin":[0.000000,-22.361166,-70.000000], "bboxMax":[0.000000,0.000000,0.000000], "frame":[0,-30.3612,-38.4037,0,-31.3612,-38.4037,0,-30.3612,-37.4037], "textIdx":[2], "xtIds":["386|886"]}
			]},
			{"title":"Note", "children":[
				{"title":"Label (3)", "fileRef":"Label%20(3).bod", "psId":924, "bboxMin":[0.000000,33.769287,0.000000], "bboxMax":[0.000000,61.882042,29.021555], "frame":[1.77636e-014,89.6801,29.0216,1.77636e-014,89.6801,30.0216,1.77636e-014,90.6801,29.0216], "textIdx":[2]}
			]}
		]}
	]},
	{"title":"Model Views", "children":[
		{"title":"ContourFlangeExtrude_Output", "psId":15, "units":2, "children":[
			{"title":"_Top_", "psId":925, "pmiIds":[956], "excPartIds":["287"], "bgColor":"0x00ffffff", "edgeType":0, "cameraType":1, "camera":[70.049042,82.475952,407.484711,0.000000,0.000000,-1.000000,0.000000,70.049042,82.475952,0.000000]},
			{"title":"_Front_", "psId":926, "pmiIds":[956], "excPartIds":["287"], "bgColor":"0x00ffffff", "edgeType":0, "cameraType":1, "camera":[70.049042,-407.484711,-35.000000,0.000000,1.000000,0.000000,3.141593,70.049042,0.000000,-35.000000]},
			{"title":"_Right_", "psId":927, "pmiIds":[956], "excPartIds":["287"], "bgColor":"0x00ffffff", "edgeType":0, "cameraType":1, "camera":[479.773743,82.475952,-35.000000,-1.000000,0.000000,0.000000,1.570796,0.000000,82.475952,-35.000000]},
			{"title":"_Back_", "psId":928, "pmiIds":[956], "excPartIds":["287"], "bgColor":"0x00ffffff", "edgeType":0, "cameraType":1, "camera":[70.049042,407.484711,-35.000000,0.000000,-1.000000,0.000000,0.000000,70.049042,-0.000000,-35.000000]},
			{"title":"_Bottom_", "psId":929, "pmiIds":[956], "excPartIds":["287"], "bgColor":"0x00ffffff", "edgeType":0, "cameraType":1, "camera":[70.049042,82.475952,-407.484711,0.000000,0.000000,1.000000,3.141593,70.049042,82.475952,-0.000000]},
			{"title":"_Left_", "psId":930, "pmiIds":[956], "excPartIds":["287"], "bgColor":"0x00ffffff", "edgeType":0, "cameraType":1, "camera":[-479.773743,82.475952,-35.000000,1.000000,0.000000,0.000000,4.712389,-0.000000,82.475952,-35.000000]},
			{"title":"_Isometric_", "psId":931, "pmiIds":[956], "excPartIds":["287"], "bgColor":"0x00ffffff", "edgeType":0, "cameraType":1, "camera":[448.079742,-295.554749,343.030731,-0.577350,0.577350,-0.577350,1.047198,85.858009,66.666985,-19.191029]},
			{"title":"_Trimetric_", "psId":932, "pmiIds":[923,924,956], "excPartIds":["287"], "bgColor":"0x00ffffff", "edgeType":0, "cameraType":1, "camera":[576.285828,-347.201050,244.239349,-0.718873,0.585049,-0.375419,1.274272,66.534348,67.655769,-21.969679]}
		]}
	]}
]}
