{"title":"PMI Root", "children":[
	{"title":"PMI", "children":[
		{"title":"AeroShelfNotchCorner_Output", "psId":15, "units":2, "children":[
			{"title":"Dimension", "children":[
				{"title":"Linear Dimension (4) _WIDTH_", "fileRef":"Linear%20Dimension%20(4)%20_WIDTH.bod", "psId":723, "bboxMin":[0.000000,0.000000,-10.000000], "bboxMax":[0.000000,75.143471,23.744947], "frame":[0,57.7888,28.7449,0,57.7888,29.7449,0,58.7888,28.7449], "textIdx":[2], "xtIds":["289|17865","289|18050"]},
				{"title":"Linear Dimension (3) _DEPTH_", "fileRef":"Linear%20Dimension%20(3)%20_DEPTH.bod", "psId":724, "bboxMin":[0.000000,-27.849451,-56.713837], "bboxMax":[0.000000,35.000000,25.000000], "frame":[0,-32.8494,-38.5747,0,-33.8494,-38.5747,0,-32.8494,-37.5747], "textIdx":[2], "xtIds":["289|17869","289|18053"]}
			]}
		]}
	]},
	{"title":"Model Views", "children":[
		{"title":"AeroShelfNotchCorner_Output", "psId":15, "units":2, "children":[
			{"title":"_Top_", "psId":725, "bgColor":"0x00ffffff", "edgeType":0, "cameraType":1, "camera":[50.000000,50.000000,160.645386,0.000000,0.000000,-1.000000,0.000000,50.000000,50.000000,0.000000]},
			{"title":"_Front_", "psId":726, "bgColor":"0x00ffffff", "edgeType":0, "cameraType":1, "camera":[50.000000,-84.709839,-15.000000,0.000000,1.000000,0.000000,3.141593,50.000000,0.000000,-15.000000]},
			{"title":"_Right_", "psId":727, "bgColor":"0x00ffffff", "edgeType":0, "cameraType":1, "camera":[84.709839,50.000000,-15.000000,-1.000000,0.000000,0.000000,1.570796,0.000000,50.000000,-15.000000]},
			{"title":"_Back_", "psId":728, "bgColor":"0x00ffffff", "edgeType":0, "cameraType":1, "camera":[50.000000,84.709839,-15.000000,0.000000,-1.000000,0.000000,0.000000,50.000000,-0.000000,-15.000000]},
			{"title":"_Bottom_", "psId":729, "bgColor":"0x00ffffff", "edgeType":0, "cameraType":1, "camera":[50.000000,50.000000,-160.645386,0.000000,0.000000,1.000000,3.141593,50.000000,50.000000,-0.000000]},
			{"title":"_Left_", "psId":730, "bgColor":"0x00ffffff", "edgeType":0, "cameraType":1, "camera":[-84.709839,50.000000,-15.000000,1.000000,0.000000,0.000000,4.712389,-0.000000,50.000000,-15.000000]},
			{"title":"_Isometric_", "psId":731, "bgColor":"0x00ffffff", "edgeType":0, "cameraType":1, "camera":[153.447647,-53.447647,88.447647,-0.577350,0.577350,-0.577350,1.047198,55.000000,45.000000,-10.000000]},
			{"title":"_Trimetric_", "psId":732, "pmiIds":[723,724], "bgColor":"0x00ffffff", "edgeType":0, "cameraType":1, "camera":[158.211426,-70.233673,60.942974,-0.718873,0.585049,-0.375419,1.274272,30.465370,33.731350,-5.770231]}
		]}
	]}
]}
