
{"title":"Draft Body Match Isocline", "psId":15, "units":2, "bboxMin":[-60,-60,-100], "bboxMax":[60,60,37.5877], "hasXT":true, "hasPMI":true, "version":8.150181130, "children": [
	{"title":"Draft Body Match Isocline_4235", "fileRef":"0.bod", "psId":289, "units":2, "bboxMin":[-60,-60,-75], "bboxMax":[60,60,-31.3236]},
	{"title":"Draft Body Match Isocline_4380", "fileRef":"1.bod", "psId":385, "units":2, "bboxMin":[-25,-25,-100], "bboxMax":[25,25,0]},
	{"title":"Draft Body Match Isocline_22155", "fileRef":"2.bod", "psId":506, "units":2, "bboxMin":[-1.40954,-2.98975,-0.51303], "bboxMax":[13.6808,2.98975,37.5877]}
]}