{"title":"PMI Root", "children":[
	{"title":"PMI", "children":[
		{"title":"ContourFlangeLip_Input", "psId":15, "units":2, "children":[
			{"title":"Note", "children":[
				{"title":"Label (2)", "fileRef":"Label%20(2).bod", "psId":658, "bboxMin":[-0.000000,42.889664,2.000000], "bboxMax":[0.000000,73.735672,29.929335], "frame":[0,92.6047,21.2356,0,92.6047,22.2356,0,93.6047,21.2356], "textIdx":[2]},
				{"title":"Label (4)", "fileRef":"Label%20(4).bod", "psId":659, "bboxMin":[-5.176381,0.000000,21.318516], "bboxMax":[-5.176381,28.661976,46.387943], "frame":[-5.17638,56.4601,46.3879,-5.17638,56.4601,47.3879,-5.17638,57.4601,46.3879], "textIdx":[2]}
			]}
		]}
	]},
	{"title":"Model Views", "children":[
		{"title":"ContourFlangeLip_Input", "psId":15, "units":2, "children":[
			{"title":"_Top_", "psId":660, "pmiIds":[685], "excPartIds":["287"], "bgColor":"0x00ffffff", "edgeType":0, "cameraType":1, "camera":[39.911808,60.000000,349.541107,0.000000,0.000000,-1.000000,0.000000,39.911808,60.000000,0.000000]},
			{"title":"_Front_", "psId":661, "pmiIds":[685], "excPartIds":["287"], "bgColor":"0x00ffffff", "edgeType":0, "cameraType":1, "camera":[39.911808,-349.541107,10.659258,0.000000,1.000000,0.000000,3.141593,39.911808,0.000000,10.659258]},
			{"title":"_Right_", "psId":662, "pmiIds":[685], "excPartIds":["287"], "bgColor":"0x00ffffff", "edgeType":0, "cameraType":1, "camera":[349.028107,60.000000,10.659258,-1.000000,0.000000,0.000000,1.570796,0.000000,60.000000,10.659258]},
			{"title":"_Back_", "psId":663, "pmiIds":[685], "excPartIds":["287"], "bgColor":"0x00ffffff", "edgeType":0, "cameraType":1, "camera":[39.911808,349.541107,10.659258,0.000000,-1.000000,0.000000,0.000000,39.911808,0.000000,10.659258]},
			{"title":"_Bottom_", "psId":664, "pmiIds":[685], "excPartIds":["287"], "bgColor":"0x00ffffff", "edgeType":0, "cameraType":1, "camera":[39.911808,60.000000,-349.541107,0.000000,0.000000,1.000000,3.141593,39.911808,60.000000,-0.000000]},
			{"title":"_Left_", "psId":665, "pmiIds":[685], "excPartIds":["287"], "bgColor":"0x00ffffff", "edgeType":0, "cameraType":1, "camera":[-349.028107,60.000000,10.659258,1.000000,0.000000,0.000000,4.712389,0.000000,60.000000,10.659258]},
			{"title":"_Isometric_", "psId":666, "pmiIds":[685], "excPartIds":["287"], "bgColor":"0x00ffffff", "edgeType":0, "cameraType":1, "camera":[333.145599,-233.233780,289.189697,-0.577350,0.577350,-0.577350,1.047198,47.955906,51.955906,4.000000]},
			{"title":"_Trimetric_", "psId":667, "pmiIds":[658,659,685], "excPartIds":["287"], "bgColor":"0x00ffffff", "edgeType":0, "cameraType":1, "camera":[392.831085,-227.220276,202.478210,-0.718873,0.585049,-0.375419,1.274272,39.616508,60.240326,18.017927]}
		]}
	]}
]}
