
{"title":"AeroRibGuideFace1", "psId":15, "units":2, "bboxMin":[-200,-617.449,-250], "bboxMax":[200,550,250], "hasXT":true, "hasPMI":true, "version":8.150181130, "children": [
	{"title":"AeroRibGuideFace1_1969", "fileRef":"0.bod", "psId":289, "units":2, "bboxMin":[-200,-500,-150], "bboxMax":[200,500,0]},
	{"title":"AeroRibGuideFace1_88819", "fileRef":"1.bod", "psId":420, "units":2, "bboxMin":[0,-550,-250], "bboxMax":[0,550,250]},
	{"title":"AeroRibGuideFace1_90330", "fileRef":"2.bod", "psId":516, "units":2, "bboxMin":[-15,-617.449,-150], "bboxMax":[15,520.987,180.001]}
]}