{"title":"PMI Root", "children":[
	{"title":"PMI", "children":[
		{"title":"ContourFlangeC_Input", "psId":15, "units":2, "children":[
			{"title":"Note", "children":[
				{"title":"Label (3)", "fileRef":"Label%20(3).bod", "psId":365, "bboxMin":[-42.201908,0.000000,71.697990], "bboxMax":[4.953389,0.000000,100.109390], "frame":[-70,0,91.4157,-70,0,92.4157,-69,0,91.4157], "textIdx":[2]}
			]}
		]}
	]},
	{"title":"Model Views", "children":[
		{"title":"ContourFlangeC_Input", "psId":15, "units":2, "children":[
			{"title":"_Top_", "psId":366, "pmiIds":[391], "excPartIds":["287"], "bgColor":"0x00ffffff", "edgeType":0, "cameraType":1, "camera":[25.000000,0.000000,145.428375,0.000000,0.000000,-1.000000,0.000000,25.000000,0.000000,0.000000]},
			{"title":"_Front_", "psId":367, "pmiIds":[391], "excPartIds":["287"], "bgColor":"0x00ffffff", "edgeType":0, "cameraType":1, "camera":[25.000000,-160.645386,50.000000,0.000000,1.000000,0.000000,3.141593,25.000000,0.000000,50.000000]},
			{"title":"_Right_", "psId":368, "pmiIds":[391], "excPartIds":["287"], "bgColor":"0x00ffffff", "edgeType":0, "cameraType":1, "camera":[160.645386,0.000000,50.000000,-1.000000,0.000000,0.000000,1.570796,0.000000,0.000000,50.000000]},
			{"title":"_Back_", "psId":369, "pmiIds":[391], "excPartIds":["287"], "bgColor":"0x00ffffff", "edgeType":0, "cameraType":1, "camera":[25.000000,160.645386,50.000000,0.000000,-1.000000,0.000000,0.000000,25.000000,0.000000,50.000000]},
			{"title":"_Bottom_", "psId":370, "pmiIds":[391], "excPartIds":["287"], "bgColor":"0x00ffffff", "edgeType":0, "cameraType":1, "camera":[25.000000,0.000000,-145.428375,0.000000,0.000000,1.000000,3.141593,25.000000,0.000000,0.000000]},
			{"title":"_Left_", "psId":371, "pmiIds":[391], "excPartIds":["287"], "bgColor":"0x00ffffff", "edgeType":0, "cameraType":1, "camera":[-160.645386,0.000000,50.000000,1.000000,0.000000,0.000000,4.712389,0.000000,0.000000,50.000000]},
			{"title":"_Isometric_", "psId":372, "pmiIds":[391], "excPartIds":["287"], "bgColor":"0x00ffffff", "edgeType":0, "cameraType":1, "camera":[83.763802,-58.763802,99.538460,-0.577350,0.577350,-0.577350,1.047198,3.075114,21.924887,18.849771]},
			{"title":"_Trimetric_", "psId":373, "pmiIds":[365,391], "excPartIds":["287"], "bgColor":"0x00ffffff", "edgeType":0, "cameraType":1, "camera":[297.798553,-224.776184,198.438721,-0.718873,0.585049,-0.375419,1.274272,-4.187147,20.992247,40.731831]}
		]}
	]}
]}
