<?xml version="1.0" encoding="UTF-8" standalone="yes"?>
<Root>
    <StandardHole Unit="Metric" Standard="ISO" Size="0.35" Fit="Exact" HoleDiameter="0.35" HoleTipAngle="118" StartChamferOffset="0.03" StartChamferAngle="45" EndChamferOffset="0.03" EndChamferAngle="45"  />
    <StandardHole Unit="Metric" Standard="ISO" Size="0.38" Fit="Exact" HoleDiameter="0.38" HoleTipAngle="118" StartChamferOffset="0.03" StartChamferAngle="45" EndChamferOffset="0.03" EndChamferAngle="45"  />
    <StandardHole Unit="Metric" Standard="ISO" Size="0.4" Fit="Exact" HoleDiameter="0.4" HoleTipAngle="118" StartChamferOffset="0.03" StartChamferAngle="45" EndChamferOffset="0.03" EndChamferAngle="45"  />
    <StandardHole Unit="Metric" Standard="ISO" Size="0.42" Fit="Exact" HoleDiameter="0.42" HoleTipAngle="118" StartChamferOffset="0.03" StartChamferAngle="45" EndChamferOffset="0.03" EndChamferAngle="45"  />
    <StandardHole Unit="Metric" Standard="ISO" Size="0.45" Fit="Exact" HoleDiameter="0.45" HoleTipAngle="118" StartChamferOffset="0.03" StartChamferAngle="45" EndChamferOffset="0.03" EndChamferAngle="45"  />
    <StandardHole Unit="Metric" Standard="ISO" Size="0.48" Fit="Exact" HoleDiameter="0.48" HoleTipAngle="118" StartChamferOffset="0.03" StartChamferAngle="45" EndChamferOffset="0.03" EndChamferAngle="45"  />
    <StandardHole Unit="Metric" Standard="ISO" Size="0.5" Fit="Exact" HoleDiameter="0.5" HoleTipAngle="118" StartChamferOffset="0.03" StartChamferAngle="45" EndChamferOffset="0.03" EndChamferAngle="45"  />
    <StandardHole Unit="Metric" Standard="ISO" Size="0.55" Fit="Exact" HoleDiameter="0.55" HoleTipAngle="118" StartChamferOffset="0.03" StartChamferAngle="45" EndChamferOffset="0.03" EndChamferAngle="45"  />
    <StandardHole Unit="Metric" Standard="ISO" Size="0.6" Fit="Exact" HoleDiameter="0.6" HoleTipAngle="118" StartChamferOffset="0.03" StartChamferAngle="45" EndChamferOffset="0.03" EndChamferAngle="45"  />
    <StandardHole Unit="Metric" Standard="ISO" Size="0.65" Fit="Exact" HoleDiameter="0.65" HoleTipAngle="118" StartChamferOffset="0.03" StartChamferAngle="45" EndChamferOffset="0.03" EndChamferAngle="45"  />
    <StandardHole Unit="Metric" Standard="ISO" Size="0.7" Fit="Exact" HoleDiameter="0.7" HoleTipAngle="118" StartChamferOffset="0.03" StartChamferAngle="45" EndChamferOffset="0.03" EndChamferAngle="45"  />
    <StandardHole Unit="Metric" Standard="ISO" Size="0.75" Fit="Exact" HoleDiameter="0.75" HoleTipAngle="118" StartChamferOffset="0.03" StartChamferAngle="45" EndChamferOffset="0.03" EndChamferAngle="45"  />
    <StandardHole Unit="Metric" Standard="ISO" Size="0.8" Fit="Exact" HoleDiameter="0.8" HoleTipAngle="118" StartChamferOffset="0.03" StartChamferAngle="45" EndChamferOffset="0.03" EndChamferAngle="45"  />
    <StandardHole Unit="Metric" Standard="ISO" Size="0.85" Fit="Exact" HoleDiameter="0.85" HoleTipAngle="118" StartChamferOffset="0.03" StartChamferAngle="45" EndChamferOffset="0.03" EndChamferAngle="45"  />
    <StandardHole Unit="Metric" Standard="ISO" Size="0.9" Fit="Exact" HoleDiameter="0.90" HoleTipAngle="118" StartChamferOffset="0.03" StartChamferAngle="45" EndChamferOffset="0.03" EndChamferAngle="45"  />
    <StandardHole Unit="Metric" Standard="ISO" Size="0.95" Fit="Exact" HoleDiameter="0.95" HoleTipAngle="118" StartChamferOffset="0.03" StartChamferAngle="45" EndChamferOffset="0.03" EndChamferAngle="45"  />
    <StandardHole Unit="Metric" Standard="ISO" Size="1" Fit="Exact" HoleDiameter="1" HoleTipAngle="118" StartChamferOffset="0.03" StartChamferAngle="45" EndChamferOffset="0.03" EndChamferAngle="45"  />
    <StandardHole Unit="Metric" Standard="ISO" Size="1.05" Fit="Exact" HoleDiameter="1.05" HoleTipAngle="118" StartChamferOffset="0.03" StartChamferAngle="45" EndChamferOffset="0.03" EndChamferAngle="45"  />
    <StandardHole Unit="Metric" Standard="ISO" Size="1.1" Fit="Exact" HoleDiameter="1.1" HoleTipAngle="118" StartChamferOffset="0.03" StartChamferAngle="45" EndChamferOffset="0.03" EndChamferAngle="45"  />
    <StandardHole Unit="Metric" Standard="ISO" Size="1.15" Fit="Exact" HoleDiameter="1.15" HoleTipAngle="118" StartChamferOffset="0.03" StartChamferAngle="45" EndChamferOffset="0.03" EndChamferAngle="45"  />
    <StandardHole Unit="Metric" Standard="ISO" Size="1.2" Fit="Exact" HoleDiameter="1.2" HoleTipAngle="118" StartChamferOffset="0.03" StartChamferAngle="45" EndChamferOffset="0.03" EndChamferAngle="45"  />
    <StandardHole Unit="Metric" Standard="ISO" Size="1.25" Fit="Exact" HoleDiameter="1.25" HoleTipAngle="118" StartChamferOffset="0.03" StartChamferAngle="45" EndChamferOffset="0.03" EndChamferAngle="45"  />
    <StandardHole Unit="Metric" Standard="ISO" Size="1.3" Fit="Exact" HoleDiameter="1.3" HoleTipAngle="118" StartChamferOffset="0.03" StartChamferAngle="45" EndChamferOffset="0.03" EndChamferAngle="45"  />
    <StandardHole Unit="Metric" Standard="ISO" Size="1.35" Fit="Exact" HoleDiameter="1.35" HoleTipAngle="118" StartChamferOffset="0.03" StartChamferAngle="45" EndChamferOffset="0.03" EndChamferAngle="45"  />
    <StandardHole Unit="Metric" Standard="ISO" Size="1.4" Fit="Exact" HoleDiameter="1.4" HoleTipAngle="118" StartChamferOffset="0.03" StartChamferAngle="45" EndChamferOffset="0.03" EndChamferAngle="45"  />
    <StandardHole Unit="Metric" Standard="ISO" Size="1.45" Fit="Exact" HoleDiameter="1.45" HoleTipAngle="118" StartChamferOffset="0.03" StartChamferAngle="45" EndChamferOffset="0.03" EndChamferAngle="45"  />
    <StandardHole Unit="Metric" Standard="ISO" Size="1.5" Fit="Exact" HoleDiameter="1.5" HoleTipAngle="118" StartChamferOffset="0.03" StartChamferAngle="45" EndChamferOffset="0.03" EndChamferAngle="45"  />
    <StandardHole Unit="Metric" Standard="ISO" Size="1.55" Fit="Exact" HoleDiameter="1.55" HoleTipAngle="118" StartChamferOffset="0.03" StartChamferAngle="45" EndChamferOffset="0.03" EndChamferAngle="45"  />
    <StandardHole Unit="Metric" Standard="ISO" Size="1.6" Fit="Exact" HoleDiameter="1.6" HoleTipAngle="118" StartChamferOffset="0.2" StartChamferAngle="45" EndChamferOffset="0.2" EndChamferAngle="45"  />
    <StandardHole Unit="Metric" Standard="ISO" Size="1.65" Fit="Exact" HoleDiameter="1.65" HoleTipAngle="118" StartChamferOffset="0.2" StartChamferAngle="45" EndChamferOffset="0.2" EndChamferAngle="45"  />
    <StandardHole Unit="Metric" Standard="ISO" Size="1.7" Fit="Exact" HoleDiameter="1.7" HoleTipAngle="118" StartChamferOffset="0.2" StartChamferAngle="45" EndChamferOffset="0.2" EndChamferAngle="45"  />
    <StandardHole Unit="Metric" Standard="ISO" Size="1.75" Fit="Exact" HoleDiameter="1.75" HoleTipAngle="118" StartChamferOffset="0.2" StartChamferAngle="45" EndChamferOffset="0.2" EndChamferAngle="45"  />
    <StandardHole Unit="Metric" Standard="ISO" Size="1.8" Fit="Exact" HoleDiameter="1.8" HoleTipAngle="118" StartChamferOffset="0.2" StartChamferAngle="45" EndChamferOffset="0.2" EndChamferAngle="45"  />
    <StandardHole Unit="Metric" Standard="ISO" Size="1.85" Fit="Exact" HoleDiameter="1.85" HoleTipAngle="118" StartChamferOffset="0.2" StartChamferAngle="45" EndChamferOffset="0.2" EndChamferAngle="45"  />
    <StandardHole Unit="Metric" Standard="ISO" Size="1.9" Fit="Exact" HoleDiameter="1.9" HoleTipAngle="118" StartChamferOffset="0.2" StartChamferAngle="45" EndChamferOffset="0.2" EndChamferAngle="45"  />
    <StandardHole Unit="Metric" Standard="ISO" Size="1.95" Fit="Exact" HoleDiameter="1.95" HoleTipAngle="118" StartChamferOffset="0.2" StartChamferAngle="45" EndChamferOffset="0.2" EndChamferAngle="45"  />
    <StandardHole Unit="Metric" Standard="ISO" Size="2" Fit="Exact" HoleDiameter="2" HoleTipAngle="118" StartChamferOffset=".3" StartChamferAngle="45" EndChamferOffset=".3" EndChamferAngle="45"  />
    <StandardHole Unit="Metric" Standard="ISO" Size="2.05" Fit="Exact" HoleDiameter="2.05" HoleTipAngle="118" StartChamferOffset=".3" StartChamferAngle="45" EndChamferOffset=".3" EndChamferAngle="45"  />
    <StandardHole Unit="Metric" Standard="ISO" Size="2.1" Fit="Exact" HoleDiameter="2.1" HoleTipAngle="118" StartChamferOffset=".3" StartChamferAngle="45" EndChamferOffset=".3" EndChamferAngle="45"  />
    <StandardHole Unit="Metric" Standard="ISO" Size="2.15" Fit="Exact" HoleDiameter="2.15" HoleTipAngle="118" StartChamferOffset=".3" StartChamferAngle="45" EndChamferOffset=".3" EndChamferAngle="45"  />
    <StandardHole Unit="Metric" Standard="ISO" Size="2.2" Fit="Exact" HoleDiameter="2.2" HoleTipAngle="118" StartChamferOffset=".3" StartChamferAngle="45" EndChamferOffset=".3" EndChamferAngle="45"  />
    <StandardHole Unit="Metric" Standard="ISO" Size="2.25" Fit="Exact" HoleDiameter="2.25" HoleTipAngle="118" StartChamferOffset=".3" StartChamferAngle="45" EndChamferOffset=".3" EndChamferAngle="45"  />
    <StandardHole Unit="Metric" Standard="ISO" Size="2.3" Fit="Exact" HoleDiameter="2.3" HoleTipAngle="118" StartChamferOffset=".3" StartChamferAngle="45" EndChamferOffset=".3" EndChamferAngle="45"  />
    <StandardHole Unit="Metric" Standard="ISO" Size="2.35" Fit="Exact" HoleDiameter="2.35" HoleTipAngle="118" StartChamferOffset=".3" StartChamferAngle="45" EndChamferOffset=".3" EndChamferAngle="45"  />
    <StandardHole Unit="Metric" Standard="ISO" Size="2.4" Fit="Exact" HoleDiameter="2.4" HoleTipAngle="118" StartChamferOffset=".3" StartChamferAngle="45" EndChamferOffset=".3" EndChamferAngle="45"  />
    <StandardHole Unit="Metric" Standard="ISO" Size="2.45" Fit="Exact" HoleDiameter="2.45" HoleTipAngle="118" StartChamferOffset=".3" StartChamferAngle="45" EndChamferOffset=".3" EndChamferAngle="45"  />
    <StandardHole Unit="Metric" Standard="ISO" Size="2.5" Fit="Exact" HoleDiameter="2.5" HoleTipAngle="118" StartChamferOffset=".3" StartChamferAngle="45" EndChamferOffset=".3" EndChamferAngle="45"  />
    <StandardHole Unit="Metric" Standard="ISO" Size="2.55" Fit="Exact" HoleDiameter="2.55" HoleTipAngle="118" StartChamferOffset=".3" StartChamferAngle="45" EndChamferOffset=".3" EndChamferAngle="45"  />
    <StandardHole Unit="Metric" Standard="ISO" Size="2.6" Fit="Exact" HoleDiameter="2.6" HoleTipAngle="118" StartChamferOffset=".3" StartChamferAngle="45" EndChamferOffset=".3" EndChamferAngle="45"  />
    <StandardHole Unit="Metric" Standard="ISO" Size="2.65" Fit="Exact" HoleDiameter="2.65" HoleTipAngle="118" StartChamferOffset=".3" StartChamferAngle="45" EndChamferOffset=".3" EndChamferAngle="45"  />
    <StandardHole Unit="Metric" Standard="ISO" Size="2.7" Fit="Exact" HoleDiameter="2.7" HoleTipAngle="118" StartChamferOffset=".3" StartChamferAngle="45" EndChamferOffset=".3" EndChamferAngle="45"  />
    <StandardHole Unit="Metric" Standard="ISO" Size="2.75" Fit="Exact" HoleDiameter="2.75" HoleTipAngle="118" StartChamferOffset=".3" StartChamferAngle="45" EndChamferOffset=".3" EndChamferAngle="45"  />
    <StandardHole Unit="Metric" Standard="ISO" Size="2.8" Fit="Exact" HoleDiameter="2.8" HoleTipAngle="118" StartChamferOffset=".3" StartChamferAngle="45" EndChamferOffset=".3" EndChamferAngle="45"  />
    <StandardHole Unit="Metric" Standard="ISO" Size="2.9" Fit="Exact" HoleDiameter="2.9" HoleTipAngle="118" StartChamferOffset=".3" StartChamferAngle="45" EndChamferOffset=".3" EndChamferAngle="45"  />
    <StandardHole Unit="Metric" Standard="ISO" Size="3" Fit="Exact" HoleDiameter="3" HoleTipAngle="118" StartChamferOffset=".3" StartChamferAngle="45" EndChamferOffset=".3" EndChamferAngle="45"  />
    <StandardHole Unit="Metric" Standard="ISO" Size="3.1" Fit="Exact" HoleDiameter="3.1" HoleTipAngle="118" StartChamferOffset=".3" StartChamferAngle="45" EndChamferOffset=".3" EndChamferAngle="45"  />
    <StandardHole Unit="Metric" Standard="ISO" Size="3.2" Fit="Exact" HoleDiameter="3.2" HoleTipAngle="118" StartChamferOffset=".3" StartChamferAngle="45" EndChamferOffset=".3" EndChamferAngle="45"  />
    <StandardHole Unit="Metric" Standard="ISO" Size="3.25" Fit="Exact" HoleDiameter="3.25" HoleTipAngle="118" StartChamferOffset=".3" StartChamferAngle="45" EndChamferOffset=".3" EndChamferAngle="45"  />
    <StandardHole Unit="Metric" Standard="ISO" Size="3.3" Fit="Exact" HoleDiameter="3.3" HoleTipAngle="118" StartChamferOffset=".3" StartChamferAngle="45" EndChamferOffset=".3" EndChamferAngle="45"  />
    <StandardHole Unit="Metric" Standard="ISO" Size="3.4" Fit="Exact" HoleDiameter="3.4" HoleTipAngle="118" StartChamferOffset=".3" StartChamferAngle="45" EndChamferOffset=".3" EndChamferAngle="45"  />
    <StandardHole Unit="Metric" Standard="ISO" Size="3.5" Fit="Exact" HoleDiameter="3.5" HoleTipAngle="118" StartChamferOffset=".3" StartChamferAngle="45" EndChamferOffset=".3" EndChamferAngle="45"  />
    <StandardHole Unit="Metric" Standard="ISO" Size="3.6" Fit="Exact" HoleDiameter="3.6" HoleTipAngle="118" StartChamferOffset=".3" StartChamferAngle="45" EndChamferOffset=".3" EndChamferAngle="45"  />
    <StandardHole Unit="Metric" Standard="ISO" Size="3.7" Fit="Exact" HoleDiameter="3.7" HoleTipAngle="118" StartChamferOffset=".3" StartChamferAngle="45" EndChamferOffset=".3" EndChamferAngle="45"  />
    <StandardHole Unit="Metric" Standard="ISO" Size="3.75" Fit="Exact" HoleDiameter="3.75" HoleTipAngle="118" StartChamferOffset=".3" StartChamferAngle="45" EndChamferOffset=".3" EndChamferAngle="45"  />
    <StandardHole Unit="Metric" Standard="ISO" Size="3.8" Fit="Exact" HoleDiameter="3.8" HoleTipAngle="118" StartChamferOffset=".3" StartChamferAngle="45" EndChamferOffset=".3" EndChamferAngle="45"  />
    <StandardHole Unit="Metric" Standard="ISO" Size="3.9" Fit="Exact" HoleDiameter="3.9" HoleTipAngle="118" StartChamferOffset=".3" StartChamferAngle="45" EndChamferOffset=".3" EndChamferAngle="45"  />
    <StandardHole Unit="Metric" Standard="ISO" Size="4" Fit="Exact" HoleDiameter="4" HoleTipAngle="118" StartChamferOffset=".4" StartChamferAngle="45" EndChamferOffset=".4" EndChamferAngle="45"  />
    <StandardHole Unit="Metric" Standard="ISO" Size="4.1" Fit="Exact" HoleDiameter="4.1" HoleTipAngle="118" StartChamferOffset=".4" StartChamferAngle="45" EndChamferOffset=".4" EndChamferAngle="45"  />
    <StandardHole Unit="Metric" Standard="ISO" Size="4.2" Fit="Exact" HoleDiameter="4.2" HoleTipAngle="118" StartChamferOffset=".4" StartChamferAngle="45" EndChamferOffset=".4" EndChamferAngle="45"  />
    <StandardHole Unit="Metric" Standard="ISO" Size="4.25" Fit="Exact" HoleDiameter="4.25" HoleTipAngle="118" StartChamferOffset=".4" StartChamferAngle="45" EndChamferOffset=".4" EndChamferAngle="45"  />
    <StandardHole Unit="Metric" Standard="ISO" Size="4.3" Fit="Exact" HoleDiameter="4.3" HoleTipAngle="118" StartChamferOffset=".4" StartChamferAngle="45" EndChamferOffset=".4" EndChamferAngle="45"  />
    <StandardHole Unit="Metric" Standard="ISO" Size="4.4" Fit="Exact" HoleDiameter="4.4" HoleTipAngle="118" StartChamferOffset=".4" StartChamferAngle="45" EndChamferOffset=".4" EndChamferAngle="45"  />
    <StandardHole Unit="Metric" Standard="ISO" Size="4.5" Fit="Exact" HoleDiameter="4.5" HoleTipAngle="118" StartChamferOffset=".4" StartChamferAngle="45" EndChamferOffset=".4" EndChamferAngle="45"  />
    <StandardHole Unit="Metric" Standard="ISO" Size="4.6" Fit="Exact" HoleDiameter="4.6" HoleTipAngle="118" StartChamferOffset=".4" StartChamferAngle="45" EndChamferOffset=".4" EndChamferAngle="45"  />
    <StandardHole Unit="Metric" Standard="ISO" Size="4.7" Fit="Exact" HoleDiameter="4.7" HoleTipAngle="118" StartChamferOffset=".4" StartChamferAngle="45" EndChamferOffset=".4" EndChamferAngle="45"  />
    <StandardHole Unit="Metric" Standard="ISO" Size="4.75" Fit="Exact" HoleDiameter="4.75" HoleTipAngle="118" StartChamferOffset=".4" StartChamferAngle="45" EndChamferOffset=".4" EndChamferAngle="45"  />
    <StandardHole Unit="Metric" Standard="ISO" Size="4.8" Fit="Exact" HoleDiameter="4.8" HoleTipAngle="118" StartChamferOffset=".4" StartChamferAngle="45" EndChamferOffset=".4" EndChamferAngle="45"  />
    <StandardHole Unit="Metric" Standard="ISO" Size="4.9" Fit="Exact" HoleDiameter="4.9" HoleTipAngle="118" StartChamferOffset=".4" StartChamferAngle="45" EndChamferOffset=".4" EndChamferAngle="45"  />
    <StandardHole Unit="Metric" Standard="ISO" Size="5" Fit="Exact" HoleDiameter="5" HoleTipAngle="118" StartChamferOffset=".4" StartChamferAngle="45" EndChamferOffset=".4" EndChamferAngle="45"  />
    <StandardHole Unit="Metric" Standard="ISO" Size="5.1" Fit="Exact" HoleDiameter="5.1" HoleTipAngle="118" StartChamferOffset=".4" StartChamferAngle="45" EndChamferOffset=".4" EndChamferAngle="45"  />
    <StandardHole Unit="Metric" Standard="ISO" Size="5.2" Fit="Exact" HoleDiameter="5.2" HoleTipAngle="118" StartChamferOffset=".4" StartChamferAngle="45" EndChamferOffset=".4" EndChamferAngle="45"  />
    <StandardHole Unit="Metric" Standard="ISO" Size="5.25" Fit="Exact" HoleDiameter="5.25" HoleTipAngle="118" StartChamferOffset=".4" StartChamferAngle="45" EndChamferOffset=".4" EndChamferAngle="45"  />
    <StandardHole Unit="Metric" Standard="ISO" Size="5.3" Fit="Exact" HoleDiameter="5.3" HoleTipAngle="118" StartChamferOffset=".4" StartChamferAngle="45" EndChamferOffset=".4" EndChamferAngle="45"  />
    <StandardHole Unit="Metric" Standard="ISO" Size="5.4" Fit="Exact" HoleDiameter="5.4" HoleTipAngle="118" StartChamferOffset=".4" StartChamferAngle="45" EndChamferOffset=".4" EndChamferAngle="45"  />
    <StandardHole Unit="Metric" Standard="ISO" Size="5.5" Fit="Exact" HoleDiameter="5.5" HoleTipAngle="118" StartChamferOffset=".4" StartChamferAngle="45" EndChamferOffset=".4" EndChamferAngle="45"  />
    <StandardHole Unit="Metric" Standard="ISO" Size="5.6" Fit="Exact" HoleDiameter="5.6" HoleTipAngle="118" StartChamferOffset=".4" StartChamferAngle="45" EndChamferOffset=".4" EndChamferAngle="45"  />
    <StandardHole Unit="Metric" Standard="ISO" Size="5.7" Fit="Exact" HoleDiameter="5.7" HoleTipAngle="118" StartChamferOffset=".4" StartChamferAngle="45" EndChamferOffset=".4" EndChamferAngle="45"  />
    <StandardHole Unit="Metric" Standard="ISO" Size="5.75" Fit="Exact" HoleDiameter="5.75" HoleTipAngle="118" StartChamferOffset=".4" StartChamferAngle="45" EndChamferOffset=".4" EndChamferAngle="45"  />
    <StandardHole Unit="Metric" Standard="ISO" Size="5.8" Fit="Exact" HoleDiameter="5.8" HoleTipAngle="118" StartChamferOffset=".4" StartChamferAngle="45" EndChamferOffset=".4" EndChamferAngle="45"  />
    <StandardHole Unit="Metric" Standard="ISO" Size="5.9" Fit="Exact" HoleDiameter="5.9" HoleTipAngle="118" StartChamferOffset=".4" StartChamferAngle="45" EndChamferOffset=".4" EndChamferAngle="45"  />
    <StandardHole Unit="Metric" Standard="ISO" Size="6" Fit="Exact" HoleDiameter="6" HoleTipAngle="118" StartChamferOffset=".6" StartChamferAngle="45" EndChamferOffset=".6" EndChamferAngle="45"  />
    <StandardHole Unit="Metric" Standard="ISO" Size="6.1" Fit="Exact" HoleDiameter="6.1" HoleTipAngle="118" StartChamferOffset=".6" StartChamferAngle="45" EndChamferOffset=".6" EndChamferAngle="45"  />
    <StandardHole Unit="Metric" Standard="ISO" Size="6.2" Fit="Exact" HoleDiameter="6.2" HoleTipAngle="118" StartChamferOffset=".6" StartChamferAngle="45" EndChamferOffset=".6" EndChamferAngle="45"  />
    <StandardHole Unit="Metric" Standard="ISO" Size="6.25" Fit="Exact" HoleDiameter="6.25" HoleTipAngle="118" StartChamferOffset=".6" StartChamferAngle="45" EndChamferOffset=".6" EndChamferAngle="45"  />
    <StandardHole Unit="Metric" Standard="ISO" Size="6.3" Fit="Exact" HoleDiameter="6.3" HoleTipAngle="118" StartChamferOffset=".6" StartChamferAngle="45" EndChamferOffset=".6" EndChamferAngle="45"  />
    <StandardHole Unit="Metric" Standard="ISO" Size="6.4" Fit="Exact" HoleDiameter="6.4" HoleTipAngle="118" StartChamferOffset=".6" StartChamferAngle="45" EndChamferOffset=".6" EndChamferAngle="45"  />
    <StandardHole Unit="Metric" Standard="ISO" Size="6.5" Fit="Exact" HoleDiameter="6.5" HoleTipAngle="118" StartChamferOffset=".6" StartChamferAngle="45" EndChamferOffset=".6" EndChamferAngle="45"  />
    <StandardHole Unit="Metric" Standard="ISO" Size="6.6" Fit="Exact" HoleDiameter="6.6" HoleTipAngle="118" StartChamferOffset=".6" StartChamferAngle="45" EndChamferOffset=".6" EndChamferAngle="45"  />
    <StandardHole Unit="Metric" Standard="ISO" Size="6.7" Fit="Exact" HoleDiameter="6.7" HoleTipAngle="118" StartChamferOffset=".6" StartChamferAngle="45" EndChamferOffset=".6" EndChamferAngle="45"  />
    <StandardHole Unit="Metric" Standard="ISO" Size="6.75" Fit="Exact" HoleDiameter="6.75" HoleTipAngle="118" StartChamferOffset=".6" StartChamferAngle="45" EndChamferOffset=".6" EndChamferAngle="45"  />
    <StandardHole Unit="Metric" Standard="ISO" Size="6.8" Fit="Exact" HoleDiameter="6.8" HoleTipAngle="118" StartChamferOffset=".6" StartChamferAngle="45" EndChamferOffset=".6" EndChamferAngle="45"  />
    <StandardHole Unit="Metric" Standard="ISO" Size="6.9" Fit="Exact" HoleDiameter="6.9" HoleTipAngle="118" StartChamferOffset=".6" StartChamferAngle="45" EndChamferOffset=".6" EndChamferAngle="45"  />
    <StandardHole Unit="Metric" Standard="ISO" Size="7" Fit="Exact" HoleDiameter="7" HoleTipAngle="118" StartChamferOffset=".6" StartChamferAngle="45" EndChamferOffset=".6" EndChamferAngle="45"  />
    <StandardHole Unit="Metric" Standard="ISO" Size="7.1" Fit="Exact" HoleDiameter="7.1" HoleTipAngle="118" StartChamferOffset=".6" StartChamferAngle="45" EndChamferOffset=".6" EndChamferAngle="45"  />
    <StandardHole Unit="Metric" Standard="ISO" Size="7.2" Fit="Exact" HoleDiameter="7.2" HoleTipAngle="118" StartChamferOffset=".6" StartChamferAngle="45" EndChamferOffset=".6" EndChamferAngle="45"  />
    <StandardHole Unit="Metric" Standard="ISO" Size="7.25" Fit="Exact" HoleDiameter="7.25" HoleTipAngle="118" StartChamferOffset=".6" StartChamferAngle="45" EndChamferOffset=".6" EndChamferAngle="45"  />
    <StandardHole Unit="Metric" Standard="ISO" Size="7.3" Fit="Exact" HoleDiameter="7.3" HoleTipAngle="118" StartChamferOffset=".6" StartChamferAngle="45" EndChamferOffset=".6" EndChamferAngle="45"  />
    <StandardHole Unit="Metric" Standard="ISO" Size="7.4" Fit="Exact" HoleDiameter="7.4" HoleTipAngle="118" StartChamferOffset=".6" StartChamferAngle="45" EndChamferOffset=".6" EndChamferAngle="45"  />
    <StandardHole Unit="Metric" Standard="ISO" Size="7.5" Fit="Exact" HoleDiameter="7.5" HoleTipAngle="118" StartChamferOffset=".6" StartChamferAngle="45" EndChamferOffset=".6" EndChamferAngle="45"  />
    <StandardHole Unit="Metric" Standard="ISO" Size="7.6" Fit="Exact" HoleDiameter="7.6" HoleTipAngle="118" StartChamferOffset=".6" StartChamferAngle="45" EndChamferOffset=".6" EndChamferAngle="45"  />
    <StandardHole Unit="Metric" Standard="ISO" Size="7.7" Fit="Exact" HoleDiameter="7.7" HoleTipAngle="118" StartChamferOffset=".6" StartChamferAngle="45" EndChamferOffset=".6" EndChamferAngle="45"  />
    <StandardHole Unit="Metric" Standard="ISO" Size="7.75" Fit="Exact" HoleDiameter="7.75" HoleTipAngle="118" StartChamferOffset=".6" StartChamferAngle="45" EndChamferOffset=".6" EndChamferAngle="45"  />
    <StandardHole Unit="Metric" Standard="ISO" Size="7.8" Fit="Exact" HoleDiameter="7.8" HoleTipAngle="118" StartChamferOffset=".6" StartChamferAngle="45" EndChamferOffset=".6" EndChamferAngle="45"  />
    <StandardHole Unit="Metric" Standard="ISO" Size="7.9" Fit="Exact" HoleDiameter="7.9" HoleTipAngle="118" StartChamferOffset=".6" StartChamferAngle="45" EndChamferOffset=".6" EndChamferAngle="45"  />
    <StandardHole Unit="Metric" Standard="ISO" Size="8" Fit="Exact" HoleDiameter="8" HoleTipAngle="118" StartChamferOffset=".6" StartChamferAngle="45" EndChamferOffset=".6" EndChamferAngle="45"  />
    <StandardHole Unit="Metric" Standard="ISO" Size="8.1" Fit="Exact" HoleDiameter="8.1" HoleTipAngle="118" StartChamferOffset=".6" StartChamferAngle="45" EndChamferOffset=".6" EndChamferAngle="45"  />
    <StandardHole Unit="Metric" Standard="ISO" Size="8.2" Fit="Exact" HoleDiameter="8.2" HoleTipAngle="118" StartChamferOffset=".6" StartChamferAngle="45" EndChamferOffset=".6" EndChamferAngle="45"  />
    <StandardHole Unit="Metric" Standard="ISO" Size="8.25" Fit="Exact" HoleDiameter="8.25" HoleTipAngle="118" StartChamferOffset=".6" StartChamferAngle="45" EndChamferOffset=".6" EndChamferAngle="45"  />
    <StandardHole Unit="Metric" Standard="ISO" Size="8.3" Fit="Exact" HoleDiameter="8.3" HoleTipAngle="118" StartChamferOffset=".6" StartChamferAngle="45" EndChamferOffset=".6" EndChamferAngle="45"  />
    <StandardHole Unit="Metric" Standard="ISO" Size="8.4" Fit="Exact" HoleDiameter="8.4" HoleTipAngle="118" StartChamferOffset=".6" StartChamferAngle="45" EndChamferOffset=".6" EndChamferAngle="45"  />
    <StandardHole Unit="Metric" Standard="ISO" Size="8.5" Fit="Exact" HoleDiameter="8.5" HoleTipAngle="118" StartChamferOffset=".6" StartChamferAngle="45" EndChamferOffset=".6" EndChamferAngle="45"  />
    <StandardHole Unit="Metric" Standard="ISO" Size="8.6" Fit="Exact" HoleDiameter="8.6" HoleTipAngle="118" StartChamferOffset=".6" StartChamferAngle="45" EndChamferOffset=".6" EndChamferAngle="45"  />
    <StandardHole Unit="Metric" Standard="ISO" Size="8.7" Fit="Exact" HoleDiameter="8.7" HoleTipAngle="118" StartChamferOffset=".6" StartChamferAngle="45" EndChamferOffset=".6" EndChamferAngle="45"  />
    <StandardHole Unit="Metric" Standard="ISO" Size="8.75" Fit="Exact" HoleDiameter="8.75" HoleTipAngle="118" StartChamferOffset=".6" StartChamferAngle="45" EndChamferOffset=".6" EndChamferAngle="45"  />
    <StandardHole Unit="Metric" Standard="ISO" Size="8.8" Fit="Exact" HoleDiameter="8.8" HoleTipAngle="118" StartChamferOffset=".6" StartChamferAngle="45" EndChamferOffset=".6" EndChamferAngle="45"  />
    <StandardHole Unit="Metric" Standard="ISO" Size="8.9" Fit="Exact" HoleDiameter="8.9" HoleTipAngle="118" StartChamferOffset=".6" StartChamferAngle="45" EndChamferOffset=".6" EndChamferAngle="45"  />
    <StandardHole Unit="Metric" Standard="ISO" Size="9" Fit="Exact" HoleDiameter="9" HoleTipAngle="118" StartChamferOffset=".6" StartChamferAngle="45" EndChamferOffset=".6" EndChamferAngle="45"  />
    <StandardHole Unit="Metric" Standard="ISO" Size="9.1" Fit="Exact" HoleDiameter="9.1" HoleTipAngle="118" StartChamferOffset=".6" StartChamferAngle="45" EndChamferOffset=".6" EndChamferAngle="45"  />
    <StandardHole Unit="Metric" Standard="ISO" Size="9.2" Fit="Exact" HoleDiameter="9.2" HoleTipAngle="118" StartChamferOffset=".6" StartChamferAngle="45" EndChamferOffset=".6" EndChamferAngle="45"  />
    <StandardHole Unit="Metric" Standard="ISO" Size="9.25" Fit="Exact" HoleDiameter="9.25" HoleTipAngle="118" StartChamferOffset=".6" StartChamferAngle="45" EndChamferOffset=".6" EndChamferAngle="45"  />
    <StandardHole Unit="Metric" Standard="ISO" Size="9.3" Fit="Exact" HoleDiameter="9.3" HoleTipAngle="118" StartChamferOffset=".6" StartChamferAngle="45" EndChamferOffset=".6" EndChamferAngle="45"  />
    <StandardHole Unit="Metric" Standard="ISO" Size="9.4" Fit="Exact" HoleDiameter="9.4" HoleTipAngle="118" StartChamferOffset=".6" StartChamferAngle="45" EndChamferOffset=".6" EndChamferAngle="45"  />
    <StandardHole Unit="Metric" Standard="ISO" Size="9.5" Fit="Exact" HoleDiameter="9.5" HoleTipAngle="118" StartChamferOffset=".6" StartChamferAngle="45" EndChamferOffset=".6" EndChamferAngle="45"  />
    <StandardHole Unit="Metric" Standard="ISO" Size="9.6" Fit="Exact" HoleDiameter="9.6" HoleTipAngle="118" StartChamferOffset=".6" StartChamferAngle="45" EndChamferOffset=".6" EndChamferAngle="45"  />
    <StandardHole Unit="Metric" Standard="ISO" Size="9.7" Fit="Exact" HoleDiameter="9.7" HoleTipAngle="118" StartChamferOffset=".6" StartChamferAngle="45" EndChamferOffset=".6" EndChamferAngle="45"  />
    <StandardHole Unit="Metric" Standard="ISO" Size="9.75" Fit="Exact" HoleDiameter="9.75" HoleTipAngle="118" StartChamferOffset=".6" StartChamferAngle="45" EndChamferOffset=".6" EndChamferAngle="45"  />
    <StandardHole Unit="Metric" Standard="ISO" Size="10" Fit="Exact" HoleDiameter="10" HoleTipAngle="118" StartChamferOffset=".6" StartChamferAngle="45" EndChamferOffset=".6" EndChamferAngle="45"  />
    <StandardHole Unit="Metric" Standard="ISO" Size="10.2" Fit="Exact" HoleDiameter="10.2" HoleTipAngle="118" StartChamferOffset=".6" StartChamferAngle="45" EndChamferOffset=".6" EndChamferAngle="45"  />
    <StandardHole Unit="Metric" Standard="ISO" Size="10.5" Fit="Exact" HoleDiameter="10.5" HoleTipAngle="118" StartChamferOffset=".6" StartChamferAngle="45" EndChamferOffset=".6" EndChamferAngle="45"  />
    <StandardHole Unit="Metric" Standard="ISO" Size="10.8" Fit="Exact" HoleDiameter="10.8" HoleTipAngle="118" StartChamferOffset=".6" StartChamferAngle="45" EndChamferOffset=".6" EndChamferAngle="45"  />
    <StandardHole Unit="Metric" Standard="ISO" Size="11" Fit="Exact" HoleDiameter="11" HoleTipAngle="118" StartChamferOffset="1.1" StartChamferAngle="45" EndChamferOffset="1.1" EndChamferAngle="45"  />
    <StandardHole Unit="Metric" Standard="ISO" Size="11.2" Fit="Exact" HoleDiameter="11.2" HoleTipAngle="118" StartChamferOffset="1.1" StartChamferAngle="45" EndChamferOffset="1.1" EndChamferAngle="45"  />
    <StandardHole Unit="Metric" Standard="ISO" Size="11.5" Fit="Exact" HoleDiameter="11.5" HoleTipAngle="118" StartChamferOffset="1.1" StartChamferAngle="45" EndChamferOffset="1.1" EndChamferAngle="45"  />
    <StandardHole Unit="Metric" Standard="ISO" Size="11.8" Fit="Exact" HoleDiameter="11.8" HoleTipAngle="118" StartChamferOffset="1.1" StartChamferAngle="45" EndChamferOffset="1.1" EndChamferAngle="45"  />
    <StandardHole Unit="Metric" Standard="ISO" Size="12" Fit="Exact" HoleDiameter="12" HoleTipAngle="118" StartChamferOffset="1.1" StartChamferAngle="45" EndChamferOffset="1.1" EndChamferAngle="45"  />
    <StandardHole Unit="Metric" Standard="ISO" Size="12.5" Fit="Exact" HoleDiameter="12.5" HoleTipAngle="118" StartChamferOffset="1.1" StartChamferAngle="45" EndChamferOffset="1.1" EndChamferAngle="45"  />
    <StandardHole Unit="Metric" Standard="ISO" Size="13" Fit="Exact" HoleDiameter="13" HoleTipAngle="118" StartChamferOffset="1.1" StartChamferAngle="45" EndChamferOffset="1.1" EndChamferAngle="45"  />
    <StandardHole Unit="Metric" Standard="ISO" Size="13.5" Fit="Exact" HoleDiameter="13.5" HoleTipAngle="118" StartChamferOffset="1.1" StartChamferAngle="45" EndChamferOffset="1.1" EndChamferAngle="45"  />
    <StandardHole Unit="Metric" Standard="ISO" Size="14" Fit="Exact" HoleDiameter="14" HoleTipAngle="118" StartChamferOffset="1.1" StartChamferAngle="45" EndChamferOffset="1.1" EndChamferAngle="45"  />
    <StandardHole Unit="Metric" Standard="ISO" Size="14.5" Fit="Exact" HoleDiameter="14.5" HoleTipAngle="118" StartChamferOffset="1.1" StartChamferAngle="45" EndChamferOffset="1.1" EndChamferAngle="45"  />
    <StandardHole Unit="Metric" Standard="ISO" Size="15" Fit="Exact" HoleDiameter="15" HoleTipAngle="118" StartChamferOffset="1.1" StartChamferAngle="45" EndChamferOffset="1.1" EndChamferAngle="45"  />
    <StandardHole Unit="Metric" Standard="ISO" Size="15.5" Fit="Exact" HoleDiameter="15.5" HoleTipAngle="118" StartChamferOffset="1.1" StartChamferAngle="45" EndChamferOffset="1.1" EndChamferAngle="45"  />
    <StandardHole Unit="Metric" Standard="ISO" Size="16" Fit="Exact" HoleDiameter="16" HoleTipAngle="118" StartChamferOffset="1.1" StartChamferAngle="45" EndChamferOffset="1.1" EndChamferAngle="45"  />
    <StandardHole Unit="Metric" Standard="ISO" Size="17" Fit="Exact" HoleDiameter="17" HoleTipAngle="118" StartChamferOffset="1.1" StartChamferAngle="45" EndChamferOffset="1.1" EndChamferAngle="45"  />
    <StandardHole Unit="Metric" Standard="ISO" Size="17.5" Fit="Exact" HoleDiameter="17.5" HoleTipAngle="118" StartChamferOffset="1.1" StartChamferAngle="45" EndChamferOffset="1.1" EndChamferAngle="45"  />
    <StandardHole Unit="Metric" Standard="ISO" Size="18" Fit="Exact" HoleDiameter="18" HoleTipAngle="118" StartChamferOffset="1.1" StartChamferAngle="45" EndChamferOffset="1.1" EndChamferAngle="45"  />
    <StandardHole Unit="Metric" Standard="ISO" Size="18.5" Fit="Exact" HoleDiameter="18.5" HoleTipAngle="118" StartChamferOffset="1.2" StartChamferAngle="45" EndChamferOffset="1.2" EndChamferAngle="45"  />
    <StandardHole Unit="Metric" Standard="ISO" Size="19" Fit="Exact" HoleDiameter="19" HoleTipAngle="118" StartChamferOffset="1.2" StartChamferAngle="45" EndChamferOffset="1.2" EndChamferAngle="45"  />
    <StandardHole Unit="Metric" Standard="ISO" Size="20" Fit="Exact" HoleDiameter="20" HoleTipAngle="118" StartChamferOffset="1.2" StartChamferAngle="45" EndChamferOffset="1.2" EndChamferAngle="45"  />
    <StandardHole Unit="Metric" Standard="ISO" Size="20.5" Fit="Exact" HoleDiameter="20.5" HoleTipAngle="118" StartChamferOffset="1.2" StartChamferAngle="45" EndChamferOffset="1.2" EndChamferAngle="45"  />
    <StandardHole Unit="Metric" Standard="ISO" Size="21" Fit="Exact" HoleDiameter="21" HoleTipAngle="118" StartChamferOffset="1.2" StartChamferAngle="45" EndChamferOffset="1.2" EndChamferAngle="45"  />
    <StandardHole Unit="Metric" Standard="ISO" Size="21.5" Fit="Exact" HoleDiameter="21.5" HoleTipAngle="118" StartChamferOffset="1.2" StartChamferAngle="45" EndChamferOffset="1.2" EndChamferAngle="45"  />
    <StandardHole Unit="Metric" Standard="ISO" Size="22" Fit="Exact" HoleDiameter="22" HoleTipAngle="118" StartChamferOffset="1.2" StartChamferAngle="45" EndChamferOffset="1.2" EndChamferAngle="45"  />
    <StandardHole Unit="Metric" Standard="ISO" Size="22.5" Fit="Exact" HoleDiameter="22.5" HoleTipAngle="118" StartChamferOffset="1.2" StartChamferAngle="45" EndChamferOffset="1.2" EndChamferAngle="45"  />
    <StandardHole Unit="Metric" Standard="ISO" Size="23" Fit="Exact" HoleDiameter="23" HoleTipAngle="118" StartChamferOffset="1.2" StartChamferAngle="45" EndChamferOffset="1.2" EndChamferAngle="45"  />
    <StandardHole Unit="Metric" Standard="ISO" Size="23.5" Fit="Exact" HoleDiameter="23.5" HoleTipAngle="118" StartChamferOffset="1.2" StartChamferAngle="45" EndChamferOffset="1.2" EndChamferAngle="45"  />
    <StandardHole Unit="Metric" Standard="ISO" Size="24" Fit="Exact" HoleDiameter="24" HoleTipAngle="118" StartChamferOffset="1.2" StartChamferAngle="45" EndChamferOffset="1.2" EndChamferAngle="45"  />
    <StandardHole Unit="Metric" Standard="ISO" Size="24.5" Fit="Exact" HoleDiameter="24.5" HoleTipAngle="118" StartChamferOffset="1.2" StartChamferAngle="45" EndChamferOffset="1.2" EndChamferAngle="45"  />
    <StandardHole Unit="Metric" Standard="ISO" Size="25" Fit="Exact" HoleDiameter="25" HoleTipAngle="118" StartChamferOffset="1.2" StartChamferAngle="45" EndChamferOffset="1.2" EndChamferAngle="45"  />
    <StandardHole Unit="Metric" Standard="ISO" Size="26" Fit="Exact" HoleDiameter="26" HoleTipAngle="118" StartChamferOffset="1.2" StartChamferAngle="45" EndChamferOffset="1.2" EndChamferAngle="45"  />
    <StandardHole Unit="Inch" Standard="ANSI" Size="#97" Fit="Exact" HoleDiameter="0.0059" HoleTipAngle="118" StartChamferOffset="0.005" StartChamferAngle="45" EndChamferOffset="0.005" EndChamferAngle="45"  />
    <StandardHole Unit="Inch" Standard="ANSI" Size="#96" Fit="Exact" HoleDiameter="0.0063" HoleTipAngle="118" StartChamferOffset="0.005" StartChamferAngle="45" EndChamferOffset="0.005" EndChamferAngle="45"  />
    <StandardHole Unit="Inch" Standard="ANSI" Size="#95" Fit="Exact" HoleDiameter="0.0067" HoleTipAngle="118" StartChamferOffset="0.005" StartChamferAngle="45" EndChamferOffset="0.005" EndChamferAngle="45"  />
    <StandardHole Unit="Inch" Standard="ANSI" Size="#94" Fit="Exact" HoleDiameter="0.0071" HoleTipAngle="118" StartChamferOffset="0.005" StartChamferAngle="45" EndChamferOffset="0.005" EndChamferAngle="45"  />
    <StandardHole Unit="Inch" Standard="ANSI" Size="#93" Fit="Exact" HoleDiameter="0.0075" HoleTipAngle="118" StartChamferOffset="0.005" StartChamferAngle="45" EndChamferOffset="0.005" EndChamferAngle="45"  />
    <StandardHole Unit="Inch" Standard="ANSI" Size="#92" Fit="Exact" HoleDiameter="0.0079" HoleTipAngle="118" StartChamferOffset="0.005" StartChamferAngle="45" EndChamferOffset="0.005" EndChamferAngle="45"  />
    <StandardHole Unit="Inch" Standard="ANSI" Size="#91" Fit="Exact" HoleDiameter="0.0083" HoleTipAngle="118" StartChamferOffset="0.005" StartChamferAngle="45" EndChamferOffset="0.005" EndChamferAngle="45"  />
    <StandardHole Unit="Inch" Standard="ANSI" Size="#90" Fit="Exact" HoleDiameter="0.0087" HoleTipAngle="118" StartChamferOffset="0.005" StartChamferAngle="45" EndChamferOffset="0.005" EndChamferAngle="45"  />
    <StandardHole Unit="Inch" Standard="ANSI" Size="#89" Fit="Exact" HoleDiameter="0.0091" HoleTipAngle="118" StartChamferOffset="0.005" StartChamferAngle="45" EndChamferOffset="0.005" EndChamferAngle="45"  />
    <StandardHole Unit="Inch" Standard="ANSI" Size="#88" Fit="Exact" HoleDiameter="0.0095" HoleTipAngle="118" StartChamferOffset="0.005" StartChamferAngle="45" EndChamferOffset="0.005" EndChamferAngle="45"  />
    <StandardHole Unit="Inch" Standard="ANSI" Size="#87" Fit="Exact" HoleDiameter="0.01" HoleTipAngle="118" StartChamferOffset="0.005" StartChamferAngle="45" EndChamferOffset="0.005" EndChamferAngle="45"  />
    <StandardHole Unit="Inch" Standard="ANSI" Size="#86" Fit="Exact" HoleDiameter="0.0105" HoleTipAngle="118" StartChamferOffset="0.005" StartChamferAngle="45" EndChamferOffset="0.005" EndChamferAngle="45"  />
    <StandardHole Unit="Inch" Standard="ANSI" Size="#85" Fit="Exact" HoleDiameter="0.011" HoleTipAngle="118" StartChamferOffset="0.005" StartChamferAngle="45" EndChamferOffset="0.005" EndChamferAngle="45"  />
    <StandardHole Unit="Inch" Standard="ANSI" Size="#84" Fit="Exact" HoleDiameter="0.0115" HoleTipAngle="118" StartChamferOffset="0.005" StartChamferAngle="45" EndChamferOffset="0.005" EndChamferAngle="45"  />
    <StandardHole Unit="Inch" Standard="ANSI" Size="#83" Fit="Exact" HoleDiameter="0.012" HoleTipAngle="118" StartChamferOffset="0.005" StartChamferAngle="45" EndChamferOffset="0.005" EndChamferAngle="45"  />
    <StandardHole Unit="Inch" Standard="ANSI" Size="#82" Fit="Exact" HoleDiameter="0.0125" HoleTipAngle="118" StartChamferOffset="0.005" StartChamferAngle="45" EndChamferOffset="0.005" EndChamferAngle="45"  />
    <StandardHole Unit="Inch" Standard="ANSI" Size="#81" Fit="Exact" HoleDiameter="0.013" HoleTipAngle="118" StartChamferOffset="0.005" StartChamferAngle="45" EndChamferOffset="0.005" EndChamferAngle="45"  />
    <StandardHole Unit="Inch" Standard="ANSI" Size="#80" Fit="Exact" HoleDiameter="0.0135" HoleTipAngle="118" StartChamferOffset="0.005" StartChamferAngle="45" EndChamferOffset="0.005" EndChamferAngle="45"  />
    <StandardHole Unit="Inch" Standard="ANSI" Size="#79" Fit="Exact" HoleDiameter="0.0145" HoleTipAngle="118" StartChamferOffset="0.005" StartChamferAngle="45" EndChamferOffset="0.005" EndChamferAngle="45"  />
    <StandardHole Unit="Inch" Standard="ANSI" Size="1/64" Fit="Exact" HoleDiameter="0.01563" HoleTipAngle="118" StartChamferOffset="0.005" StartChamferAngle="45" EndChamferOffset="0.005" EndChamferAngle="45"  />
    <StandardHole Unit="Inch" Standard="ANSI" Size="#78" Fit="Exact" HoleDiameter="0.016" HoleTipAngle="118" StartChamferOffset="0.005" StartChamferAngle="45" EndChamferOffset="0.005" EndChamferAngle="45"  />
    <StandardHole Unit="Inch" Standard="ANSI" Size="#77" Fit="Exact" HoleDiameter="0.018" HoleTipAngle="118" StartChamferOffset="0.005" StartChamferAngle="45" EndChamferOffset="0.005" EndChamferAngle="45"  />
    <StandardHole Unit="Inch" Standard="ANSI" Size="#76" Fit="Exact" HoleDiameter="0.02" HoleTipAngle="118" StartChamferOffset="0.01" StartChamferAngle="45" EndChamferOffset="0.01" EndChamferAngle="45"  />
    <StandardHole Unit="Inch" Standard="ANSI" Size="#75" Fit="Exact" HoleDiameter="0.021" HoleTipAngle="118" StartChamferOffset="0.01" StartChamferAngle="45" EndChamferOffset="0.01" EndChamferAngle="45"  />
    <StandardHole Unit="Inch" Standard="ANSI" Size="#74" Fit="Exact" HoleDiameter="0.0225" HoleTipAngle="118" StartChamferOffset="0.01" StartChamferAngle="45" EndChamferOffset="0.01" EndChamferAngle="45"  />
    <StandardHole Unit="Inch" Standard="ANSI" Size="#73" Fit="Exact" HoleDiameter="0.024" HoleTipAngle="118" StartChamferOffset="0.01" StartChamferAngle="45" EndChamferOffset="0.01" EndChamferAngle="45"  />
    <StandardHole Unit="Inch" Standard="ANSI" Size="#72" Fit="Exact" HoleDiameter="0.025" HoleTipAngle="118" StartChamferOffset="0.01" StartChamferAngle="45" EndChamferOffset="0.01" EndChamferAngle="45"  />
    <StandardHole Unit="Inch" Standard="ANSI" Size="#71" Fit="Exact" HoleDiameter="0.026" HoleTipAngle="118" StartChamferOffset="0.01" StartChamferAngle="45" EndChamferOffset="0.01" EndChamferAngle="45"  />
    <StandardHole Unit="Inch" Standard="ANSI" Size="#70" Fit="Exact" HoleDiameter="0.028" HoleTipAngle="118" StartChamferOffset="0.01" StartChamferAngle="45" EndChamferOffset="0.01" EndChamferAngle="45"  />
    <StandardHole Unit="Inch" Standard="ANSI" Size="#69" Fit="Exact" HoleDiameter="0.0292" HoleTipAngle="118" StartChamferOffset="0.01" StartChamferAngle="45" EndChamferOffset="0.01" EndChamferAngle="45"  />
    <StandardHole Unit="Inch" Standard="ANSI" Size="#68" Fit="Exact" HoleDiameter="0.031" HoleTipAngle="118" StartChamferOffset="0.01" StartChamferAngle="45" EndChamferOffset="0.01" EndChamferAngle="45"  />
    <StandardHole Unit="Inch" Standard="ANSI" Size="1/32" Fit="Exact" HoleDiameter="0.03125" HoleTipAngle="118" StartChamferOffset="0.01" StartChamferAngle="45" EndChamferOffset="0.01" EndChamferAngle="45"  />
    <StandardHole Unit="Inch" Standard="ANSI" Size="#67" Fit="Exact" HoleDiameter="0.032" HoleTipAngle="118" StartChamferOffset="0.01" StartChamferAngle="45" EndChamferOffset="0.01" EndChamferAngle="45"  />
    <StandardHole Unit="Inch" Standard="ANSI" Size="#66" Fit="Exact" HoleDiameter="0.033" HoleTipAngle="118" StartChamferOffset="0.01" StartChamferAngle="45" EndChamferOffset="0.01" EndChamferAngle="45"  />
    <StandardHole Unit="Inch" Standard="ANSI" Size="#65" Fit="Exact" HoleDiameter="0.035" HoleTipAngle="118" StartChamferOffset="0.01" StartChamferAngle="45" EndChamferOffset="0.01" EndChamferAngle="45"  />
    <StandardHole Unit="Inch" Standard="ANSI" Size="#64" Fit="Exact" HoleDiameter="0.036" HoleTipAngle="118" StartChamferOffset="0.01" StartChamferAngle="45" EndChamferOffset="0.01" EndChamferAngle="45"  />
    <StandardHole Unit="Inch" Standard="ANSI" Size="#63" Fit="Exact" HoleDiameter="0.037" HoleTipAngle="118" StartChamferOffset="0.01" StartChamferAngle="45" EndChamferOffset="0.01" EndChamferAngle="45"  />
    <StandardHole Unit="Inch" Standard="ANSI" Size="#62" Fit="Exact" HoleDiameter="0.038" HoleTipAngle="118" StartChamferOffset="0.01" StartChamferAngle="45" EndChamferOffset="0.01" EndChamferAngle="45"  />
    <StandardHole Unit="Inch" Standard="ANSI" Size="#61" Fit="Exact" HoleDiameter="0.039" HoleTipAngle="118" StartChamferOffset="0.01" StartChamferAngle="45" EndChamferOffset="0.01" EndChamferAngle="45"  />
    <StandardHole Unit="Inch" Standard="ANSI" Size="#60" Fit="Exact" HoleDiameter="0.04" HoleTipAngle="118" StartChamferOffset="0.01" StartChamferAngle="45" EndChamferOffset="0.01" EndChamferAngle="45"  />
    <StandardHole Unit="Inch" Standard="ANSI" Size="#59" Fit="Exact" HoleDiameter="0.041" HoleTipAngle="118" StartChamferOffset="0.01" StartChamferAngle="45" EndChamferOffset="0.01" EndChamferAngle="45"  />
    <StandardHole Unit="Inch" Standard="ANSI" Size="#58" Fit="Exact" HoleDiameter="0.042" HoleTipAngle="118" StartChamferOffset="0.01" StartChamferAngle="45" EndChamferOffset="0.01" EndChamferAngle="45"  />
    <StandardHole Unit="Inch" Standard="ANSI" Size="#57" Fit="Exact" HoleDiameter="0.043" HoleTipAngle="118" StartChamferOffset="0.01" StartChamferAngle="45" EndChamferOffset="0.01" EndChamferAngle="45"  />
    <StandardHole Unit="Inch" Standard="ANSI" Size="#56" Fit="Exact" HoleDiameter="0.0465" HoleTipAngle="118" StartChamferOffset="0.01" StartChamferAngle="45" EndChamferOffset="0.01" EndChamferAngle="45"  />
    <StandardHole Unit="Inch" Standard="ANSI" Size="3/64" Fit="Exact" HoleDiameter="0.04688" HoleTipAngle="118" StartChamferOffset="0.01" StartChamferAngle="45" EndChamferOffset="0.01" EndChamferAngle="45"  />
    <StandardHole Unit="Inch" Standard="ANSI" Size="#55" Fit="Exact" HoleDiameter="0.052" HoleTipAngle="118" StartChamferOffset="0.01" StartChamferAngle="45" EndChamferOffset="0.01" EndChamferAngle="45"  />
    <StandardHole Unit="Inch" Standard="ANSI" Size="#54" Fit="Exact" HoleDiameter="0.055" HoleTipAngle="118" StartChamferOffset="0.01" StartChamferAngle="45" EndChamferOffset="0.01" EndChamferAngle="45"  />
    <StandardHole Unit="Inch" Standard="ANSI" Size="#53" Fit="Exact" HoleDiameter="0.0595" HoleTipAngle="118" StartChamferOffset="0.01" StartChamferAngle="45" EndChamferOffset="0.01" EndChamferAngle="45"  />
    <StandardHole Unit="Inch" Standard="ANSI" Size="1/16" Fit="Exact" HoleDiameter="0.0625" HoleTipAngle="118" StartChamferOffset="0.01" StartChamferAngle="45" EndChamferOffset="0.01" EndChamferAngle="45"  />
    <StandardHole Unit="Inch" Standard="ANSI" Size="#52" Fit="Exact" HoleDiameter="0.0635" HoleTipAngle="118" StartChamferOffset="0.01" StartChamferAngle="45" EndChamferOffset="0.01" EndChamferAngle="45"  />
    <StandardHole Unit="Inch" Standard="ANSI" Size="#51" Fit="Exact" HoleDiameter="0.067" HoleTipAngle="118" StartChamferOffset="0.01" StartChamferAngle="45" EndChamferOffset="0.01" EndChamferAngle="45"  />
    <StandardHole Unit="Inch" Standard="ANSI" Size="#50" Fit="Exact" HoleDiameter="0.07" HoleTipAngle="118" StartChamferOffset="0.01" StartChamferAngle="45" EndChamferOffset="0.01" EndChamferAngle="45"  />
    <StandardHole Unit="Inch" Standard="ANSI" Size="#49" Fit="Exact" HoleDiameter="0.073" HoleTipAngle="118" StartChamferOffset="0.01" StartChamferAngle="45" EndChamferOffset="0.01" EndChamferAngle="45"  />
    <StandardHole Unit="Inch" Standard="ANSI" Size="#48" Fit="Exact" HoleDiameter="0.076" HoleTipAngle="118" StartChamferOffset="0.01" StartChamferAngle="45" EndChamferOffset="0.01" EndChamferAngle="45"  />
    <StandardHole Unit="Inch" Standard="ANSI" Size="5/64" Fit="Exact" HoleDiameter="0.07813" HoleTipAngle="118" StartChamferOffset="0.01" StartChamferAngle="45" EndChamferOffset="0.01" EndChamferAngle="45"  />
    <StandardHole Unit="Inch" Standard="ANSI" Size="#47" Fit="Exact" HoleDiameter="0.0785" HoleTipAngle="118" StartChamferOffset="0.01" StartChamferAngle="45" EndChamferOffset="0.01" EndChamferAngle="45"  />
    <StandardHole Unit="Inch" Standard="ANSI" Size="#46" Fit="Exact" HoleDiameter="0.081" HoleTipAngle="118" StartChamferOffset="0.01" StartChamferAngle="45" EndChamferOffset="0.01" EndChamferAngle="45"  />
    <StandardHole Unit="Inch" Standard="ANSI" Size="#45" Fit="Exact" HoleDiameter="0.082" HoleTipAngle="118" StartChamferOffset="0.01" StartChamferAngle="45" EndChamferOffset="0.01" EndChamferAngle="45"  />
    <StandardHole Unit="Inch" Standard="ANSI" Size="#44" Fit="Exact" HoleDiameter="0.086" HoleTipAngle="118" StartChamferOffset="0.01" StartChamferAngle="45" EndChamferOffset="0.01" EndChamferAngle="45"  />
    <StandardHole Unit="Inch" Standard="ANSI" Size="#43" Fit="Exact" HoleDiameter="0.089" HoleTipAngle="118" StartChamferOffset="0.01" StartChamferAngle="45" EndChamferOffset="0.01" EndChamferAngle="45"  />
    <StandardHole Unit="Inch" Standard="ANSI" Size="#42" Fit="Exact" HoleDiameter="0.0935" HoleTipAngle="118" StartChamferOffset="0.01" StartChamferAngle="45" EndChamferOffset="0.01" EndChamferAngle="45"  />
    <StandardHole Unit="Inch" Standard="ANSI" Size="3/32" Fit="Exact" HoleDiameter="0.09375" HoleTipAngle="118" StartChamferOffset="0.01" StartChamferAngle="45" EndChamferOffset="0.01" EndChamferAngle="45"  />
    <StandardHole Unit="Inch" Standard="ANSI" Size="#41" Fit="Exact" HoleDiameter="0.096" HoleTipAngle="118" StartChamferOffset="0.01" StartChamferAngle="45" EndChamferOffset="0.01" EndChamferAngle="45"  />
    <StandardHole Unit="Inch" Standard="ANSI" Size="#40" Fit="Exact" HoleDiameter="0.098" HoleTipAngle="118" StartChamferOffset="0.01" StartChamferAngle="45" EndChamferOffset="0.01" EndChamferAngle="45"  />
    <StandardHole Unit="Inch" Standard="ANSI" Size="#39" Fit="Exact" HoleDiameter="0.0995" HoleTipAngle="118" StartChamferOffset="0.01" StartChamferAngle="45" EndChamferOffset="0.01" EndChamferAngle="45"  />
    <StandardHole Unit="Inch" Standard="ANSI" Size="#38" Fit="Exact" HoleDiameter="0.1015" HoleTipAngle="118" StartChamferOffset="0.01" StartChamferAngle="45" EndChamferOffset="0.01" EndChamferAngle="45"  />
    <StandardHole Unit="Inch" Standard="ANSI" Size="#37" Fit="Exact" HoleDiameter="0.104" HoleTipAngle="118" StartChamferOffset="0.01" StartChamferAngle="45" EndChamferOffset="0.01" EndChamferAngle="45"  />
    <StandardHole Unit="Inch" Standard="ANSI" Size="#36" Fit="Exact" HoleDiameter="0.1065" HoleTipAngle="118" StartChamferOffset="0.01" StartChamferAngle="45" EndChamferOffset="0.01" EndChamferAngle="45"  />
    <StandardHole Unit="Inch" Standard="ANSI" Size="7/64" Fit="Exact" HoleDiameter="0.10938" HoleTipAngle="118" StartChamferOffset="0.01" StartChamferAngle="45" EndChamferOffset="0.01" EndChamferAngle="45"  />
    <StandardHole Unit="Inch" Standard="ANSI" Size="#35" Fit="Exact" HoleDiameter="0.11" HoleTipAngle="118" StartChamferOffset="0.01" StartChamferAngle="45" EndChamferOffset="0.01" EndChamferAngle="45"  />
    <StandardHole Unit="Inch" Standard="ANSI" Size="#34" Fit="Exact" HoleDiameter="0.111" HoleTipAngle="118" StartChamferOffset="0.01" StartChamferAngle="45" EndChamferOffset="0.01" EndChamferAngle="45"  />
    <StandardHole Unit="Inch" Standard="ANSI" Size="#33" Fit="Exact" HoleDiameter="0.113" HoleTipAngle="118" StartChamferOffset="0.01" StartChamferAngle="45" EndChamferOffset="0.01" EndChamferAngle="45"  />
    <StandardHole Unit="Inch" Standard="ANSI" Size="#32" Fit="Exact" HoleDiameter="0.116" HoleTipAngle="118" StartChamferOffset="0.01" StartChamferAngle="45" EndChamferOffset="0.01" EndChamferAngle="45"  />
    <StandardHole Unit="Inch" Standard="ANSI" Size="#31" Fit="Exact" HoleDiameter="0.12" HoleTipAngle="118" StartChamferOffset="0.01" StartChamferAngle="45" EndChamferOffset="0.01" EndChamferAngle="45"  />
    <StandardHole Unit="Inch" Standard="ANSI" Size="1/8" Fit="Exact" HoleDiameter="0.125" HoleTipAngle="118" StartChamferOffset="0.01" StartChamferAngle="45" EndChamferOffset="0.01" EndChamferAngle="45"  />
    <StandardHole Unit="Inch" Standard="ANSI" Size="#30" Fit="Exact" HoleDiameter="0.1285" HoleTipAngle="118" StartChamferOffset="0.01" StartChamferAngle="45" EndChamferOffset="0.01" EndChamferAngle="45"  />
    <StandardHole Unit="Inch" Standard="ANSI" Size="#29" Fit="Exact" HoleDiameter="0.136" HoleTipAngle="118" StartChamferOffset="0.01" StartChamferAngle="45" EndChamferOffset="0.01" EndChamferAngle="45"  />
    <StandardHole Unit="Inch" Standard="ANSI" Size="#28" Fit="Exact" HoleDiameter="0.1405" HoleTipAngle="118" StartChamferOffset="0.01" StartChamferAngle="45" EndChamferOffset="0.01" EndChamferAngle="45"  />
    <StandardHole Unit="Inch" Standard="ANSI" Size="9/64" Fit="Exact" HoleDiameter="0.14063" HoleTipAngle="118" StartChamferOffset="0.01" StartChamferAngle="45" EndChamferOffset="0.01" EndChamferAngle="45"  />
    <StandardHole Unit="Inch" Standard="ANSI" Size="#27" Fit="Exact" HoleDiameter="0.144" HoleTipAngle="118" StartChamferOffset="0.01" StartChamferAngle="45" EndChamferOffset="0.01" EndChamferAngle="45"  />
    <StandardHole Unit="Inch" Standard="ANSI" Size="#26" Fit="Exact" HoleDiameter="0.147" HoleTipAngle="118" StartChamferOffset="0.015" StartChamferAngle="45" EndChamferOffset="0.015" EndChamferAngle="45"  />
    <StandardHole Unit="Inch" Standard="ANSI" Size="#25" Fit="Exact" HoleDiameter="0.1495" HoleTipAngle="118" StartChamferOffset="0.015" StartChamferAngle="45" EndChamferOffset="0.015" EndChamferAngle="45"  />
    <StandardHole Unit="Inch" Standard="ANSI" Size="#24" Fit="Exact" HoleDiameter="0.152" HoleTipAngle="118" StartChamferOffset="0.015" StartChamferAngle="45" EndChamferOffset="0.015" EndChamferAngle="45"  />
    <StandardHole Unit="Inch" Standard="ANSI" Size="#23" Fit="Exact" HoleDiameter="0.154" HoleTipAngle="118" StartChamferOffset="0.015" StartChamferAngle="45" EndChamferOffset="0.015" EndChamferAngle="45"  />
    <StandardHole Unit="Inch" Standard="ANSI" Size="5/32" Fit="Exact" HoleDiameter="0.15625" HoleTipAngle="118" StartChamferOffset="0.015" StartChamferAngle="45" EndChamferOffset="0.015" EndChamferAngle="45"  />
    <StandardHole Unit="Inch" Standard="ANSI" Size="#22" Fit="Exact" HoleDiameter="0.157" HoleTipAngle="118" StartChamferOffset="0.015" StartChamferAngle="45" EndChamferOffset="0.015" EndChamferAngle="45"  />
    <StandardHole Unit="Inch" Standard="ANSI" Size="#21" Fit="Exact" HoleDiameter="0.159" HoleTipAngle="118" StartChamferOffset="0.015" StartChamferAngle="45" EndChamferOffset="0.015" EndChamferAngle="45"  />
    <StandardHole Unit="Inch" Standard="ANSI" Size="#20" Fit="Exact" HoleDiameter="0.161" HoleTipAngle="118" StartChamferOffset="0.015" StartChamferAngle="45" EndChamferOffset="0.015" EndChamferAngle="45"  />
    <StandardHole Unit="Inch" Standard="ANSI" Size="#19" Fit="Exact" HoleDiameter="0.166" HoleTipAngle="118" StartChamferOffset="0.015" StartChamferAngle="45" EndChamferOffset="0.015" EndChamferAngle="45"  />
    <StandardHole Unit="Inch" Standard="ANSI" Size="#18" Fit="Exact" HoleDiameter="0.1695" HoleTipAngle="118" StartChamferOffset="0.015" StartChamferAngle="45" EndChamferOffset="0.015" EndChamferAngle="45"  />
    <StandardHole Unit="Inch" Standard="ANSI" Size="11/64" Fit="Exact" HoleDiameter="0.17188" HoleTipAngle="118" StartChamferOffset="0.015" StartChamferAngle="45" EndChamferOffset="0.015" EndChamferAngle="45"  />
    <StandardHole Unit="Inch" Standard="ANSI" Size="#17" Fit="Exact" HoleDiameter="0.173" HoleTipAngle="118" StartChamferOffset="0.015" StartChamferAngle="45" EndChamferOffset="0.015" EndChamferAngle="45"  />
    <StandardHole Unit="Inch" Standard="ANSI" Size="#16" Fit="Exact" HoleDiameter="0.177" HoleTipAngle="118" StartChamferOffset="0.015" StartChamferAngle="45" EndChamferOffset="0.015" EndChamferAngle="45"  />
    <StandardHole Unit="Inch" Standard="ANSI" Size="#15" Fit="Exact" HoleDiameter="0.18" HoleTipAngle="118" StartChamferOffset="0.015" StartChamferAngle="45" EndChamferOffset="0.015" EndChamferAngle="45"  />
    <StandardHole Unit="Inch" Standard="ANSI" Size="#14" Fit="Exact" HoleDiameter="0.182" HoleTipAngle="118" StartChamferOffset="0.015" StartChamferAngle="45" EndChamferOffset="0.015" EndChamferAngle="45"  />
    <StandardHole Unit="Inch" Standard="ANSI" Size="#13" Fit="Exact" HoleDiameter="0.185" HoleTipAngle="118" StartChamferOffset="0.015" StartChamferAngle="45" EndChamferOffset="0.015" EndChamferAngle="45"  />
    <StandardHole Unit="Inch" Standard="ANSI" Size="3/16" Fit="Exact" HoleDiameter="0.1875" HoleTipAngle="118" StartChamferOffset="0.015" StartChamferAngle="45" EndChamferOffset="0.015" EndChamferAngle="45"  />
    <StandardHole Unit="Inch" Standard="ANSI" Size="#12" Fit="Exact" HoleDiameter="0.189" HoleTipAngle="118" StartChamferOffset="0.015" StartChamferAngle="45" EndChamferOffset="0.015" EndChamferAngle="45"  />
    <StandardHole Unit="Inch" Standard="ANSI" Size="#11" Fit="Exact" HoleDiameter="0.191" HoleTipAngle="118" StartChamferOffset="0.015" StartChamferAngle="45" EndChamferOffset="0.015" EndChamferAngle="45"  />
    <StandardHole Unit="Inch" Standard="ANSI" Size="#10" Fit="Exact" HoleDiameter="0.1935" HoleTipAngle="118" StartChamferOffset="0.015" StartChamferAngle="45" EndChamferOffset="0.015" EndChamferAngle="45"  />
    <StandardHole Unit="Inch" Standard="ANSI" Size="#9" Fit="Exact" HoleDiameter="0.196" HoleTipAngle="118" StartChamferOffset="0.015" StartChamferAngle="45" EndChamferOffset="0.015" EndChamferAngle="45"  />
    <StandardHole Unit="Inch" Standard="ANSI" Size="#8" Fit="Exact" HoleDiameter="0.199" HoleTipAngle="118" StartChamferOffset="0.015" StartChamferAngle="45" EndChamferOffset="0.015" EndChamferAngle="45"  />
    <StandardHole Unit="Inch" Standard="ANSI" Size="#7" Fit="Exact" HoleDiameter="0.201" HoleTipAngle="118" StartChamferOffset="0.015" StartChamferAngle="45" EndChamferOffset="0.015" EndChamferAngle="45"  />
    <StandardHole Unit="Inch" Standard="ANSI" Size="13/64" Fit="Exact" HoleDiameter="0.20313" HoleTipAngle="118" StartChamferOffset="0.015" StartChamferAngle="45" EndChamferOffset="0.015" EndChamferAngle="45"  />
    <StandardHole Unit="Inch" Standard="ANSI" Size="#6" Fit="Exact" HoleDiameter="0.204" HoleTipAngle="118" StartChamferOffset="0.015" StartChamferAngle="45" EndChamferOffset="0.015" EndChamferAngle="45"  />
    <StandardHole Unit="Inch" Standard="ANSI" Size="#5" Fit="Exact" HoleDiameter="0.2055" HoleTipAngle="118" StartChamferOffset="0.015" StartChamferAngle="45" EndChamferOffset="0.015" EndChamferAngle="45"  />
    <StandardHole Unit="Inch" Standard="ANSI" Size="#4" Fit="Exact" HoleDiameter="0.209" HoleTipAngle="118" StartChamferOffset="0.015" StartChamferAngle="45" EndChamferOffset="0.015" EndChamferAngle="45"  />
    <StandardHole Unit="Inch" Standard="ANSI" Size="#3" Fit="Exact" HoleDiameter="0.213" HoleTipAngle="118" StartChamferOffset="0.015" StartChamferAngle="45" EndChamferOffset="0.015" EndChamferAngle="45"  />
    <StandardHole Unit="Inch" Standard="ANSI" Size="7/32" Fit="Exact" HoleDiameter="0.21875" HoleTipAngle="118" StartChamferOffset="0.015" StartChamferAngle="45" EndChamferOffset="0.015" EndChamferAngle="45"  />
    <StandardHole Unit="Inch" Standard="ANSI" Size="#2" Fit="Exact" HoleDiameter="0.221" HoleTipAngle="118" StartChamferOffset="0.015" StartChamferAngle="45" EndChamferOffset="0.015" EndChamferAngle="45"  />
    <StandardHole Unit="Inch" Standard="ANSI" Size="#1" Fit="Exact" HoleDiameter="0.228" HoleTipAngle="118" StartChamferOffset="0.015" StartChamferAngle="45" EndChamferOffset="0.015" EndChamferAngle="45"  />
    <StandardHole Unit="Inch" Standard="ANSI" Size="A" Fit="Exact" HoleDiameter="0.234" HoleTipAngle="118" StartChamferOffset="0.015" StartChamferAngle="45" EndChamferOffset="0.015" EndChamferAngle="45"  />
    <StandardHole Unit="Inch" Standard="ANSI" Size="15/64" Fit="Exact" HoleDiameter="0.23438" HoleTipAngle="118" StartChamferOffset="0.015" StartChamferAngle="45" EndChamferOffset="0.015" EndChamferAngle="45"  />
    <StandardHole Unit="Inch" Standard="ANSI" Size="B" Fit="Exact" HoleDiameter="0.238" HoleTipAngle="118" StartChamferOffset="0.015" StartChamferAngle="45" EndChamferOffset="0.015" EndChamferAngle="45"  />
    <StandardHole Unit="Inch" Standard="ANSI" Size="C" Fit="Exact" HoleDiameter="0.242" HoleTipAngle="118" StartChamferOffset="0.015" StartChamferAngle="45" EndChamferOffset="0.015" EndChamferAngle="45"  />
    <StandardHole Unit="Inch" Standard="ANSI" Size="D" Fit="Exact" HoleDiameter="0.246" HoleTipAngle="118" StartChamferOffset="0.015" StartChamferAngle="45" EndChamferOffset="0.015" EndChamferAngle="45"  />
    <StandardHole Unit="Inch" Standard="ANSI" Size="1/4" Fit="Exact" HoleDiameter="0.25" HoleTipAngle="118" StartChamferOffset="0.015" StartChamferAngle="45" EndChamferOffset="0.015" EndChamferAngle="45"  />
    <StandardHole Unit="Inch" Standard="ANSI" Size="E" Fit="Exact" HoleDiameter="0.25" HoleTipAngle="118" StartChamferOffset="0.015" StartChamferAngle="45" EndChamferOffset="0.015" EndChamferAngle="45"  />
    <StandardHole Unit="Inch" Standard="ANSI" Size="F" Fit="Exact" HoleDiameter="0.257" HoleTipAngle="118" StartChamferOffset="0.015" StartChamferAngle="45" EndChamferOffset="0.015" EndChamferAngle="45"  />
    <StandardHole Unit="Inch" Standard="ANSI" Size="G" Fit="Exact" HoleDiameter="0.261" HoleTipAngle="118" StartChamferOffset="0.015" StartChamferAngle="45" EndChamferOffset="0.015" EndChamferAngle="45"  />
    <StandardHole Unit="Inch" Standard="ANSI" Size="17/64" Fit="Exact" HoleDiameter="0.26563" HoleTipAngle="118" StartChamferOffset="0.030" StartChamferAngle="45" EndChamferOffset="0.030" EndChamferAngle="45"  />
    <StandardHole Unit="Inch" Standard="ANSI" Size="H" Fit="Exact" HoleDiameter="0.266" HoleTipAngle="118" StartChamferOffset="0.030" StartChamferAngle="45" EndChamferOffset="0.030" EndChamferAngle="45"  />
    <StandardHole Unit="Inch" Standard="ANSI" Size="I" Fit="Exact" HoleDiameter="0.272" HoleTipAngle="118" StartChamferOffset="0.030" StartChamferAngle="45" EndChamferOffset="0.030" EndChamferAngle="45"  />
    <StandardHole Unit="Inch" Standard="ANSI" Size="J" Fit="Exact" HoleDiameter="0.277" HoleTipAngle="118" StartChamferOffset="0.030" StartChamferAngle="45" EndChamferOffset="0.030" EndChamferAngle="45"  />
    <StandardHole Unit="Inch" Standard="ANSI" Size="K" Fit="Exact" HoleDiameter="0.281" HoleTipAngle="118" StartChamferOffset="0.030" StartChamferAngle="45" EndChamferOffset="0.030" EndChamferAngle="45"  />
    <StandardHole Unit="Inch" Standard="ANSI" Size="9/32" Fit="Exact" HoleDiameter="0.28125" HoleTipAngle="118" StartChamferOffset="0.030" StartChamferAngle="45" EndChamferOffset="0.030" EndChamferAngle="45"  />
    <StandardHole Unit="Inch" Standard="ANSI" Size="L" Fit="Exact" HoleDiameter="0.29" HoleTipAngle="118" StartChamferOffset="0.030" StartChamferAngle="45" EndChamferOffset="0.030" EndChamferAngle="45"  />
    <StandardHole Unit="Inch" Standard="ANSI" Size="M" Fit="Exact" HoleDiameter="0.295" HoleTipAngle="118" StartChamferOffset="0.030" StartChamferAngle="45" EndChamferOffset="0.030" EndChamferAngle="45"  />
    <StandardHole Unit="Inch" Standard="ANSI" Size="19/64" Fit="Exact" HoleDiameter="0.29688" HoleTipAngle="118" StartChamferOffset="0.030" StartChamferAngle="45" EndChamferOffset="0.030" EndChamferAngle="45"  />
    <StandardHole Unit="Inch" Standard="ANSI" Size="N" Fit="Exact" HoleDiameter="0.302" HoleTipAngle="118" StartChamferOffset="0.030" StartChamferAngle="45" EndChamferOffset="0.030" EndChamferAngle="45"  />
    <StandardHole Unit="Inch" Standard="ANSI" Size="5/16" Fit="Exact" HoleDiameter="0.3125" HoleTipAngle="118" StartChamferOffset="0.030" StartChamferAngle="45" EndChamferOffset="0.030" EndChamferAngle="45"  />
    <StandardHole Unit="Inch" Standard="ANSI" Size="O" Fit="Exact" HoleDiameter="0.316" HoleTipAngle="118" StartChamferOffset="0.030" StartChamferAngle="45" EndChamferOffset="0.030" EndChamferAngle="45"  />
    <StandardHole Unit="Inch" Standard="ANSI" Size="P" Fit="Exact" HoleDiameter="0.323" HoleTipAngle="118" StartChamferOffset="0.030" StartChamferAngle="45" EndChamferOffset="0.030" EndChamferAngle="45"  />
    <StandardHole Unit="Inch" Standard="ANSI" Size="21/64" Fit="Exact" HoleDiameter="0.32813" HoleTipAngle="118" StartChamferOffset="0.030" StartChamferAngle="45" EndChamferOffset="0.030" EndChamferAngle="45"  />
    <StandardHole Unit="Inch" Standard="ANSI" Size="Q" Fit="Exact" HoleDiameter="0.332" HoleTipAngle="118" StartChamferOffset="0.030" StartChamferAngle="45" EndChamferOffset="0.030" EndChamferAngle="45"  />
    <StandardHole Unit="Inch" Standard="ANSI" Size="R" Fit="Exact" HoleDiameter="0.339" HoleTipAngle="118" StartChamferOffset="0.030" StartChamferAngle="45" EndChamferOffset="0.030" EndChamferAngle="45"  />
    <StandardHole Unit="Inch" Standard="ANSI" Size="11/32" Fit="Exact" HoleDiameter="0.34375" HoleTipAngle="118" StartChamferOffset="0.030" StartChamferAngle="45" EndChamferOffset="0.030" EndChamferAngle="45"  />
    <StandardHole Unit="Inch" Standard="ANSI" Size="S" Fit="Exact" HoleDiameter="0.348" HoleTipAngle="118" StartChamferOffset="0.030" StartChamferAngle="45" EndChamferOffset="0.030" EndChamferAngle="45"  />
    <StandardHole Unit="Inch" Standard="ANSI" Size="T" Fit="Exact" HoleDiameter="0.358" HoleTipAngle="118" StartChamferOffset="0.030" StartChamferAngle="45" EndChamferOffset="0.030" EndChamferAngle="45"  />
    <StandardHole Unit="Inch" Standard="ANSI" Size="23/64" Fit="Exact" HoleDiameter="0.35938" HoleTipAngle="118" StartChamferOffset="0.030" StartChamferAngle="45" EndChamferOffset="0.030" EndChamferAngle="45"  />
    <StandardHole Unit="Inch" Standard="ANSI" Size="U" Fit="Exact" HoleDiameter="0.368" HoleTipAngle="118" StartChamferOffset="0.030" StartChamferAngle="45" EndChamferOffset="0.030" EndChamferAngle="45"  />
    <StandardHole Unit="Inch" Standard="ANSI" Size="3/8" Fit="Exact" HoleDiameter="0.375" HoleTipAngle="118" StartChamferOffset="0.030" StartChamferAngle="45" EndChamferOffset="0.030" EndChamferAngle="45"  />
    <StandardHole Unit="Inch" Standard="ANSI" Size="V" Fit="Exact" HoleDiameter="0.377" HoleTipAngle="118" StartChamferOffset="0.030" StartChamferAngle="45" EndChamferOffset="0.030" EndChamferAngle="45"  />
    <StandardHole Unit="Inch" Standard="ANSI" Size="W" Fit="Exact" HoleDiameter="0.386" HoleTipAngle="118" StartChamferOffset="0.030" StartChamferAngle="45" EndChamferOffset="0.030" EndChamferAngle="45"  />
    <StandardHole Unit="Inch" Standard="ANSI" Size="25/64" Fit="Exact" HoleDiameter="0.39063" HoleTipAngle="118" StartChamferOffset="0.030" StartChamferAngle="45" EndChamferOffset="0.030" EndChamferAngle="45"  />
    <StandardHole Unit="Inch" Standard="ANSI" Size="X" Fit="Exact" HoleDiameter="0.397" HoleTipAngle="118" StartChamferOffset="0.030" StartChamferAngle="45" EndChamferOffset="0.030" EndChamferAngle="45"  />
    <StandardHole Unit="Inch" Standard="ANSI" Size="Y" Fit="Exact" HoleDiameter="0.404" HoleTipAngle="118" StartChamferOffset="0.030" StartChamferAngle="45" EndChamferOffset="0.030" EndChamferAngle="45"  />
    <StandardHole Unit="Inch" Standard="ANSI" Size="13/32" Fit="Exact" HoleDiameter="0.40625" HoleTipAngle="118" StartChamferOffset="0.030" StartChamferAngle="45" EndChamferOffset="0.030" EndChamferAngle="45"  />
    <StandardHole Unit="Inch" Standard="ANSI" Size="Z" Fit="Exact" HoleDiameter="0.413" HoleTipAngle="118" StartChamferOffset="0.030" StartChamferAngle="45" EndChamferOffset="0.030" EndChamferAngle="45"  />
    <StandardHole Unit="Inch" Standard="ANSI" Size="27/64" Fit="Exact" HoleDiameter="0.42188" HoleTipAngle="118" StartChamferOffset="0.030" StartChamferAngle="45" EndChamferOffset="0.030" EndChamferAngle="45"  />
    <StandardHole Unit="Inch" Standard="ANSI" Size="7/16" Fit="Exact" HoleDiameter="0.4375" HoleTipAngle="118" StartChamferOffset="0.030" StartChamferAngle="45" EndChamferOffset="0.030" EndChamferAngle="45"  />
    <StandardHole Unit="Inch" Standard="ANSI" Size="29/64" Fit="Exact" HoleDiameter="0.45313" HoleTipAngle="118" StartChamferOffset="0.030" StartChamferAngle="45" EndChamferOffset="0.030" EndChamferAngle="45"  />
    <StandardHole Unit="Inch" Standard="ANSI" Size="15/32" Fit="Exact" HoleDiameter="0.46875" HoleTipAngle="118" StartChamferOffset="0.030" StartChamferAngle="45" EndChamferOffset="0.030" EndChamferAngle="45"  />
    <StandardHole Unit="Inch" Standard="ANSI" Size="31/64" Fit="Exact" HoleDiameter="0.48438" HoleTipAngle="118" StartChamferOffset="0.030" StartChamferAngle="45" EndChamferOffset="0.030" EndChamferAngle="45"  />
    <StandardHole Unit="Inch" Standard="ANSI" Size="1/2" Fit="Exact" HoleDiameter="0.5" HoleTipAngle="118" StartChamferOffset="0.030" StartChamferAngle="45" EndChamferOffset="0.030" EndChamferAngle="45"  />
    <StandardHole Unit="Inch" Standard="ANSI" Size="33/64" Fit="Exact" HoleDiameter="0.51563" HoleTipAngle="118" StartChamferOffset="0.030" StartChamferAngle="45" EndChamferOffset="0.030" EndChamferAngle="45"  />
    <StandardHole Unit="Inch" Standard="ANSI" Size="17/32" Fit="Exact" HoleDiameter="0.53125" HoleTipAngle="118" StartChamferOffset="0.030" StartChamferAngle="45" EndChamferOffset="0.030" EndChamferAngle="45"  />
    <StandardHole Unit="Inch" Standard="ANSI" Size="35/64" Fit="Exact" HoleDiameter="0.54688" HoleTipAngle="118" StartChamferOffset="0.030" StartChamferAngle="45" EndChamferOffset="0.030" EndChamferAngle="45"  />
    <StandardHole Unit="Inch" Standard="ANSI" Size="9/16" Fit="Exact" HoleDiameter="0.5625" HoleTipAngle="118" StartChamferOffset="0.030" StartChamferAngle="45" EndChamferOffset="0.030" EndChamferAngle="45"  />
    <StandardHole Unit="Inch" Standard="ANSI" Size="37/64" Fit="Exact" HoleDiameter="0.57813" HoleTipAngle="118" StartChamferOffset="0.030" StartChamferAngle="45" EndChamferOffset="0.030" EndChamferAngle="45"  />
    <StandardHole Unit="Inch" Standard="ANSI" Size="19/32" Fit="Exact" HoleDiameter="0.59375" HoleTipAngle="118" StartChamferOffset="0.030" StartChamferAngle="45" EndChamferOffset="0.030" EndChamferAngle="45"  />
    <StandardHole Unit="Inch" Standard="ANSI" Size="39/64" Fit="Exact" HoleDiameter="0.60938" HoleTipAngle="118" StartChamferOffset="0.030" StartChamferAngle="45" EndChamferOffset="0.030" EndChamferAngle="45"  />
    <StandardHole Unit="Inch" Standard="ANSI" Size="5/8" Fit="Exact" HoleDiameter="0.625" HoleTipAngle="118" StartChamferOffset="0.030" StartChamferAngle="45" EndChamferOffset="0.030" EndChamferAngle="45"  />
    <StandardHole Unit="Inch" Standard="ANSI" Size="41/64" Fit="Exact" HoleDiameter="0.64063" HoleTipAngle="118" StartChamferOffset="0.030" StartChamferAngle="45" EndChamferOffset="0.030" EndChamferAngle="45"  />
    <StandardHole Unit="Inch" Standard="ANSI" Size="21/32" Fit="Exact" HoleDiameter="0.65625" HoleTipAngle="118" StartChamferOffset="0.030" StartChamferAngle="45" EndChamferOffset="0.030" EndChamferAngle="45"  />
    <StandardHole Unit="Inch" Standard="ANSI" Size="43/64" Fit="Exact" HoleDiameter="0.67188" HoleTipAngle="118" StartChamferOffset="0.030" StartChamferAngle="45" EndChamferOffset="0.030" EndChamferAngle="45"  />
    <StandardHole Unit="Inch" Standard="ANSI" Size="11/16" Fit="Exact" HoleDiameter="0.6875" HoleTipAngle="118" StartChamferOffset="0.030" StartChamferAngle="45" EndChamferOffset="0.030" EndChamferAngle="45"  />
    <StandardHole Unit="Inch" Standard="ANSI" Size="45/64" Fit="Exact" HoleDiameter="0.70313" HoleTipAngle="118" StartChamferOffset="0.030" StartChamferAngle="45" EndChamferOffset="0.030" EndChamferAngle="45"  />
    <StandardHole Unit="Inch" Standard="ANSI" Size="23/32" Fit="Exact" HoleDiameter="0.71875" HoleTipAngle="118" StartChamferOffset="0.030" StartChamferAngle="45" EndChamferOffset="0.030" EndChamferAngle="45"  />
    <StandardHole Unit="Inch" Standard="ANSI" Size="47/64" Fit="Exact" HoleDiameter="0.73438" HoleTipAngle="118" StartChamferOffset="0.030" StartChamferAngle="45" EndChamferOffset="0.030" EndChamferAngle="45"  />
    <StandardHole Unit="Inch" Standard="ANSI" Size="3/4" Fit="Exact" HoleDiameter="0.75" HoleTipAngle="118" StartChamferOffset="0.030" StartChamferAngle="45" EndChamferOffset="0.030" EndChamferAngle="45"  />
    <StandardHole Unit="Inch" Standard="ANSI" Size="49/64" Fit="Exact" HoleDiameter="0.76563" HoleTipAngle="118" StartChamferOffset="0.06" StartChamferAngle="45" EndChamferOffset="0.06" EndChamferAngle="45"  />
    <StandardHole Unit="Inch" Standard="ANSI" Size="25/32" Fit="Exact" HoleDiameter="0.78125" HoleTipAngle="118" StartChamferOffset="0.06" StartChamferAngle="45" EndChamferOffset="0.06" EndChamferAngle="45"  />
    <StandardHole Unit="Inch" Standard="ANSI" Size="51/64" Fit="Exact" HoleDiameter="0.79688" HoleTipAngle="118" StartChamferOffset="0.06" StartChamferAngle="45" EndChamferOffset="0.06" EndChamferAngle="45"  />
    <StandardHole Unit="Inch" Standard="ANSI" Size="13/16" Fit="Exact" HoleDiameter="0.8125" HoleTipAngle="118" StartChamferOffset="0.06" StartChamferAngle="45" EndChamferOffset="0.06" EndChamferAngle="45"  />
    <StandardHole Unit="Inch" Standard="ANSI" Size="53/64" Fit="Exact" HoleDiameter="0.82813" HoleTipAngle="118" StartChamferOffset="0.06" StartChamferAngle="45" EndChamferOffset="0.06" EndChamferAngle="45"  />
    <StandardHole Unit="Inch" Standard="ANSI" Size="27/32" Fit="Exact" HoleDiameter="0.84375" HoleTipAngle="118" StartChamferOffset="0.06" StartChamferAngle="45" EndChamferOffset="0.06" EndChamferAngle="45"  />
    <StandardHole Unit="Inch" Standard="ANSI" Size="55/64" Fit="Exact" HoleDiameter="0.85938" HoleTipAngle="118" StartChamferOffset="0.06" StartChamferAngle="45" EndChamferOffset="0.06" EndChamferAngle="45"  />
    <StandardHole Unit="Inch" Standard="ANSI" Size="7/8" Fit="Exact" HoleDiameter="0.875" HoleTipAngle="118" StartChamferOffset="0.06" StartChamferAngle="45" EndChamferOffset="0.06" EndChamferAngle="45"  />
    <StandardHole Unit="Inch" Standard="ANSI" Size="57/64" Fit="Exact" HoleDiameter="0.89063" HoleTipAngle="118" StartChamferOffset="0.06" StartChamferAngle="45" EndChamferOffset="0.06" EndChamferAngle="45"  />
    <StandardHole Unit="Inch" Standard="ANSI" Size="29/32" Fit="Exact" HoleDiameter="0.90625" HoleTipAngle="118" StartChamferOffset="0.06" StartChamferAngle="45" EndChamferOffset="0.06" EndChamferAngle="45"  />
    <StandardHole Unit="Inch" Standard="ANSI" Size="59/64" Fit="Exact" HoleDiameter="0.92188" HoleTipAngle="118" StartChamferOffset="0.06" StartChamferAngle="45" EndChamferOffset="0.06" EndChamferAngle="45"  />
    <StandardHole Unit="Inch" Standard="ANSI" Size="15/16" Fit="Exact" HoleDiameter="0.9375" HoleTipAngle="118" StartChamferOffset="0.06" StartChamferAngle="45" EndChamferOffset="0.06" EndChamferAngle="45"  />
    <StandardHole Unit="Inch" Standard="ANSI" Size="61/64" Fit="Exact" HoleDiameter="0.95313" HoleTipAngle="118" StartChamferOffset="0.06" StartChamferAngle="45" EndChamferOffset="0.06" EndChamferAngle="45"  />
    <StandardHole Unit="Inch" Standard="ANSI" Size="31/32" Fit="Exact" HoleDiameter="0.96875" HoleTipAngle="118" StartChamferOffset="0.06" StartChamferAngle="45" EndChamferOffset="0.06" EndChamferAngle="45"  />
    <StandardHole Unit="Inch" Standard="ANSI" Size="63/64" Fit="Exact" HoleDiameter="0.98438" HoleTipAngle="118" StartChamferOffset="0.06" StartChamferAngle="45" EndChamferOffset="0.06" EndChamferAngle="45"  />
    <StandardHole Unit="Inch" Standard="ANSI" Size="1" Fit="Exact" HoleDiameter="1" HoleTipAngle="118" StartChamferOffset="0.06" StartChamferAngle="45" EndChamferOffset="0.06" EndChamferAngle="45"  />
</Root>
