{
	"DesignParameterRecommender_DraftAnglePredictor.onnx": {
		"TrainedFeatures": [
			"Texture",
			"Side",
			"FaceDepth",
			"TensileStrengthYeild",
			"TensileModulusElasticity",
			"ElongationBreak",
			"FlexuralYieldStrength",
			"HardnessRockwell",
			"IzodImpactNotched",
			"MaxCoefficientLinearThermalExpansion",
			"HeatDeflectionTemperature",
			"MaxContinuousServiceTemperature",
			"WaterAbsorption",
			"MeltTemp",
			"MeltMassFlow",
			"LinearMoldShrinkage",
			"DryingTemperature",
			"ProcessingTemperature"
		],
		"CategoricalFeatures": [
			"Texture",
			"Side"
		],
		"Side": {
			"Cavity": 2.277182,
			"Core": -1.954594,
			"Unknown": -0.10393
		},
		"Texture": {
			"Fine": 0.37562,
			"None": -0.104054,
			"Coarse": -0.10393,
			"Unknown": -0.10393
		}
	}
}
