<?xml version="1.0" encoding="utf-8"?>
<!--
=============================================================================================================
                        Copyright (c) 2022 Siemens 
                     Unpublished - All rights reserved

        Do not modify the contents of this file without consulting Siemens PLM.
=============================================================================================================


-->
<Application Name="Node Explorer">
  <Group Name="MBSE" Expand="1">
    <Node Domain="SDPD" Identifier="SelectRequirement"/>
    <Node Domain="SDPD" Identifier="GetRequirements"/>
    <Node Domain="SDPD" Identifier="CreateRequirementRecipe"/>
    <Node Domain="SDPD" Identifier="CreateNXRequirement"/>
    <Node Domain="SDPD" Identifier="GetProductInterface"/>
    <Node Domain="SDPD" Identifier="SelectProductInterface"/>
    <Node Domain="SDPD" Identifier="SelectPMIData"/>
    <Node Domain="SDPD" Identifier="ValidatePMI"/>
    <Node Domain="SDPD" Identifier="ValidateExpression"/>
    <Node Domain="SDPD" Identifier="ConvertAttributetoExpression"/>
    <Node Domain="SDPD" Identifier="SelectTCRequirement"/>
    <Node Domain="SDPD" Identifier="DecomposeRequirement"/>
    <Node Domain="SDPD" Identifier="SelectDocumentfromTeamCenter"/>
    <Node Domain="SDPD" Identifier="SelectVerificationRequest"/>
    <Node Domain="SDPD" Identifier="FindConcentricHoles"/>
    <Node Domain="SDPD" Identifier="MeasureHoleClearance"/>
    <Node Domain="Selection" Identifier="Expression"/>
  </Group>
  <Group Name="MBD" Expand="1">
    <Group Name="Creation" Expand="1">
      <Group Name="Model View" Expand="0">
        <Node Domain="MBD" Identifier="CreateView"/>
      </Group>
      <Group Name="Dimension" Expand="1">
        <Node Domain="MBD" Identifier="AuthorFeatureOfSizeDimension"/>
        <Node Domain="MBD" Identifier="CreateHoleDimensionV1"/>
        <Node Domain="MBD" Identifier="CreateBossDimension"/>
        <Node Domain="MBD" Identifier="CreateSlotDimension"/>
        <Node Domain="MBD" Identifier="CreateFilletDimension"/>
        <Node Domain="MBD" Identifier="CreateLocatingDimensionV1"/>
        <Node Domain="MBD" Identifier="CreateCallout"/>
      </Group>
      <Group Name="Feature Control Frame" Expand="1">
        <Node Domain="MBD" Identifier="CreateFormTolerance"/>
        <Node Domain="MBD" Identifier="CreateProfileTolerance"/>
        <Node Domain="MBD" Identifier="CreatePMIPositionTolerance"/>
        <Node Domain="MBD" Identifier="CreatePMIOrientationTolerance"/>
        <Node Domain="MBD" Identifier="CreatePMIRunoutTolerance"/>
        <Node Domain="MBD" Identifier="CreateToleranceAndDatumReferenceFrame"/>
        <Node Domain="MBD" Identifier="AddToleranceAndDatumReferenceFrame"/>
      </Group>
      <Group Name="Annotation" Expand="0">
        <Node Domain="MBD" Identifier="CreateDatum"/>
        <Node Domain="MBD" Identifier="CreateNote"/>
        <Node Domain="MBD" Identifier="AuthorSurfaceFinishV1"/>
        <Node Domain="MBD" Identifier="CreateTable"/>
        <Node Domain="MBD" Identifier="CreatePointTypeDatumTargetSymbol"/>
        <Node Domain="MBD" Identifier="CreateLineTypeDatumTargetSymbol"/>
        <Node Domain="MBD" Identifier="CreateDatumTargetSymbolWithRegion"/>
      </Group>
      <Group Name="Technical Data Package" Expand="0">
        <Node Domain="TDP" Identifier="CreateTDPV1"/>
        <Node Domain="TDP" Identifier="CreateTDPJTPlusPDFV1"/>
      </Group>
    </Group>
    <Group Name="Editing" Expand="0">
      <Node Domain="MBD" Identifier="ModifyDimension"/>
      <Node Domain="MBD" Identifier="ModifyFeatureControlFrameV1"/>
      <Node Domain="MBD" Identifier="ModifySurfaceFinishV1"/>
      <Node Domain="MBD" Identifier="ModifyNote"/>
      <Node Domain="MBD" Identifier="ModifyAppendedText"/>
      <Node Domain="MBD" Identifier="ModifyLimitFitType"/>
      <Node Domain="MBD" Identifier="ModifyToleranceType"/>
    </Group>
    <Group Name="Tolerances" Expand="0">
      <Node Domain="MBD" Identifier="ConstructToleranceV1"/>
      <Node Path="$UGII_BASE_DIR\mbd\mbd_snippet_rules\PMI\Create Tolerance.lrule"/>
      <Node Domain="MBD" Identifier="HoleLookup"/>
      <Node Domain="MBD" Identifier="ShaftLookup"/>
      <Node Domain="MBD" Identifier="LookupFormTolerance"/>
      <Node Domain="MBD" Identifier="LookupDimensionalTolerance"/>
      <Node Domain="MBD" Identifier="LookupByColor"/>
      <Node Domain="MBD" Identifier="LookupByAttribute"/>
    </Group>
    <Group Name="Standards" Expand="0">
      <Node Domain="MBD" Identifier="ComputeLValue"/>
      <Node Domain="MBD" Identifier="LookupJEITATolerance"/>
    </Group>
    <Group Name="Utilities" Expand="0">
      <Group Name="Search" Expand="0">
        <Node Domain="MBD" Identifier="GetDatumFeatureSymbols"/>
        <Node Domain="MBD" Identifier="GetDimensions"/>
        <Node Domain="MBD" Identifier="GetFeatureControlFrames"/>
        <Node Domain="MBD" Identifier="GetNotes"/>
        <Node Domain="MBD" Identifier="GetSurfaceFinishSymbols"/>
        <Node Domain="MBD" Identifier="GetDatumTargetSymbols"/>
        <Node Domain="MBD" Identifier="GetWeldSymbols"/>
        <Node Domain="MBD" Identifier="GetPMIRegions"/>
        <Node Domain="MBD" Identifier="GetPMI"/>
        <Node Domain="MBD" Identifier="GetModelViews"/>
        <Node Domain="MBD" Identifier="GetPMIType"/>
        <Node Domain="MBD" Identifier="GroupPMIByAssociatedGeometry"/>
        <Node Domain="MBD" Identifier="GetAppendedText"/>
        <Node Path="$UGII_BASE_DIR\mbd\mbd_snippet_rules\PMI\Find Faces without PMI.lrule"/>
        <Node Path="$UGII_BASE_DIR\mbd\mbd_snippet_rules\PMI\Find Holes without PMI.lrule"/>
        <Node Domain="MBD" Identifier="GetToleranceType"/>
        <Node Domain="MBD" Identifier="GetLimitFitType"/>
        <Node Domain="Coatings" Identifier="GetCoatings"/>
      </Group>
      <Group Name="Associations" Expand="0">
        <Node Domain="MBD" Identifier="FindPMIonFaceV2"/>
        <Node Domain="MBD" Identifier="IsPMIOnObject"/>
        <Node Domain="MBD" Identifier="FindDatumFromLabel"/>
        <Node Domain="MBD" Identifier="RelationToDatum"/>
        <Node Domain="Coatings" Identifier="FindCoatingsOnFace"/>
        <Node Domain="MBD" Identifier="FindViewOfPMI"/>
        <Node Domain="MBD" Identifier="GetPMIInView"/>
      </Group>
      <Group Name="General" Expand="0">
        <Node Domain="MBD" Identifier="NextDatumLetter"/>
        <Node Domain="MBD" Identifier="Itemize"/>
        <Node Domain="MBD" Identifier="GetPlane"/>
        <Node Domain="MBD" Identifier="GetWorkView"/>
        <Node Domain="MBD" Identifier="DefaultPMI"/>
        <Node Domain="MBD" Identifier="IsImported"/>
        <Node Domain="MBD" Identifier="DisplayPMIInView"/>
        <Node Domain="MBD" Identifier="Predict"/>
      </Group>
    </Group>
  </Group>
  <Group Name="Geometry"  Expand="1">
    <Group Name="Primitives" Expand="0">
      <Group Name="Point" Expand = "0">
        <Node Domain="Math" Identifier="PointConstructV1"/>
        <Node Domain="Math" Identifier="SortAlongVector"/>
      </Group>
      <Group Name="Vector" Expand = "0">
        <Node Domain="Math" Identifier="XVector"/>
        <Node Domain="Math" Identifier="YVector"/>
        <Node Domain="Math" Identifier="ZVector"/>
        <Node Domain="Math" Identifier="Vector2Pt"/>
        <Node Domain="Math" Identifier="VectorConstruct"/>
        <Node Domain="Math" Identifier="DivideVector"/>
        <Node Domain="Math" Identifier="VectorLength"/>
        <Node Domain="Math" Identifier="MultiplyVector"/>
        <Node Domain="Math" Identifier="ReverseVector"/>
        <Node Domain="Math" Identifier="RotateVector"/>
        <Node Domain="Math" Identifier="UnitizeVector"/>
      </Group>
      <Group Name="Plane" Expand="0">
        <Node Domain="Math" Identifier="ConstructPlane"/>
        <Node Domain="Math" Identifier="Plane3Pt"/>
        <Node Domain="Math" Identifier="XYPlane"/>
        <Node Domain="Math" Identifier="XZPlane"/>
        <Node Domain="Math" Identifier="YZPlane"/>
        <Node Domain="Math" Identifier="MeasureNormal"/>
        <Node Domain="Math" Identifier="PlaneByNormal"/>
        <Node Domain="Math" Identifier="OffsetPlane"/>
      </Group>
      <Group Name="Matrix" Expand="0">
        <Node Domain="Math" Identifier="CreateMatrix"/>
      </Group>
    </Group>
    <Group Name="Solids" Expand="0">
      <Group Name="Bodies" Expand="0">
        <Node Domain="Geometry" Identifier="GetBody"/>
      </Group>
      <Group Name="Faces" Expand="0">
        <Node Domain="Geometry" Identifier="GetFaceForm"/>
        <Node Domain="Geometry" Identifier="GetAdjacentFaces"/>
        <Node Path="$UGII_BASE_DIR\mbd\mbd_snippet_rules\Geometry\Get Coaxial Faces.lrule"/>
        <Node Path="$UGII_BASE_DIR\mbd\mbd_snippet_rules\Geometry\Get Coplanar Faces.lrule"/>
        <Node Domain="Geometry" Identifier="FaceNormal"/>
        <Node Domain="Math" Identifier="UVParameterConstruct"/>
        <Node Domain="Geometry" Identifier="PointOnFace"/>
        <Node  Domain="Geometry" Identifier="FindMatingFaces"/>
        <Node Path="$UGII_BASE_DIR\mbd\mbd_snippet_rules\Geometry\Find Cylindrical Faces.lrule"/>
        <Node Path="$UGII_BASE_DIR\mbd\mbd_snippet_rules\Geometry\Find Planar Faces.lrule"/>
      </Group>
    </Group>
    <Group Name="Wireframe" Expand="0">
      <Group Name="Properties" Expand="0">
        <Node Domain="Geometry" Identifier="CurveClosed"/>
        <Node Domain="Geometry" Identifier="CurveLength"/>
        <Node Domain="Geometry" Identifier="CurveEndPoints"/>
      </Group>
      <Group Name="Evaluation" Expand="0">
        <Node Domain="Geometry" Identifier="PointsOnCurve"/>
        <Node Domain="Geometry" Identifier="CurveClosestPoint"/>
      </Group>
    </Group>
    <Group Name="Topological Features" Expand="1">
      <Group Name="Identification" Expand="1">
        <Node Domain="Topology" Identifier="GetHole"/>
        <Node Domain="Topology" Identifier="FindSimpleHole"/>
        <Node Domain="Topology" Identifier="FindCounterboreHole"/>
        <Node Domain="Topology" Identifier="FindCountersinkHole"/>
        <Node Path="$UGII_BASE_DIR\mbd\mbd_snippet_rules\Geometry\Find Hole from Face.lrule"/>
        <Node Path="$UGII_BASE_DIR\mbd\mbd_snippet_rules\Geometry\Group Holes.lrule"/>
        <Node Domain="Topology" Identifier="FindThread"/>
        <Node Path="$UGII_BASE_DIR\mbd\mbd_snippet_rules\Geometry\Find Thread from Face.lrule"/>
        <Node Domain="Topology" Identifier="FindBoss"/>
        <Node Domain="Topology" Identifier="GetSlot"/>
        <Node Domain="Topology" Identifier="FindFilletV1"/>
        <Node Domain="SheetMetal" Identifier="FindBend"/>
      </Group>
      <Group Name="Measurements" Expand="0">
        <Node Domain="Topology" Identifier="MeasureHole"/>
        <Node Domain="Topology" Identifier="MeasureBoss"/>
        <Node Domain="Topology" Identifier="MeasureThread"/>
        <Node Domain="Topology" Identifier="MeasureSlot"/>
        <Node Domain="Geometry" Identifier="GetPlanarFaceDataV1"/>
        <Node Domain="Geometry" Identifier="GetCylindricalFaceData"/>
      </Group>
    </Group>
  </Group>
  <Group Name="Input" Expand="1">
    <Group Name="Selection" Expand="1">
      <Group Name="PMI" Expand="1">
        <Node Domain="Selection" Identifier="SelectDatum"/>
        <Node Domain="Selection" Identifier="SelectFCF"/>
        <Node Domain="Selection" Identifier="SelectDimension"/>
        <Node Domain="Selection" Identifier="SelectCallout"/>
        <Node Domain="Selection" Identifier="SelectSurfaceFinish"/>
        <Node Domain="Selection" Identifier="SelectNote"/>
        <Node Domain="Selection" Identifier="SelectDatumTarget"/>
        <Node Domain="Selection" Identifier="SelectWeld"/>
        <Node Domain="Selection" Identifier="SelectTable"/>
        <Node Domain="Selection" Identifier="SelectPMIRegion"/>
        <Node Domain="Selection" Identifier="SelectPMI"/>
        <Node Domain="Selection" Identifier="SelectModelView"/>
      </Group>
      <Group Name="Geometric" Expand="0">
        <Node Domain="Selection" Identifier="SelectCurve"/>
        <Node Domain="Selection" Identifier="SelectEdge"/>
        <Node Domain="Selection" Identifier="SelectFace"/>
        <Node Domain="Selection" Identifier="SelectBody"/>
        <Node Domain="Selection" Identifier="SelectPoint"/>
        <Node Domain="Selection" Identifier="SelectPlane"/>
        <Node Domain="Selection" Identifier="SelectGeometry"/>
        <Node Domain="Selection" Identifier="DefineEquation"/>
        <Node Domain="SheetMetal" Identifier="SelectBend"/>
        <Node Path="$UGII_BASE_DIR\mbd\mbd_snippet_rules\Search\Find Geometry of Color.lrule"/>
        <Node Path="$UGII_BASE_DIR\mbd\mbd_snippet_rules\Search\Find Geometry with Attribute.lrule"/>
      </Group>
      <IncludeMasterGroup Name="Attributes" Expand="0"/>
      <IncludeMasterGroup Name="File" Expand="0"/>
      <IncludeMasterGroup Name="General" Expand="0"/>
    </Group>
    <Group Name="Values" Expand="1">
      <Node Domain="Input" Identifier="SimpleInteger"/>
      <Node Domain="Input" Identifier="SimpleNumber"/>
      <Node Domain="Input" Identifier="String"/>
      <Node Domain="Selection" Identifier="SelectNoteText"/>
      <Node Domain="Input" Identifier="Boolean"/>
      <Node Domain="Input" Identifier="DataList"/>
      <Node Domain="Input" Identifier="Enumeration"/>
    </Group>
  </Group>
  <Group Name="Utilities" Expand="1">
    <IncludeMasterGroup Name="General" Expand="0"/>
    <IncludeMasterGroup Name="String" Expand="0"/>
    <Group Name="Table" Expand="0">
      <Group Name="Creation" Expand="0">
        <Node Domain="Table" Identifier="ConstructTable"/>
        <Node Domain="Table" Identifier="ConstructRow"/>
        <Node Domain="Table" Identifier="ConstructColumn"/>
        <Node Domain="Table" Identifier="AddRow"/>
        <Node Domain="Table" Identifier="AddColumn"/>
        <Node Path="$UGII_BASE_DIR\mbd\mbd_snippet_rules\Table\Create List of Numbers.lrule"/>
      </Group>
      <Group Name="Read / Write" Expand="0">
        <Node Domain="Selection" Identifier="SelectCsvTsv"/>
        <Node Domain="Table" Identifier="ReadTable"/>
        <Node Domain="Table" Identifier="WriteTable"/>
        <Node Path="$UGII_BASE_DIR\mbd\mbd_snippet_rules\Table\Read Table from File.lrule"/>
        <Node Path="$UGII_BASE_DIR\mbd\mbd_snippet_rules\Table\Get Column.lrule"/>
      </Group>
      <Group Name="Indexing" Expand="0">
        <Node Domain="Table" Identifier="GetCell"/>
        <Node Domain="Table" Identifier="GetRow"/>
      </Group>
      <Group Name="Filtering" Expand="0">
        <Node Domain="Table" Identifier="ConstructFilter"/>
        <Node Domain="Table" Identifier="ApplyFilter"/>
        <Node Path="$UGII_BASE_DIR\mbd\mbd_snippet_rules\Table\Filter Between.lrule"/>
        <Node Path="$UGII_BASE_DIR\mbd\mbd_snippet_rules\Table\Filter Table.lrule"/>
      </Group>
    </Group>
    <IncludeMasterGroup Name="XML" Expand="0"/>
    <IncludeMasterGroup Name="Attributes" Expand="0"/>
    <IncludeMasterGroup Name="Color" Expand="0"/>
    <Group Name="Components" Expand="0">
      <Node Domain="CAD" Identifier="GetComponentsV1"/>
      <Node Domain="CAD" Identifier="MapObjectToContext"/>
      <Node Domain="Selection" Identifier="SelectComponent"/>
    </Group>
  </Group>
  <Group Name="Logic" Expand="0">
    <Group Name="Comparisons" Expand="0">
      <Node Domain="Logic" Identifier="Equality"/>
      <Node Domain="Logic" Identifier="GreaterThan"/>
      <Node Domain="Logic" Identifier="GreaterThanOrEqual"/>
      <Node Domain="Logic" Identifier="LessThan"/>
      <Node Domain="Logic" Identifier="LessThanOrEqual"/>
      <Node Domain="Logic" Identifier="NonEquality"/>
      <Node Path="$UGII_BASE_DIR\mbd\mbd_snippet_rules\Logic\Between.lrule"/>
    </Group>
    <Group Name="Operator" Expand="0">
      <Node Domain="Logic" Identifier="AND"/>
      <Node Domain="Math" Identifier="GateNand"/>
      <Node Domain="Logic" Identifier="NOT"/>
      <Node Domain="Logic" Identifier="OR"/>
      <Node Domain="Logic" Identifier="NOR"/>
      <Node Path="$UGII_BASE_DIR\mbd\mbd_snippet_rules\Logic\Relational Operator.lrule"/>
    </Group>
  </Group>
  <IncludeMasterGroup Name="List Management" Expand="0"/>
  <IncludeMasterGroup Name="Math" Expand="0"/>
</Application>
