<?xml version ="1.0" encoding ="UTF-8"?>
<?xml-stylesheet type="text/xsl" href ="pwsafe.xsl"?>
<passwordsafe
delimiter=":"
Database="safe.xml"
FromDatabaseFormat="3.13"
WhoSaved="hafen on CYI6W672"
WhatSaved="Password Safe V3.35"
WhenLastSaved="2015-06-03T15:20:03"
Database_uuid="7f84165b-685c-4a77-bf53-53f0fd1236f9"
xmlns:xsi="http://www.w3.org/2001/XMLSchema-instance"
xsi:noNamespaceSchemaLocation="pwsafe.xsd">
<!--

 The fields for each entry are:
 <group><![CDATA[admin]]></group> - In NX the group must be admin, fullcontrol, write or read
 <title><![CDATA[admin]]></title> - this is unused by NX
 <url><![CDATA[*]]></url> - this specifies the directory of files to which this entry applies.
                            an * means the entry applies to any part.  If the entry is anything
                            else, then it can either be the starting value of a filename, e.g.
                            model would apply to both model_bolt.prt and model_nut.prt.  If a
                            directory is specified it applies to that directory and all subdirectories.
 <password><![CDATA[admin]]></password> - specifies the password
 <uuid><![CDATA[]]></uuid> - Unused by NX


-->
    <entry id="1">
        <group><![CDATA[admin]]></group>
        <title><![CDATA[admin]]></title>
        <password><![CDATA[admin_password]]></password>
        <url><![CDATA[*]]></url>
        <uuid><![CDATA[]]></uuid>
    </entry>
     <entry id="2">
        <group><![CDATA[admin]]></group>
        <title><![CDATA[all files]]></title>
        <password><![CDATA[another_admin_password]]></password>
        <url><![CDATA[*]]></url>
        <uuid><![CDATA[]]></uuid>
    </entry>

    <entry id="3">
        <group><![CDATA[fullcontrol]]></group>
        <title><![CDATA[all files]]></title>
        <password><![CDATA[full_control_password]]></password>
        <url><![CDATA[*]]></url>
        <uuid><![CDATA[]]></uuid>
    </entry>

    <entry id="4">
        <group><![CDATA[write]]></group>
        <title><![CDATA[all files]]></title>
        <password><![CDATA[write_control_password]]></password>
        <url><![CDATA[*]]></url>
        <uuid><![CDATA[]]></uuid>
    </entry>
<!-- The following entry only applies to parts which start with model -->
    <entry id="5">
        <group><![CDATA[read]]></group>
        <title><![CDATA[model parts]]></title>
        <password><![CDATA[read_password]]></password>
        <url><![CDATA[model]]></url>
        <uuid><![CDATA[]]></uuid>
    </entry> 

<!-- The following entry only applies to parts which are in the directory tree starting at d:\test parts -->
     <entry id="6">
        <group><![CDATA[read]]></group>
        <title><![CDATA[test parts]]></title>
        <password><![CDATA[read_control_password]]></password>
        <url><![CDATA[d:\test parts]]></url>
        <uuid><![CDATA[]]></uuid>
    </entry>

</passwordsafe>
