{
	"FileDescription": "Material Propeties Descriptor",
	"Materials": [
		{
			"MaterialFamily": "Plastic",
			"List": [
				{
					"MaterialCode": "ABS",
					"DisplayName": "ABS",
					"TensileStrengthYeild": 44.9,
					"TensileModulusElasticity": 2.3,
					"ElongationBreak": 28.8,
					"FlexuralYieldStrength": 72.6,
					"HardnessRockwell": 108,
					"IzodImpactNotched": 2.39,
					"MaxCoefficientLinearThermalExpansion": 15,
					"HeatDeflectionTemperature": 95.1,
					"MaxContinuousServiceTemperature": 89,
					"WaterAbsorption": 0.397,
					"MeltTemp": 234,
					"MeltMassFlow": 16.6,
					"LinearMoldShrinkage": 0.0053,
					"DryingTemperature": 84.2,
					"ProcessingTemperature": 213
				},
				{
					"MaterialCode": "ABS PC",
					"DisplayName": "ABS-Polycarbonate",
					"ElongationBreak": 4.9,
					"FlexuralYieldStrength": 106,
					"HardnessRockwell": 90,
					"HeatDeflectionTemperature": 120,
					"IzodImpactNotched": 1.02,
					"MaxContinuousServiceTemperature": 102,
					"MeltMassFlow": 18.3,
					"MeltTemp": 257,
					"MaxCoefficientLinearThermalExpansion": 11,
					"TensileModulusElasticity": 3.28,
					"TensileStrengthYeild": 62.5,
					"ProcessingTemperature": 249,
					"WaterAbsorption": 0.107,
					"LinearMoldShrinkage": 0.00513,
					"DryingTemperature": 92.9
				},
				{
					"MaterialCode": "ABS PVC",
					"DisplayName": "ABS-PVC",
					"ElongationBreak": 9,
					"FlexuralYieldStrength": 74.1,
					"HardnessRockwell": 87.8,
					"HeatDeflectionTemperature": 70.7,
					"IzodImpactNotched": 5.81,
					"MaxContinuousServiceTemperature": 85,
					"MeltMassFlow": 6.94,
					"MeltTemp": 260.74,
					"MaxCoefficientLinearThermalExpansion": 1.66,
					"TensileModulusElasticity": 2.55,
					"TensileStrengthYeild": 39,
					"ProcessingTemperature": 265,
					"WaterAbsorption": 0.02,
					"LinearMoldShrinkage": 0.0048,
					"DryingTemperature": 107.04
				},
				{
					"MaterialCode": "ASA",
					"DisplayName": "Acrylic Styrene Acrylonitrile",
					"TensileStrengthYeild": 44.4,
					"TensileModulusElasticity": 2.13,
					"ElongationBreak": 33.2,
					"FlexuralYieldStrength": 68.9,
					"HardnessRockwell": 101,
					"IzodImpactNotched": 1.86,
					"MaxCoefficientLinearThermalExpansion": 11,
					"HeatDeflectionTemperature": 96.2,
					"MaxContinuousServiceTemperature": 90,
					"WaterAbsorption": 0.307,
					"MeltTemp": 232,
					"MeltMassFlow": 8.57,
					"LinearMoldShrinkage": 0.0053,
					"DryingTemperature": 82.4,
					"ProcessingTemperature": 236
				},
				{
					"MaterialCode": "ASA PC",
					"DisplayName": "Acrylic Styrene Acrylonitrile-Polycarbonate",
					"ElongationBreak": 48.6,
					"FlexuralYieldStrength": 83,
					"HardnessRockwell": 112,
					"HeatDeflectionTemperature": 117,
					"IzodImpactNotched": 4.892,
					"MaxContinuousServiceTemperature": 105,
					"MeltMassFlow": 20.8,
					"MeltTemp": 246,
					"MaxCoefficientLinearThermalExpansion": 11,
					"TensileModulusElasticity": 2.32,
					"TensileStrengthYeild": 57.286,
					"ProcessingTemperature": 285,
					"WaterAbsorption": 0.257,
					"LinearMoldShrinkage": 0.0059,
					"DryingTemperature": 95
				},
				{
					"MaterialCode": "FEP",
					"DisplayName": "Fluorinated Ethylene Propylene",
					"ElongationBreak": 334,
					"FlexuralYieldStrength": 48.3,
					"HardnessRockwell": 101.36,
					"HeatDeflectionTemperature": 382.5,
					"IzodImpactNotched": 24,
					"MaxContinuousServiceTemperature": 202,
					"MeltMassFlow": 19.1,
					"MeltTemp": 259,
					"MaxCoefficientLinearThermalExpansion": 13.5,
					"TensileModulusElasticity": 0.419,
					"TensileStrengthYeild": 24,
					"ProcessingTemperature": 382.5,
					"WaterAbsorption": 0.0109,
					"LinearMoldShrinkage": 0.022,
					"DryingTemperature": 107.04
				},
				{
					"MaterialCode": "LCP",
					"DisplayName": "Liquid Crystal Polymers",
					"ElongationBreak": 2.02,
					"FlexuralYieldStrength": 146,
					"HardnessRockwell": 105,
					"HeatDeflectionTemperature": 187,
					"IzodImpactNotched": 0.996,
					"MaxContinuousServiceTemperature": 240,
					"MeltMassFlow": 13.7,
					"MeltTemp": 258,
					"MaxCoefficientLinearThermalExpansion": 6.7,
					"TensileModulusElasticity": 13.3,
					"TensileStrengthYeild": 151,
					"ProcessingTemperature": 349,
					"WaterAbsorption": 0.006,
					"LinearMoldShrinkage": 0.675,
					"DryingTemperature": 265
				},
				{
					"MaterialCode": "PA",
					"DisplayName": "Nylon",
					"TensileStrengthYeild": 72.5,
					"TensileModulusElasticity": 3.62,
					"ElongationBreak": 47.1,
					"FlexuralYieldStrength": 108,
					"HardnessRockwell": 114,
					"IzodImpactNotched": 1.01,
					"MaxCoefficientLinearThermalExpansion": 15,
					"HeatDeflectionTemperature": 213,
					"MaxContinuousServiceTemperature": 135,
					"WaterAbsorption": 3.44,
					"MeltTemp": 279,
					"MeltMassFlow": 41.6,
					"LinearMoldShrinkage": 0.0139,
					"DryingTemperature": 81,
					"ProcessingTemperature": 252
				},
				{
					"MaterialCode": "PAS",
					"DisplayName": "Polyarylsulfone",
					"ElongationBreak": 40,
					"FlexuralYieldStrength": 66,
					"HardnessRockwell": 85,
					"HeatDeflectionTemperature": 204,
					"IzodImpactNotched": 85,
					"MaxContinuousServiceTemperature": 100,
					"MeltMassFlow": 25.9,
					"MeltTemp": 135,
					"MaxCoefficientLinearThermalExpansion": 3.6,
					"TensileModulusElasticity": 2.8,
					"TensileStrengthYeild": 66,
					"ProcessingTemperature": 361,
					"WaterAbsorption": 0.8,
					"LinearMoldShrinkage": 0.007,
					"DryingTemperature": 142
				},
				{
					"MaterialCode": "PBT",
					"DisplayName": "Polybutylene Terephthalate",
					"TensileStrengthYeild": 67.5,
					"TensileModulusElasticity": 5.64,
					"ElongationBreak": 42.8,
					"FlexuralYieldStrength": 117,
					"HardnessRockwell": 116,
					"IzodImpactNotched": 1.03,
					"MaxCoefficientLinearThermalExpansion": 10,
					"HeatDeflectionTemperature": 168,
					"MaxContinuousServiceTemperature": 146,
					"WaterAbsorption": 0.18,
					"MeltTemp": 252,
					"MeltMassFlow": 37.2,
					"LinearMoldShrinkage": 0.0137,
					"DryingTemperature": 117,
					"ProcessingTemperature": 232
				},
				{
					"MaterialCode": "PC",
					"DisplayName": "Polycarbonate",
					"TensileStrengthYeild": 62.5,
					"TensileModulusElasticity": 2.39,
					"ElongationBreak": 85.4,
					"FlexuralYieldStrength": 90.8,
					"HardnessRockwell": 119,
					"IzodImpactNotched": 8.49,
					"MaxCoefficientLinearThermalExpansion": 9,
					"HeatDeflectionTemperature": 139,
					"MaxContinuousServiceTemperature": 124,
					"WaterAbsorption": 0.232,
					"MeltTemp": 290,
					"MeltMassFlow": 17,
					"LinearMoldShrinkage": 0.0063,
					"DryingTemperature": 118,
					"ProcessingTemperature": 278
				},
				{
					"MaterialCode": "PC+10% GF",
					"DisplayName": "Polycarbonate-10% GF",
					"ElongationBreak": 3.66,
					"FlexuralYieldStrength": 110,
					"HardnessRockwell": 117,
					"HeatDeflectionTemperature": 142,
					"IzodImpactNotched": 1.26,
					"MaxContinuousServiceTemperature": 126,
					"MeltMassFlow": 12.6,
					"MeltTemp": 296,
					"MaxCoefficientLinearThermalExpansion": 8.8,
					"TensileModulusElasticity": 3.66,
					"TensileStrengthYeild": 67.2,
					"ProcessingTemperature": 277,
					"WaterAbsorption": 0.159,
					"LinearMoldShrinkage": 0.00401,
					"DryingTemperature": 116
				},
				{
					"MaterialCode": "PC+20% GF",
					"DisplayName": "Polycarbonate-20% GF",
					"ElongationBreak": 4.31,
					"FlexuralYieldStrength": 158,
					"HardnessRockwell": 118,
					"HeatDeflectionTemperature": 144,
					"IzodImpactNotched": 1.07,
					"MaxContinuousServiceTemperature": 126,
					"MeltMassFlow": 11.3,
					"MeltTemp": 296,
					"MaxCoefficientLinearThermalExpansion": 6,
					"TensileModulusElasticity": 5.57,
					"TensileStrengthYeild": 93.4,
					"ProcessingTemperature": 276,
					"WaterAbsorption": 0.154,
					"LinearMoldShrinkage": 0.00322,
					"DryingTemperature": 118
				},
				{
					"MaterialCode": "PC+30% GF",
					"DisplayName": "Polycarbonate-30% GF",
					"ElongationBreak": 3.08,
					"FlexuralYieldStrength": 164,
					"HardnessRockwell": 118,
					"HeatDeflectionTemperature": 146,
					"IzodImpactNotched": 1.26,
					"MaxContinuousServiceTemperature": 123,
					"MeltMassFlow": 9.31,
					"MeltTemp": 296,
					"MaxCoefficientLinearThermalExpansion": 5,
					"TensileModulusElasticity": 7.53,
					"TensileStrengthYeild": 115,
					"ProcessingTemperature": 274,
					"WaterAbsorption": 0.113,
					"LinearMoldShrinkage": 0.00252,
					"DryingTemperature": 116
				},
				{
					"MaterialCode": "PC+40% GF",
					"DisplayName": "Polycarbonate-40% GF",
					"ElongationBreak": 3.14,
					"FlexuralYieldStrength": 184,
					"HardnessRockwell": 119,
					"HeatDeflectionTemperature": 147,
					"IzodImpactNotched": 1.25,
					"MaxContinuousServiceTemperature": 121,
					"MeltMassFlow": 9.5,
					"MeltTemp": 304,
					"MaxCoefficientLinearThermalExpansion": 2.2,
					"TensileModulusElasticity": 10.5,
					"TensileStrengthYeild": 146,
					"ProcessingTemperature": 269,
					"WaterAbsorption": 0.115,
					"LinearMoldShrinkage": 0.00194,
					"DryingTemperature": 113
				},
				{
					"MaterialCode": "PE",
					"DisplayName": "Polyethylene",
					"TensileStrengthYeild": 26.2,
					"TensileModulusElasticity": 0.976,
					"ElongationBreak": 580,
					"FlexuralYieldStrength": 33.9,
					"HardnessRockwell": 48.7,
					"IzodImpactNotched": 0.829,
					"MaxCoefficientLinearThermalExpansion": 22,
					"HeatDeflectionTemperature": 72.8,
					"MaxContinuousServiceTemperature": 96.8,
					"WaterAbsorption": 0.0157,
					"MeltTemp": 221,
					"MeltMassFlow": 23.5,
					"LinearMoldShrinkage": 0.0215,
					"DryingTemperature": 74,
					"ProcessingTemperature": 231
				},
				{
					"MaterialCode": "PE-HD",
					"DisplayName": "High Density Polyethylene",
					"ElongationBreak": 580,
					"FlexuralYieldStrength": 33.9,
					"HardnessRockwell": 48.7,
					"HeatDeflectionTemperature": 72.8,
					"IzodImpactNotched": 0.829,
					"MaxContinuousServiceTemperature": 96.8,
					"MeltMassFlow": 23.5,
					"MeltTemp": 221,
					"MaxCoefficientLinearThermalExpansion": 25,
					"TensileModulusElasticity": 0.976,
					"TensileStrengthYeild": 26.2,
					"ProcessingTemperature": 213,
					"WaterAbsorption": 0.0157,
					"LinearMoldShrinkage": 0.0215,
					"DryingTemperature": 23.2
				},
				{
					"MaterialCode": "PE-LD",
					"DisplayName": "High Density Polyethylene",
					"ElongationBreak": 327,
					"FlexuralYieldStrength": 428,
					"HardnessRockwell": 1,
					"HeatDeflectionTemperature": 44.9,
					"IzodImpactNotched": 1.92,
					"MaxContinuousServiceTemperature": 90,
					"MeltMassFlow": 34.8,
					"MeltTemp": 196,
					"MaxCoefficientLinearThermalExpansion": 2.3,
					"TensileModulusElasticity": 0.219,
					"TensileStrengthYeild": 11,
					"ProcessingTemperature": 172,
					"WaterAbsorption": 0.01,
					"LinearMoldShrinkage": 0.0218,
					"DryingTemperature": 107.04
				},
				{
					"MaterialCode": "PE-LLD",
					"DisplayName": "Linear Low Density Polyethylene",
					"ElongationBreak": 460,
					"FlexuralYieldStrength": 8,
					"HardnessRockwell": 1,
					"HeatDeflectionTemperature": 48.8,
					"IzodImpactNotched": 1.8,
					"MaxContinuousServiceTemperature": 110,
					"MeltMassFlow": 30.5,
					"MeltTemp": 186,
					"MaxCoefficientLinearThermalExpansion": 20,
					"TensileModulusElasticity": 0.444,
					"TensileStrengthYeild": 15.2,
					"ProcessingTemperature": 165,
					"WaterAbsorption": 0.01,
					"LinearMoldShrinkage": 0.017,
					"DryingTemperature": 71
				},
				{
					"MaterialCode": "PE-UHMW",
					"DisplayName": "Ultra High Molecular Weight Polyethylene",
					"ElongationBreak": 14.5,
					"FlexuralYieldStrength": 244,
					"HardnessRockwell": 101.36,
					"HeatDeflectionTemperature": 73.5,
					"IzodImpactNotched": 10.7,
					"MaxContinuousServiceTemperature": 85.6,
					"MeltMassFlow": 3.05,
					"MeltTemp": 135,
					"MaxCoefficientLinearThermalExpansion": 3.6,
					"TensileModulusElasticity": 0.714,
					"TensileStrengthYeild": 19.3,
					"ProcessingTemperature": 209,
					"WaterAbsorption": 0.0484,
					"LinearMoldShrinkage": 0.04,
					"DryingTemperature": 107.04
				},
				{
					"MaterialCode": "PEEK",
					"DisplayName": "Polyetheretherketone",
					"TensileStrengthYeild": 98,
					"TensileModulusElasticity": 4,
					"ElongationBreak": 24.2,
					"FlexuralYieldStrength": 156,
					"HardnessRockwell": 123,
					"IzodImpactNotched": 0.54,
					"MaxCoefficientLinearThermalExpansion": 10.8,
					"HeatDeflectionTemperature": 200,
					"MaxContinuousServiceTemperature": 260,
					"WaterAbsorption": 0.179,
					"MeltTemp": 375,
					"MeltMassFlow": 37.8,
					"LinearMoldShrinkage": 0.0105,
					"DryingTemperature": 137,
					"ProcessingTemperature": 267
				},
				{
					"MaterialCode": "PEI",
					"DisplayName": "Polyethylenimine",
					"ElongationBreak": 19.6,
					"FlexuralYieldStrength": 189,
					"HardnessRockwell": 120,
					"HeatDeflectionTemperature": 208,
					"IzodImpactNotched": 0.624,
					"MaxContinuousServiceTemperature": 180,
					"MeltMassFlow": 13.6,
					"MeltTemp": 312,
					"MaxCoefficientLinearThermalExpansion": 12,
					"TensileModulusElasticity": 7.68,
					"TensileStrengthYeild": 114,
					"ProcessingTemperature": 299,
					"WaterAbsorption": 0.221,
					"LinearMoldShrinkage": 0.00434,
					"DryingTemperature": 146
				},
				{
					"MaterialCode": "PEI+10% GF",
					"DisplayName": "Polyethylenimine-10% GF",
					"ElongationBreak": 4.84,
					"FlexuralYieldStrength": 261,
					"HardnessRockwell": 119,
					"HeatDeflectionTemperature": 210,
					"IzodImpactNotched": 0.521,
					"MaxContinuousServiceTemperature": 187,
					"MeltMassFlow": 13,
					"MeltTemp": 365,
					"MaxCoefficientLinearThermalExpansion": 5.4,
					"TensileModulusElasticity": 10.4,
					"TensileStrengthYeild": 115,
					"ProcessingTemperature": 368,
					"WaterAbsorption": 0.232,
					"LinearMoldShrinkage": 0.0049,
					"DryingTemperature": 149
				},
				{
					"MaterialCode": "PEI+20% GF",
					"DisplayName": "Polyethylenimine-20% GF",
					"ElongationBreak": 3.24,
					"FlexuralYieldStrength": 139,
					"HardnessRockwell": 120,
					"HeatDeflectionTemperature": 211,
					"IzodImpactNotched": 0.714,
					"MaxContinuousServiceTemperature": 170,
					"MeltMassFlow": 8.9,
					"MeltTemp": 367,
					"MaxCoefficientLinearThermalExpansion": 2.7,
					"TensileModulusElasticity": 6.95,
					"TensileStrengthYeild": 139,
					"ProcessingTemperature": 370,
					"WaterAbsorption": 0.188,
					"LinearMoldShrinkage": 0.00325,
					"DryingTemperature": 147
				},
				{
					"MaterialCode": "PEI+30% GF",
					"DisplayName": "Polyethylenimine-30% GF",
					"ElongationBreak": 2.7,
					"FlexuralYieldStrength": 218,
					"HardnessRockwell": 123,
					"HeatDeflectionTemperature": 212,
					"IzodImpactNotched": 0.824,
					"MaxContinuousServiceTemperature": 171,
					"MeltMassFlow": 8.4,
					"MeltTemp": 368,
					"MaxCoefficientLinearThermalExpansion": 2.2,
					"TensileModulusElasticity": 9.46,
					"TensileStrengthYeild": 149,
					"ProcessingTemperature": 370,
					"WaterAbsorption": 0.178,
					"LinearMoldShrinkage": 0.00215,
					"DryingTemperature": 147
				},
				{
					"MaterialCode": "PEI+40% GF",
					"DisplayName": "Polyethylenimine-40% GF",
					"ElongationBreak": 2.24,
					"FlexuralYieldStrength": 254,
					"HardnessRockwell": 121,
					"HeatDeflectionTemperature": 213,
					"IzodImpactNotched": 1.01,
					"MaxContinuousServiceTemperature": 170,
					"MeltMassFlow": 6.7,
					"MeltTemp": 371,
					"MaxCoefficientLinearThermalExpansion": 2.2,
					"TensileModulusElasticity": 13,
					"TensileStrengthYeild": 185,
					"ProcessingTemperature": 371,
					"WaterAbsorption": 0.155,
					"LinearMoldShrinkage": 0.0015,
					"DryingTemperature": 148
				},
				{
					"MaterialCode": "PET",
					"DisplayName": "Polyethylene Terephthalate",
					"TensileStrengthYeild": 54.8,
					"TensileModulusElasticity": 2.2,
					"ElongationBreak": 110,
					"FlexuralYieldStrength": 83.9,
					"HardnessRockwell": 114,
					"IzodImpactNotched": 6.63,
					"MaxCoefficientLinearThermalExpansion": 8,
					"HeatDeflectionTemperature": 113,
					"MaxContinuousServiceTemperature": 140,
					"WaterAbsorption": 0.234,
					"MeltTemp": 247,
					"MeltMassFlow": 15.8,
					"LinearMoldShrinkage": 0.0068,
					"DryingTemperature": 96.1,
					"ProcessingTemperature": 200
				},
				{
					"MaterialCode": "PET-G",
					"DisplayName": "Polyethylene Terephthalate Glycol",
					"ElongationBreak": 139,
					"FlexuralYieldStrength": 70.6,
					"HardnessRockwell": 110,
					"HeatDeflectionTemperature": 73.5,
					"IzodImpactNotched": 3.81,
					"MaxContinuousServiceTemperature": 67.3,
					"MeltMassFlow": 35.8,
					"MeltTemp": 237,
					"MaxCoefficientLinearThermalExpansion": 7.7,
					"TensileModulusElasticity": 2.59,
					"TensileStrengthYeild": 47.6,
					"ProcessingTemperature": 185,
					"WaterAbsorption": 0.146,
					"LinearMoldShrinkage": 0.00377,
					"DryingTemperature": 68.9
				},
				{
					"MaterialCode": "PMMA",
					"DisplayName": "Acrylic",
					"TensileStrengthYeild": 60.5,
					"TensileModulusElasticity": 2.94,
					"ElongationBreak": 10.1,
					"FlexuralYieldStrength": 103,
					"HardnessRockwell": 69,
					"IzodImpactNotched": 0.301,
					"MaxCoefficientLinearThermalExpansion": 9,
					"HeatDeflectionTemperature": 97.2,
					"MaxContinuousServiceTemperature": 86.8,
					"WaterAbsorption": 0.424,
					"MeltTemp": 227,
					"MeltMassFlow": 8.11,
					"LinearMoldShrinkage": 0.0048,
					"DryingTemperature": 84,
					"ProcessingTemperature": 237
				},
				{
					"MaterialCode": "POM",
					"DisplayName": "Acetal",
					"TensileStrengthYeild": 59.5,
					"TensileModulusElasticity": 2.65,
					"ElongationBreak": 36.4,
					"FlexuralYieldStrength": 80.8,
					"HardnessRockwell": 101,
					"IzodImpactNotched": 1.09,
					"MaxCoefficientLinearThermalExpansion": 15,
					"HeatDeflectionTemperature": 156,
					"MaxContinuousServiceTemperature": 107,
					"WaterAbsorption": 0.385,
					"MeltTemp": 192,
					"MeltMassFlow": 14.9,
					"LinearMoldShrinkage": 0.0204,
					"DryingTemperature": 93.1,
					"ProcessingTemperature": 202
				},
				{
					"MaterialCode": "PP",
					"DisplayName": "Polypropylene",
					"TensileStrengthYeild": 33,
					"TensileModulusElasticity": 1.68,
					"ElongationBreak": 142,
					"FlexuralYieldStrength": 43.4,
					"HardnessRockwell": 95.7,
					"IzodImpactNotched": 0.744,
					"MaxCoefficientLinearThermalExpansion": 17,
					"HeatDeflectionTemperature": 101,
					"MaxContinuousServiceTemperature": 79.1,
					"WaterAbsorption": 0.07,
					"MeltTemp": 214,
					"MeltMassFlow": 29.9,
					"LinearMoldShrinkage": 0.0133,
					"DryingTemperature": 82.2,
					"ProcessingTemperature": 208
				},
				{
					"MaterialCode": "PPA",
					"DisplayName": "Polyphthalamide",
					"TensileStrengthYeild": 71.3,
					"TensileModulusElasticity": 9.67,
					"ElongationBreak": 4.94,
					"FlexuralYieldStrength": 126,
					"HardnessRockwell": 124,
					"IzodImpactNotched": 1.03,
					"MaxCoefficientLinearThermalExpansion": 5.4,
					"HeatDeflectionTemperature": 274,
					"MaxContinuousServiceTemperature": 140,
					"WaterAbsorption": 0.357,
					"MeltTemp": 320,
					"MeltMassFlow": 24.5,
					"LinearMoldShrinkage": 0.0042,
					"DryingTemperature": 111,
					"ProcessingTemperature": 315
				},
				{
					"MaterialCode": "PPE",
					"DisplayName": "Polyphenylene Ether",
					"TensileStrengthYeild": 51,
					"TensileModulusElasticity": 2.66,
					"ElongationBreak": 48.1,
					"FlexuralYieldStrength": 75.7,
					"HardnessRockwell": 116,
					"IzodImpactNotched": 2.4,
					"MaxCoefficientLinearThermalExpansion": 7,
					"HeatDeflectionTemperature": 131,
					"MaxContinuousServiceTemperature": 110,
					"WaterAbsorption": 0.108,
					"MeltTemp": 280,
					"MeltMassFlow": 20.3,
					"LinearMoldShrinkage": 0.0071,
					"DryingTemperature": 100,
					"ProcessingTemperature": 256
				},
				{
					"MaterialCode": "PPS",
					"DisplayName": "Ryton",
					"TensileStrengthYeild": 63.8,
					"TensileModulusElasticity": 7.66,
					"ElongationBreak": 12.8,
					"FlexuralYieldStrength": 147,
					"HardnessRockwell": 118,
					"IzodImpactNotched": 0.58,
					"MaxCoefficientLinearThermalExpansion": 5,
					"HeatDeflectionTemperature": 237,
					"MaxContinuousServiceTemperature": 220,
					"WaterAbsorption": 0.0288,
					"MeltTemp": 320,
					"MeltMassFlow": 508,
					"LinearMoldShrinkage": 0.0054,
					"DryingTemperature": 135,
					"ProcessingTemperature": 309
				},
				{
					"MaterialCode": "PPS+10% GF",
					"DisplayName": "Polyphenylene Sulfide-10% GF",
					"ElongationBreak": 1.46,
					"FlexuralYieldStrength": 180,
					"HardnessRockwell": 114,
					"HeatDeflectionTemperature": 267,
					"IzodImpactNotched": 0.486,
					"MaxContinuousServiceTemperature": 243,
					"MeltMassFlow": 13.8,
					"MeltTemp": 318,
					"MaxCoefficientLinearThermalExpansion": 5,
					"TensileModulusElasticity": 8.96,
					"TensileStrengthYeild": 128,
					"ProcessingTemperature": 304,
					"WaterAbsorption": 0.02,
					"LinearMoldShrinkage": 0.00559,
					"DryingTemperature": 149
				},
				{
					"MaterialCode": "PPS+20% GF",
					"DisplayName": "Polyphenylene-20% GF",
					"ElongationBreak": 1.73,
					"FlexuralYieldStrength": 170,
					"HardnessRockwell": 120,
					"HeatDeflectionTemperature": 259,
					"IzodImpactNotched": 0.706,
					"MaxContinuousServiceTemperature": 210,
					"MeltMassFlow": 13.8,
					"MeltTemp": 319,
					"MaxCoefficientLinearThermalExpansion": 2.9,
					"TensileModulusElasticity": 8.35,
					"TensileStrengthYeild": 117,
					"ProcessingTemperature": 231,
					"WaterAbsorption": 0.026,
					"LinearMoldShrinkage": 0.00322,
					"DryingTemperature": 136
				},
				{
					"MaterialCode": "PPS+30% GF",
					"DisplayName": "Polyphenylene Sulfide-30% GF",
					"ElongationBreak": 1.79,
					"FlexuralYieldStrength": 219,
					"HardnessRockwell": 119,
					"HeatDeflectionTemperature": 264,
					"IzodImpactNotched": 0.906,
					"MaxContinuousServiceTemperature": 227,
					"MeltMassFlow": 13.8,
					"MeltTemp": 318,
					"MaxCoefficientLinearThermalExpansion": 12,
					"TensileModulusElasticity": 13.4,
					"TensileStrengthYeild": 149,
					"ProcessingTemperature": 237,
					"WaterAbsorption": 0.031,
					"LinearMoldShrinkage": 0.00294,
					"DryingTemperature": 139
				},
				{
					"MaterialCode": "PPS+40% GF",
					"DisplayName": "Polyphenylene Sulfide-40% GF",
					"ElongationBreak": 1.66,
					"FlexuralYieldStrength": 248,
					"HardnessRockwell": 121,
					"HeatDeflectionTemperature": 272,
					"IzodImpactNotched": 0.987,
					"MaxContinuousServiceTemperature": 217,
					"MeltMassFlow": 13.8,
					"MeltTemp": 319,
					"MaxCoefficientLinearThermalExpansion": 22,
					"TensileModulusElasticity": 14.7,
					"TensileStrengthYeild": 146,
					"ProcessingTemperature": 241,
					"WaterAbsorption": 0.033,
					"LinearMoldShrinkage": 0.00239,
					"DryingTemperature": 135
				},
				{
					"MaterialCode": "PPSU",
					"DisplayName": "Polyphenylsulfone",
					"ElongationBreak": 40.1,
					"FlexuralYieldStrength": 104,
					"HardnessRockwell": 121,
					"HeatDeflectionTemperature": 215,
					"IzodImpactNotched": 3.68,
					"MaxContinuousServiceTemperature": 184,
					"MeltMassFlow": 20.6,
					"MeltTemp": 364,
					"MaxCoefficientLinearThermalExpansion": 7.2,
					"TensileModulusElasticity": 2.61,
					"TensileStrengthYeild": 71.3,
					"ProcessingTemperature": 307,
					"WaterAbsorption": 0.451,
					"LinearMoldShrinkage": 0.00665,
					"DryingTemperature": 155
				},
				{
					"MaterialCode": "PS",
					"DisplayName": "Polyester",
					"TensileStrengthYeild": 31.8,
					"TensileModulusElasticity": 2.78,
					"ElongationBreak": 13.8,
					"FlexuralYieldStrength": 70.9,
					"HardnessRockwell": 109,
					"IzodImpactNotched": 0.464,
					"MaxCoefficientLinearThermalExpansion": 8,
					"HeatDeflectionTemperature": 87.7,
					"MaxContinuousServiceTemperature": 90,
					"WaterAbsorption": 0.09,
					"MeltTemp": 217,
					"MeltMassFlow": 9.28,
					"LinearMoldShrinkage": 0.0051,
					"DryingTemperature": 72,
					"ProcessingTemperature": 223
				},
				{
					"MaterialCode": "PSU",
					"DisplayName": "Polysulfone",
					"TensileStrengthYeild": 84.6,
					"TensileModulusElasticity": 4.96,
					"ElongationBreak": 19.6,
					"FlexuralYieldStrength": 128,
					"HardnessRockwell": 122,
					"IzodImpactNotched": 0.774,
					"MaxCoefficientLinearThermalExpansion": 6,
					"HeatDeflectionTemperature": 182,
					"MaxContinuousServiceTemperature": 180,
					"WaterAbsorption": 0.355,
					"MeltTemp": 348,
					"MeltMassFlow": 17.4,
					"LinearMoldShrinkage": 0.0052,
					"DryingTemperature": 140,
					"ProcessingTemperature": 299
				},
				{
					"MaterialCode": "PTFE",
					"DisplayName": "Polytetrafluoroethylene",
					"ElongationBreak": 306,
					"FlexuralYieldStrength": 19.6,
					"HardnessRockwell": 58,
					"HeatDeflectionTemperature": 64.8,
					"IzodImpactNotched": 1.65,
					"MaxContinuousServiceTemperature": 260,
					"MeltMassFlow": 4.38,
					"MeltTemp": 325,
					"MaxCoefficientLinearThermalExpansion": 2.5,
					"TensileModulusElasticity": 0.564,
					"TensileStrengthYeild": 20.5,
					"ProcessingTemperature": 370,
					"WaterAbsorption": 0.0074,
					"LinearMoldShrinkage": 0.0317,
					"DryingTemperature": 107.04
				},
				{
					"MaterialCode": "PU",
					"DisplayName": "Polyurethene",
					"TensileStrengthYeild": 63.6,
					"TensileModulusElasticity": 2.58,
					"ElongationBreak": 26.8,
					"FlexuralYieldStrength": 63.5,
					"HardnessRockwell": 66.3,
					"IzodImpactNotched": 4.72,
					"MaxCoefficientLinearThermalExpansion": 5.58,
					"HeatDeflectionTemperature": 141,
					"MaxContinuousServiceTemperature": 150,
					"WaterAbsorption": 0.238,
					"MeltTemp": 218,
					"MeltMassFlow": 37.1,
					"LinearMoldShrinkage": 0.0016,
					"DryingTemperature": 99,
					"ProcessingTemperature": 220
				},
				{
					"MaterialCode": "PVC",
					"DisplayName": "PVC",
					"TensileStrengthYeild": 43.2,
					"TensileModulusElasticity": 2.16,
					"ElongationBreak": 312,
					"FlexuralYieldStrength": 74.4,
					"HardnessRockwell": 120,
					"IzodImpactNotched": 6.22,
					"MaxCoefficientLinearThermalExpansion": 20,
					"HeatDeflectionTemperature": 77.3,
					"MaxContinuousServiceTemperature": 80,
					"WaterAbsorption": 0.26,
					"MeltTemp": 179,
					"MeltMassFlow": 12.5,
					"LinearMoldShrinkage": 0.0058,
					"DryingTemperature": 75,
					"ProcessingTemperature": 200
				},
				{
					"MaterialCode": "PVDF",
					"DisplayName": "Polyvinylidene Fluoride",
					"ElongationBreak": 141,
					"FlexuralYieldStrength": 56.6,
					"HardnessRockwell": 92.3,
					"HeatDeflectionTemperature": 106,
					"IzodImpactNotched": 3.21,
					"MaxContinuousServiceTemperature": 143,
					"MeltMassFlow": 8.56,
					"MeltTemp": 227,
					"MaxCoefficientLinearThermalExpansion": 25.9,
					"TensileModulusElasticity": 1.56,
					"TensileStrengthYeild": 41.4,
					"ProcessingTemperature": 226,
					"WaterAbsorption": 0.0394,
					"LinearMoldShrinkage": 0.0224,
					"DryingTemperature": 79.6
				},
				{
					"MaterialCode": "SAN",
					"DisplayName": "Styrene Acrylonitrile",
					"TensileStrengthYeild": 65.3,
					"TensileModulusElasticity": 3.49,
					"ElongationBreak": 27.6,
					"FlexuralYieldStrength": 105,
					"HardnessRockwell": 112,
					"IzodImpactNotched": 0.852,
					"MaxCoefficientLinearThermalExpansion": 8,
					"HeatDeflectionTemperature": 99.5,
					"MaxContinuousServiceTemperature": 95,
					"WaterAbsorption": 0.275,
					"MeltTemp": 223,
					"MeltMassFlow": 20.3,
					"LinearMoldShrinkage": 0.0042,
					"DryingTemperature": 79.2,
					"ProcessingTemperature": 233
				},
				{
					"MaterialCode": "TES",
					"DisplayName": "Styrenic Elastomer",
					"ElongationBreak": 593,
					"FlexuralYieldStrength": 7.89,
					"HardnessRockwell": 101.36,
					"HeatDeflectionTemperature": 149.53,
					"IzodImpactNotched": 2.02,
					"MaxContinuousServiceTemperature": 94.8,
					"MeltMassFlow": 31.3,
					"MeltTemp": 194,
					"MaxCoefficientLinearThermalExpansion": 15.712,
					"TensileModulusElasticity": 0.222,
					"TensileStrengthYeild": 1.95,
					"ProcessingTemperature": 223,
					"WaterAbsorption": 0.05,
					"LinearMoldShrinkage": 0.015,
					"DryingTemperature": 71.1
				},
				{
					"MaterialCode": "TPC",
					"DisplayName": "Thermoplastic Copolyester",
					"ElongationBreak": 496,
					"FlexuralYieldStrength": 23.6,
					"HardnessRockwell": 101.36,
					"HeatDeflectionTemperature": 75.45,
					"IzodImpactNotched": 4.24,
					"MaxContinuousServiceTemperature": 113,
					"MeltMassFlow": 15.6,
					"MeltTemp": 197,
					"MaxCoefficientLinearThermalExpansion": 18.614,
					"TensileModulusElasticity": 0.232,
					"TensileStrengthYeild": 44.5,
					"ProcessingTemperature": 154,
					"WaterAbsorption": 1.16,
					"LinearMoldShrinkage": 0.0123,
					"DryingTemperature": 89.6
				},
				{
					"MaterialCode": "TP",
					"DisplayName": "Thermoplastic",
					"TensileStrengthYeild": 44.4,
					"TensileModulusElasticity": 0.276,
					"ElongationBreak": 496,
					"FlexuralYieldStrength": 23.6,
					"HardnessRockwell": 99.4,
					"IzodImpactNotched": 4.24,
					"MaxCoefficientLinearThermalExpansion": 25,
					"HeatDeflectionTemperature": 84.6,
					"MaxContinuousServiceTemperature": 113,
					"WaterAbsorption": 0.514,
					"MeltTemp": 216,
					"MeltMassFlow": 15.6,
					"LinearMoldShrinkage": 0.0123,
					"DryingTemperature": 89.6,
					"ProcessingTemperature": 154
				},
				{
					"MaterialCode": "TPO",
					"DisplayName": "Thermoplastic Polyolefins",
					"ElongationBreak": 436,
					"FlexuralYieldStrength": 26,
					"HardnessRockwell": 78.9,
					"HeatDeflectionTemperature": 94.6,
					"IzodImpactNotched": 5.3,
					"MaxContinuousServiceTemperature": 150.24,
					"MeltMassFlow": 15.9,
					"MeltTemp": 202,
					"MaxCoefficientLinearThermalExpansion": 13.2,
					"TensileModulusElasticity": 0.653,
					"TensileStrengthYeild": 18.6,
					"ProcessingTemperature": 192,
					"WaterAbsorption": 0.032,
					"LinearMoldShrinkage": 0.012,
					"DryingTemperature": 80.7
				},
				{
					"MaterialCode": "TPS",
					"DisplayName": "Thermoplastic Starch",
					"ElongationBreak": 54.4,
					"FlexuralYieldStrength": 177.24,
					"HardnessRockwell": 101.36,
					"HeatDeflectionTemperature": 149.53,
					"IzodImpactNotched": 4.19,
					"MaxContinuousServiceTemperature": 150.24,
					"MeltMassFlow": 26.2,
					"MeltTemp": 188,
					"MaxCoefficientLinearThermalExpansion": 27,
					"TensileModulusElasticity": 0.0313,
					"TensileStrengthYeild": 4.28,
					"ProcessingTemperature": 185,
					"WaterAbsorption": 0.05,
					"LinearMoldShrinkage": 0.022,
					"DryingTemperature": 31
				},
				{
					"MaterialCode": "TPU",
					"DisplayName": "Thermoplastic Polyurethene",
					"TensileStrengthYeild": 29.4,
					"TensileModulusElasticity": 0.924,
					"ElongationBreak": 529,
					"FlexuralYieldStrength": 95.1,
					"HardnessRockwell": 90,
					"IzodImpactNotched": 3.58,
					"MaxCoefficientLinearThermalExpansion": 7,
					"HeatDeflectionTemperature": 103,
					"MaxContinuousServiceTemperature": 110,
					"WaterAbsorption": 214,
					"MeltTemp": 192,
					"MeltMassFlow": 39.6,
					"LinearMoldShrinkage": 0.0071,
					"DryingTemperature": 95.2,
					"ProcessingTemperature": 190
				},
				{
					"MaterialCode": "TPV",
					"DisplayName": "Thermoplastic Vulcanizate",
					"ElongationBreak": 602,
					"FlexuralYieldStrength": 177.24,
					"HardnessRockwell": 101.36,
					"HeatDeflectionTemperature": 149.53,
					"IzodImpactNotched": 1.4,
					"MaxContinuousServiceTemperature": -40,
					"MeltMassFlow": 25.9,
					"MeltTemp": 216,
					"MaxCoefficientLinearThermalExpansion": 68,
					"TensileModulusElasticity": 0.13,
					"TensileStrengthYeild": 41.5,
					"ProcessingTemperature": 256,
					"WaterAbsorption": 0.514,
					"LinearMoldShrinkage": 0.022,
					"DryingTemperature": 107.04
				},
				{
					"MaterialCode": "VMQ",
					"DisplayName": "Silicone Rubber",
					"ElongationBreak": 457,
					"FlexuralYieldStrength": 177.24,
					"HardnessRockwell": 101.36,
					"HeatDeflectionTemperature": 149.53,
					"IzodImpactNotched": 4.19,
					"MaxContinuousServiceTemperature": 219,
					"MeltMassFlow": 25.9,
					"MeltTemp": 350,
					"MaxCoefficientLinearThermalExpansion": 35,
					"TensileModulusElasticity": 0.0793,
					"TensileStrengthYeild": 8.05,
					"ProcessingTemperature": 256,
					"WaterAbsorption": 1.51,
					"LinearMoldShrinkage": 0.0247,
					"DryingTemperature": 107.04
				},
				{
					"MaterialCode": "LLDPE",
					"DisplayName": "Linear Low Density Polyethylene",
					"TensileStrengthYeild": 15.2,
					"TensileModulusElasticity": 0.444,
					"ElongationBreak": 460,
					"FlexuralYieldStrength": 220,
					"HardnessRockwell": 1,
					"IzodImpactNotched": 1.8,
					"MaxCoefficientLinearThermalExpansion": 20,
					"HeatDeflectionTemperature": 48.8,
					"MaxContinuousServiceTemperature": 110,
					"WaterAbsorption": 0.01,
					"MeltTemp": 186,
					"MeltMassFlow": 30.5,
					"LinearMoldShrinkage": 0.017,
					"DryingTemperature": 71,
					"ProcessingTemperature": 165
				}
			]
		}
	]
}
