<?xml version="1.0" encoding="UTF-8"?>

<XYPLOT-GraphTemplate version="4.0" xmlns:xsi="http://www.w3.org/2001/XMLSchema-instance" xsi:noNamespaceSchemaLocation="DefaultTemplate_V40.xsd">
    <GeneralDisplayStyles2D>
        <PhaseDisplayRangeOption2D>0</PhaseDisplayRangeOption2D>
        <ComplexOption2D>0</ComplexOption2D>
        <ShowOrderedAbscissa>0</ShowOrderedAbscissa>
        <XYSwapped>0</XYSwapped>
    </GeneralDisplayStyles2D>
    <WallDisplayStyles2D>
        <Title>
            <TextLines IsAuto="1"/>
            <Style Angle="0" Color="3355443" NumFormat="0" TextJust="0" useGlobalFontSetting="1">
                <GlobalFont automaticScaling="1" fontScale="2"/>
                <LocalFont FontType="0" Size="4">
                    <NXFont Font="ideas_simplex" Thickness="1"/>
                    <StandardFont Font="Time New Roman" fontStyle="0"/>
                </LocalFont>
                <TextBox Enabled="0">
                    <Style Color="3355443" FillColor="10079487" Filled="0"/>
                    <Margin Bottom="0.5" Left="0.5" Right="0.5" Top="0.5"/>
                </TextBox>
            </Style>
            <Position X="0.5" Y="0.5" Z="0"/>
        </Title>
        <Legend Enabled="1">
            <Style Angle="0" Color="3355443" NumFormat="0" TextJust="0" useGlobalFontSetting="1">
                <GlobalFont automaticScaling="1" fontScale="1"/>
                <LocalFont FontType="0" Size="2">
                    <NXFont Font="ideas_simplex" Thickness="1"/>
                    <StandardFont Font="Time New Roman" fontStyle="0"/>
                </LocalFont>
                <TextBox Enabled="0">
                    <Style Color="3355443" FillColor="10079487" Filled="0"/>
                    <Margin Bottom="0.5" Left="9" Right="0.5" Top="0.8"/>
                </TextBox>
            </Style>
            <Position X="0.8" Y="0.85" Z="0"/>
        </Legend>
        <Marker>
            <Style Angle="0" Color="3355443" NumFormat="7" TextJust="0" useGlobalFontSetting="1">
                <GlobalFont automaticScaling="1" fontScale="1"/>
                <LocalFont FontType="0" Size="2">
                    <NXFont Font="ideas_simplex" Thickness="1"/>
                    <StandardFont Font="Time New Roman" fontStyle="0"/>
                </LocalFont>
                <TextBox Enabled="1">
                    <Style Color="3355443" FillColor="10079487" Filled="0"/>
                    <Margin Bottom="0.5" Left="0.5" Right="0.5" Top="0.5"/>
                </TextBox>
            </Style>
        </Marker>
        <ProbingText>
            <Style Angle="0" Color="3355443" NumFormat="7" TextJust="1" useGlobalFontSetting="1">
                <GlobalFont automaticScaling="1" fontScale="1"/>
                <LocalFont FontType="0" Size="2">
                    <NXFont Font="ideas_simplex" Thickness="1"/>
                    <StandardFont Font="Time New Roman" fontStyle="0"/>
                </LocalFont>
                <TextBox Enabled="0">
                    <Style Color="3355443" FillColor="10079487" Filled="0"/>
                    <Margin Bottom="0.5" Left="0.5" Right="0.5" Top="0.5"/>
                </TextBox>
            </Style>
        </ProbingText>
        <Note>
            <Style Angle="0" Color="3355443" NumFormat="0" TextJust="0" useGlobalFontSetting="1">
                <GlobalFont automaticScaling="1" fontScale="1"/>
                <LocalFont FontType="0" Size="2">
                    <NXFont Font="ideas_simplex" Thickness="1"/>
                    <StandardFont Font="Time New Roman" fontStyle="0"/>
                </LocalFont>
                <TextBox Enabled="1">
                    <Style Color="3355443" FillColor="10079487" Filled="0"/>
                    <Margin Bottom="0.5" Left="0.5" Right="0.5" Top="0.5"/>
                </TextBox>
            </Style>
        </Note>
        <GraphName>
            <Style Angle="0" Color="3355443" NumFormat="0" TextJust="2" useGlobalFontSetting="1">
                <GlobalFont automaticScaling="1" fontScale="1"/>
                <LocalFont FontType="0" Size="2">
                    <NXFont Font="ideas_simplex" Thickness="1"/>
                    <StandardFont Font="Time New Roman" fontStyle="0"/>
                </LocalFont>
                <TextBox Enabled="0">
                    <Style Color="3355443" FillColor="10079487" Filled="0"/>
                    <Margin Bottom="0.5" Left="0.5" Right="0.5" Top="0.5"/>
                </TextBox>
            </Style>
            <Position X="0.05" Y="0.5" Z="0"/>
        </GraphName>
        <PageNumber Enabled="1">
            <Style Angle="0" Color="3355443" NumFormat="0" TextJust="0" useGlobalFontSetting="1">
                <GlobalFont automaticScaling="1" fontScale="1"/>
                <LocalFont FontType="0" Size="2">
                    <NXFont Font="ideas_simplex" Thickness="1"/>
                    <StandardFont Font="Time New Roman" fontStyle="0"/>
                </LocalFont>
                <TextBox Enabled="0">
                    <Style Color="3355443" FillColor="10079487" Filled="0"/>
                    <Margin Bottom="0.5" Left="0.5" Right="0.5" Top="0.5"/>
                </TextBox>
            </Style>
            <Position X="0.92" Y="0.025" Z="0"/>
        </PageNumber>
        <Grid2D>
            <Layout>
                <Line Color="3355443" DenseColor="13421772" Font="1" Width="2"/>
                <Background Color="16777215" Enabled="1"/>
                <Contouring Enabled="0" Level="4" Type="0"/>
                <XYPlane Type="3"/>
            </Layout>
            <Divisions>
                <Item Index="0" IsAuto="1" TicksPerGrid="4" UnitsPerGrid="0"/>
                <Item Index="1" IsAuto="1" TicksPerGrid="4" UnitsPerGrid="0"/>
                <Item Index="2" IsAuto="1" TicksPerGrid="4" UnitsPerGrid="0"/>
                <Item Index="3" IsAuto="1" TicksPerGrid="4" UnitsPerGrid="0"/>
                <Item Index="4" IsAuto="1" TicksPerGrid="4" UnitsPerGrid="0"/>
                <Item Index="5" IsAuto="1" TicksPerGrid="4" UnitsPerGrid="0"/>
                <Item Index="6" IsAuto="1" TicksPerGrid="4" UnitsPerGrid="0"/>
                <Item Index="7" IsAuto="1" TicksPerGrid="4" UnitsPerGrid="0"/>
                <Item Index="8" IsAuto="1" TicksPerGrid="4" UnitsPerGrid="0"/>
                <Item Index="9" IsAuto="1" TicksPerGrid="4" UnitsPerGrid="0"/>
                <Item Index="10" IsAuto="1" TicksPerGrid="4" UnitsPerGrid="0"/>
                <Item Index="11" IsAuto="1" TicksPerGrid="4" UnitsPerGrid="0"/>
            </Divisions>
        </Grid2D>
        <X-Axis>
            <Type Overhead="0" Value="0">
                <Log LogDecades="0"/>
                <Db dBDecades="0" dBRef="1000" dBScale="10"/>
            </Type>
            <Units Count="44" UnitSystem="0">
                <Item RangeAuto="1" RangeMax="0" RangeMin="0" Type="0" Unit="0"/>
                <Item RangeAuto="1" RangeMax="0" RangeMin="0" Type="1" Unit="2"/>
                <Item RangeAuto="1" RangeMax="0" RangeMin="0" Type="2" Unit="5"/>
                <Item RangeAuto="1" RangeMax="0" RangeMin="0" Type="3" Unit="8"/>
                <Item RangeAuto="1" RangeMax="0" RangeMin="0" Type="4" Unit="11"/>
                <Item RangeAuto="1" RangeMax="0" RangeMin="0" Type="5" Unit="14"/>
                <Item RangeAuto="1" RangeMax="0" RangeMin="0" Type="6" Unit="15"/>
                <Item RangeAuto="1" RangeMax="0" RangeMin="0" Type="7" Unit="21"/>
                <Item RangeAuto="1" RangeMax="0" RangeMin="0" Type="8" Unit="25"/>
                <Item RangeAuto="1" RangeMax="0" RangeMin="0" Type="9" Unit="29"/>
                <Item RangeAuto="1" RangeMax="0" RangeMin="0" Type="10" Unit="31"/>
                <Item RangeAuto="1" RangeMax="0" RangeMin="0" Type="11" Unit="33"/>
                <Item RangeAuto="1" RangeMax="0" RangeMin="0" Type="12" Unit="36"/>
                <Item RangeAuto="1" RangeMax="0" RangeMin="0" Type="13" Unit="41"/>
                <Item RangeAuto="1" RangeMax="0" RangeMin="0" Type="14" Unit="48"/>
                <Item RangeAuto="1" RangeMax="0" RangeMin="0" Type="15" Unit="51"/>
                <Item RangeAuto="1" RangeMax="0" RangeMin="0" Type="16" Unit="53"/>
                <Item RangeAuto="1" RangeMax="0" RangeMin="0" Type="17" Unit="54"/>
                <Item RangeAuto="1" RangeMax="0" RangeMin="0" Type="18" Unit="55"/>
                <Item RangeAuto="1" RangeMax="0" RangeMin="0" Type="19" Unit="84"/>
                <Item RangeAuto="1" RangeMax="0" RangeMin="0" Type="20" Unit="57"/>
                <Item RangeAuto="1" RangeMax="0" RangeMin="0" Type="21" Unit="62"/>
                <Item RangeAuto="1" RangeMax="0" RangeMin="0" Type="22" Unit="67"/>
                <Item RangeAuto="1" RangeMax="0" RangeMin="0" Type="23" Unit="71"/>
                <Item RangeAuto="1" RangeMax="0" RangeMin="0" Type="24" Unit="76"/>
                <Item RangeAuto="1" RangeMax="0" RangeMin="0" Type="25" Unit="85"/>
                <Item RangeAuto="1" RangeMax="0" RangeMin="0" Type="26" Unit="86"/>
                <Item RangeAuto="1" RangeMax="0" RangeMin="0" Type="27" Unit="87"/>
                <Item RangeAuto="1" RangeMax="0" RangeMin="0" Type="28" Unit="88"/>
                <Item RangeAuto="1" RangeMax="0" RangeMin="0" Type="29" Unit="80"/>
                <Item RangeAuto="1" RangeMax="0" RangeMin="0" Type="30" Unit="82"/>
                <Item RangeAuto="1" RangeMax="0" RangeMin="0" Type="31" Unit="93"/>
                <Item RangeAuto="1" RangeMax="0" RangeMin="0" Type="32" Unit="101"/>
                <Item RangeAuto="1" RangeMax="0" RangeMin="0" Type="33" Unit="105"/>
                <Item RangeAuto="1" RangeMax="0" RangeMin="0" Type="34" Unit="117"/>
                <Item RangeAuto="1" RangeMax="0" RangeMin="0" Type="35" Unit="122"/>
                <Item RangeAuto="1" RangeMax="0" RangeMin="0" Type="36" Unit="177"/>
                <Item RangeAuto="1" RangeMax="0" RangeMin="0" Type="37" Unit="182"/>
                <Item RangeAuto="1" RangeMax="0" RangeMin="0" Type="38" Unit="193"/>
                <Item RangeAuto="1" RangeMax="0" RangeMin="0" Type="39" Unit="205"/>
                <Item RangeAuto="1" RangeMax="0" RangeMin="0" Type="40" Unit="226"/>
                <Item RangeAuto="1" RangeMax="0" RangeMin="0" Type="41" Unit="228"/>
                <Item RangeAuto="1" RangeMax="0" RangeMin="0" Type="42" Unit="240"/>
                <Item RangeAuto="1" RangeMax="0" RangeMin="0" Type="43" Unit="247"/>
            </Units>
            <Label>
                <TextLines IsAuto="1"/>
                <Style Angle="0" Color="3355443" NumFormat="0" TextJust="0" useGlobalFontSetting="1">
                    <GlobalFont automaticScaling="1" fontScale="1.5"/>
                    <LocalFont FontType="0" Size="3">
                        <NXFont Font="ideas_simplex" Thickness="1"/>
                        <StandardFont Font="Time New Roman" fontStyle="0"/>
                    </LocalFont>
                    <TextBox Enabled="0">
                        <Style Color="3355443" FillColor="10079487" Filled="0"/>
                        <Margin Bottom="0.5" Left="0.5" Right="0.5" Top="0.5"/>
                    </TextBox>
                </Style>
                <Position X="0.5" Y="0.4" Z="0"/>
            </Label>
            <Number>
                <Style Angle="0" Color="3355443" NumFormat="0" TextJust="0" useGlobalFontSetting="1">
                    <GlobalFont automaticScaling="1" fontScale="1"/>
                    <LocalFont FontType="0" Size="2">
                        <NXFont Font="ideas_simplex" Thickness="1"/>
                        <StandardFont Font="Time New Roman" fontStyle="0"/>
                    </LocalFont>
                    <TextBox Enabled="0">
                        <Style Color="3355443" FillColor="10079487" Filled="0"/>
                        <Margin Bottom="0.5" Left="0.5" Right="0.5" Top="0.5"/>
                    </TextBox>
                </Style>
                <Position X="0" Y="0.75" Z="0"/>
            </Number>
        </X-Axis>
        <Y-Axis>
            <Type Overhead="5" Value="0">
                <Log LogDecades="0"/>
                <Db dBDecades="0" dBRef="1000" dBScale="10"/>
            </Type>
            <Units Count="44" UnitSystem="0">
                <Item RangeAuto="1" RangeMax="0" RangeMin="0" Type="0" Unit="0"/>
                <Item RangeAuto="1" RangeMax="0" RangeMin="0" Type="1" Unit="2"/>
                <Item RangeAuto="1" RangeMax="0" RangeMin="0" Type="2" Unit="5"/>
                <Item RangeAuto="1" RangeMax="0" RangeMin="0" Type="3" Unit="8"/>
                <Item RangeAuto="1" RangeMax="0" RangeMin="0" Type="4" Unit="11"/>
                <Item RangeAuto="1" RangeMax="0" RangeMin="0" Type="5" Unit="14"/>
                <Item RangeAuto="1" RangeMax="0" RangeMin="0" Type="6" Unit="15"/>
                <Item RangeAuto="1" RangeMax="0" RangeMin="0" Type="7" Unit="21"/>
                <Item RangeAuto="1" RangeMax="0" RangeMin="0" Type="8" Unit="25"/>
                <Item RangeAuto="1" RangeMax="0" RangeMin="0" Type="9" Unit="29"/>
                <Item RangeAuto="1" RangeMax="0" RangeMin="0" Type="10" Unit="31"/>
                <Item RangeAuto="1" RangeMax="0" RangeMin="0" Type="11" Unit="33"/>
                <Item RangeAuto="1" RangeMax="0" RangeMin="0" Type="12" Unit="36"/>
                <Item RangeAuto="1" RangeMax="0" RangeMin="0" Type="13" Unit="41"/>
                <Item RangeAuto="1" RangeMax="0" RangeMin="0" Type="14" Unit="48"/>
                <Item RangeAuto="1" RangeMax="0" RangeMin="0" Type="15" Unit="51"/>
                <Item RangeAuto="1" RangeMax="0" RangeMin="0" Type="16" Unit="53"/>
                <Item RangeAuto="1" RangeMax="0" RangeMin="0" Type="17" Unit="54"/>
                <Item RangeAuto="1" RangeMax="0" RangeMin="0" Type="18" Unit="55"/>
                <Item RangeAuto="1" RangeMax="0" RangeMin="0" Type="19" Unit="84"/>
                <Item RangeAuto="1" RangeMax="0" RangeMin="0" Type="20" Unit="57"/>
                <Item RangeAuto="1" RangeMax="0" RangeMin="0" Type="21" Unit="62"/>
                <Item RangeAuto="1" RangeMax="0" RangeMin="0" Type="22" Unit="67"/>
                <Item RangeAuto="1" RangeMax="0" RangeMin="0" Type="23" Unit="71"/>
                <Item RangeAuto="1" RangeMax="0" RangeMin="0" Type="24" Unit="76"/>
                <Item RangeAuto="1" RangeMax="0" RangeMin="0" Type="25" Unit="85"/>
                <Item RangeAuto="1" RangeMax="0" RangeMin="0" Type="26" Unit="86"/>
                <Item RangeAuto="1" RangeMax="0" RangeMin="0" Type="27" Unit="87"/>
                <Item RangeAuto="1" RangeMax="0" RangeMin="0" Type="28" Unit="88"/>
                <Item RangeAuto="1" RangeMax="0" RangeMin="0" Type="29" Unit="80"/>
                <Item RangeAuto="1" RangeMax="0" RangeMin="0" Type="30" Unit="82"/>
                <Item RangeAuto="1" RangeMax="0" RangeMin="0" Type="31" Unit="93"/>
                <Item RangeAuto="1" RangeMax="0" RangeMin="0" Type="32" Unit="101"/>
                <Item RangeAuto="1" RangeMax="0" RangeMin="0" Type="33" Unit="105"/>
                <Item RangeAuto="1" RangeMax="0" RangeMin="0" Type="34" Unit="117"/>
                <Item RangeAuto="1" RangeMax="0" RangeMin="0" Type="35" Unit="122"/>
                <Item RangeAuto="1" RangeMax="0" RangeMin="0" Type="36" Unit="177"/>
                <Item RangeAuto="1" RangeMax="0" RangeMin="0" Type="37" Unit="182"/>
                <Item RangeAuto="1" RangeMax="0" RangeMin="0" Type="38" Unit="193"/>
                <Item RangeAuto="1" RangeMax="0" RangeMin="0" Type="39" Unit="205"/>
                <Item RangeAuto="1" RangeMax="0" RangeMin="0" Type="40" Unit="226"/>
                <Item RangeAuto="1" RangeMax="0" RangeMin="0" Type="41" Unit="228"/>
                <Item RangeAuto="1" RangeMax="0" RangeMin="0" Type="42" Unit="240"/>
                <Item RangeAuto="1" RangeMax="0" RangeMin="0" Type="43" Unit="247"/>
            </Units>
            <Label>
                <TextLines IsAuto="1"/>
                <Style Angle="90" Color="3355443" NumFormat="0" TextJust="0" useGlobalFontSetting="1">
                    <GlobalFont automaticScaling="1" fontScale="1.5"/>
                    <LocalFont FontType="0" Size="3">
                        <NXFont Font="ideas_simplex" Thickness="1"/>
                        <StandardFont Font="Time New Roman" fontStyle="0"/>
                    </LocalFont>
                    <TextBox Enabled="0">
                        <Style Color="3355443" FillColor="10079487" Filled="0"/>
                        <Margin Bottom="0.5" Left="0.5" Right="0.5" Top="0.5"/>
                    </TextBox>
                </Style>
                <Position X="0.3" Y="0.5" Z="0"/>
            </Label>
            <Number>
                <Style Angle="0" Color="3355443" NumFormat="0" TextJust="0" useGlobalFontSetting="1">
                    <GlobalFont automaticScaling="1" fontScale="1"/>
                    <LocalFont FontType="0" Size="2">
                        <NXFont Font="ideas_simplex" Thickness="1"/>
                        <StandardFont Font="Time New Roman" fontStyle="0"/>
                    </LocalFont>
                    <TextBox Enabled="0">
                        <Style Color="3355443" FillColor="10079487" Filled="0"/>
                        <Margin Bottom="0.5" Left="0.5" Right="0.5" Top="0.5"/>
                    </TextBox>
                </Style>
                <Position X="0.7" Y="0" Z="0"/>
            </Number>
        </Y-Axis>
    </WallDisplayStyles2D>
    <DiagramDisplayStyles2D>
        <Item Active="0" Index="0">
            <CurveStyle LineFont="1" LineWidth="9" OutlineColor="16711680" PointMarker="0"/>
            <BarStyle BarWidth="50" FillColor="5177343" OutlineColor="16711680" PointMarker="0" ShowOutline="1"/>
            <PlateStyle FillColor="5177343" OutlineColor="16711680" PointMarker="0" ShowOutline="1"/>
            <ScatterStyle Color="16711680" PointMarker="1"/>
        </Item>
        <Item Active="0" Index="1">
            <CurveStyle LineFont="1" LineWidth="9" OutlineColor="255" PointMarker="0"/>
            <BarStyle BarWidth="50" FillColor="15635901" OutlineColor="255" PointMarker="0" ShowOutline="1"/>
            <PlateStyle FillColor="15635901" OutlineColor="255" PointMarker="0" ShowOutline="1"/>
            <ScatterStyle Color="255" PointMarker="1"/>
        </Item>
        <Item Active="0" Index="2">
            <CurveStyle LineFont="1" LineWidth="9" OutlineColor="39168" PointMarker="0"/>
            <BarStyle BarWidth="50" FillColor="16750899" OutlineColor="39168" PointMarker="0" ShowOutline="1"/>
            <PlateStyle FillColor="16750899" OutlineColor="39168" PointMarker="0" ShowOutline="1"/>
            <ScatterStyle Color="39168" PointMarker="1"/>
        </Item>
        <Item Active="0" Index="3">
            <CurveStyle LineFont="1" LineWidth="9" OutlineColor="16750848" PointMarker="0"/>
            <BarStyle BarWidth="50" FillColor="3381555" OutlineColor="16750848" PointMarker="0" ShowOutline="1"/>
            <PlateStyle FillColor="3381555" OutlineColor="16750848" PointMarker="0" ShowOutline="1"/>
            <ScatterStyle Color="16750848" PointMarker="1"/>
        </Item>
        <Item Active="0" Index="4">
            <CurveStyle LineFont="1" LineWidth="9" OutlineColor="6697932" PointMarker="0"/>
            <BarStyle BarWidth="50" FillColor="7760534" OutlineColor="6697932" PointMarker="0" ShowOutline="1"/>
            <PlateStyle FillColor="7760534" OutlineColor="6697932" PointMarker="0" ShowOutline="1"/>
            <ScatterStyle Color="6697932" PointMarker="1"/>
        </Item>
        <Item Active="0" Index="5">
            <CurveStyle LineFont="1" LineWidth="9" OutlineColor="10040166" PointMarker="0"/>
            <BarStyle BarWidth="50" FillColor="4801838" OutlineColor="10040166" PointMarker="0" ShowOutline="1"/>
            <PlateStyle FillColor="4801838" OutlineColor="10040166" PointMarker="0" ShowOutline="1"/>
            <ScatterStyle Color="10040166" PointMarker="1"/>
        </Item>
        <Item Active="0" Index="6">
            <CurveStyle LineFont="1" LineWidth="9" OutlineColor="6737151" PointMarker="0"/>
            <BarStyle BarWidth="50" FillColor="13382451" OutlineColor="6737151" PointMarker="0" ShowOutline="1"/>
            <PlateStyle FillColor="13382451" OutlineColor="6737151" PointMarker="0" ShowOutline="1"/>
            <ScatterStyle Color="6737151" PointMarker="1"/>
        </Item>
        <Item Active="0" Index="7">
            <CurveStyle LineFont="1" LineWidth="9" OutlineColor="10406461" PointMarker="0"/>
            <BarStyle BarWidth="50" FillColor="16222" OutlineColor="10406461" PointMarker="0" ShowOutline="1"/>
            <PlateStyle FillColor="16222" OutlineColor="10406461" PointMarker="0" ShowOutline="1"/>
            <ScatterStyle Color="10406461" PointMarker="1"/>
        </Item>
        <Item Active="0" Index="8">
            <CurveStyle LineFont="1" LineWidth="9" OutlineColor="6710835" PointMarker="0"/>
            <BarStyle BarWidth="50" FillColor="40409" OutlineColor="6710835" PointMarker="0" ShowOutline="1"/>
            <PlateStyle FillColor="40409" OutlineColor="6710835" PointMarker="0" ShowOutline="1"/>
            <ScatterStyle Color="6710835" PointMarker="1"/>
        </Item>
        <Item Active="0" Index="9">
            <CurveStyle LineFont="1" LineWidth="9" OutlineColor="16711935" PointMarker="0"/>
            <BarStyle BarWidth="50" FillColor="13421772" OutlineColor="16711935" PointMarker="0" ShowOutline="1"/>
            <PlateStyle FillColor="13421772" OutlineColor="16711935" PointMarker="0" ShowOutline="1"/>
            <ScatterStyle Color="16711935" PointMarker="1"/>
        </Item>
        <Item Active="0" Index="10">
            <CurveStyle LineFont="2" LineWidth="9" OutlineColor="16711680" PointMarker="0"/>
            <BarStyle BarWidth="50" FillColor="16737792" OutlineColor="16711680" PointMarker="0" ShowOutline="1"/>
            <PlateStyle FillColor="16737792" OutlineColor="16711680" PointMarker="0" ShowOutline="1"/>
            <ScatterStyle Color="6697932" PointMarker="1"/>
        </Item>
        <Item Active="0" Index="11">
            <CurveStyle LineFont="2" LineWidth="9" OutlineColor="255" PointMarker="0"/>
            <BarStyle BarWidth="50" FillColor="11133696" OutlineColor="255" PointMarker="0" ShowOutline="1"/>
            <PlateStyle FillColor="11133696" OutlineColor="255" PointMarker="0" ShowOutline="1"/>
            <ScatterStyle Color="255" PointMarker="1"/>
        </Item>
        <Item Active="0" Index="12">
            <CurveStyle LineFont="2" LineWidth="9" OutlineColor="39168" PointMarker="0"/>
            <BarStyle BarWidth="50" FillColor="16763392" OutlineColor="39168" PointMarker="0" ShowOutline="1"/>
            <PlateStyle FillColor="16763392" OutlineColor="39168" PointMarker="0" ShowOutline="1"/>
            <ScatterStyle Color="39168" PointMarker="1"/>
        </Item>
        <Item Active="0" Index="13">
            <CurveStyle LineFont="2" LineWidth="9" OutlineColor="16750848" PointMarker="0"/>
            <BarStyle BarWidth="50" FillColor="52614" OutlineColor="16750848" PointMarker="0" ShowOutline="1"/>
            <PlateStyle FillColor="52614" OutlineColor="16750848" PointMarker="0" ShowOutline="1"/>
            <ScatterStyle Color="16750848" PointMarker="1"/>
        </Item>
        <Item Active="0" Index="14">
            <CurveStyle LineFont="2" LineWidth="9" OutlineColor="6697932" PointMarker="0"/>
            <BarStyle BarWidth="50" FillColor="192" OutlineColor="6697932" PointMarker="0" ShowOutline="1"/>
            <PlateStyle FillColor="192" OutlineColor="6697932" PointMarker="0" ShowOutline="1"/>
            <ScatterStyle Color="6697932" PointMarker="1"/>
        </Item>
        <Item Active="0" Index="15">
            <CurveStyle LineFont="2" LineWidth="9" OutlineColor="10040166" PointMarker="0"/>
            <BarStyle BarWidth="50" FillColor="9025279" OutlineColor="10040166" PointMarker="0" ShowOutline="1"/>
            <PlateStyle FillColor="9025279" OutlineColor="10040166" PointMarker="0" ShowOutline="1"/>
            <ScatterStyle Color="10040166" PointMarker="1"/>
        </Item>
        <Item Active="0" Index="16">
            <CurveStyle LineFont="2" LineWidth="9" OutlineColor="6737151" PointMarker="0"/>
            <BarStyle BarWidth="50" FillColor="16774567" OutlineColor="6737151" PointMarker="0" ShowOutline="1"/>
            <PlateStyle FillColor="16774567" OutlineColor="6737151" PointMarker="0" ShowOutline="1"/>
            <ScatterStyle Color="6737151" PointMarker="1"/>
        </Item>
        <Item Active="0" Index="17">
            <CurveStyle LineFont="2" LineWidth="9" OutlineColor="10406461" PointMarker="0"/>
            <BarStyle BarWidth="50" FillColor="10053222" OutlineColor="10406461" PointMarker="0" ShowOutline="1"/>
            <PlateStyle FillColor="10053222" OutlineColor="10406461" PointMarker="0" ShowOutline="1"/>
            <ScatterStyle Color="10406461" PointMarker="1"/>
        </Item>
        <Item Active="0" Index="18">
            <CurveStyle LineFont="2" LineWidth="9" OutlineColor="6710835" PointMarker="0"/>
            <BarStyle BarWidth="50" FillColor="8960880" OutlineColor="6710835" PointMarker="0" ShowOutline="1"/>
            <PlateStyle FillColor="8960880" OutlineColor="6710835" PointMarker="0" ShowOutline="1"/>
            <ScatterStyle Color="6710835" PointMarker="1"/>
        </Item>
        <Item Active="0" Index="19">
            <CurveStyle LineFont="2" LineWidth="9" OutlineColor="16711935" PointMarker="0"/>
            <BarStyle BarWidth="50" FillColor="16726753" OutlineColor="16711935" PointMarker="0" ShowOutline="1"/>
            <PlateStyle FillColor="16726753" OutlineColor="16711935" PointMarker="0" ShowOutline="1"/>
            <ScatterStyle Color="16711935" PointMarker="1"/>
        </Item>
    </DiagramDisplayStyles2D>
    <GeneralDisplayStyles3D>
        <PhaseDisplayRangeOption3D>0</PhaseDisplayRangeOption3D>
        <ComplexOption3D>0</ComplexOption3D>
    </GeneralDisplayStyles3D>
    <WallDisplayStyles3D>
        <Title>
            <TextLines IsAuto="1"/>
            <Style Angle="0" Color="3355443" NumFormat="0" TextJust="0" useGlobalFontSetting="1">
                <GlobalFont automaticScaling="1" fontScale="2"/>
                <LocalFont FontType="0" Size="4">
                    <NXFont Font="ideas_simplex" Thickness="1"/>
                    <StandardFont Font="Time New Roman" fontStyle="0"/>
                </LocalFont>
                <TextBox Enabled="0">
                    <Style Color="3355443" FillColor="10079487" Filled="0"/>
                    <Margin Bottom="0.5" Left="0.5" Right="0.5" Top="0.5"/>
                </TextBox>
            </Style>
            <Position X="0.5" Y="0.5" Z="0"/>
        </Title>
        <Legend Enabled="0">
            <Style Angle="0" Color="3355443" NumFormat="0" TextJust="0" useGlobalFontSetting="1">
                <GlobalFont automaticScaling="1" fontScale="1"/>
                <LocalFont FontType="0" Size="2">
                    <NXFont Font="ideas_simplex" Thickness="1"/>
                    <StandardFont Font="Time New Roman" fontStyle="0"/>
                </LocalFont>
                <TextBox Enabled="1">
                    <Style Color="3355443" FillColor="10079487" Filled="0"/>
                    <Margin Bottom="0.5" Left="9" Right="0.5" Top="0.8"/>
                </TextBox>
            </Style>
            <Position X="0.8" Y="0.85" Z="0"/>
        </Legend>
        <Marker>
            <Style Angle="0" Color="3355443" NumFormat="7" TextJust="0" useGlobalFontSetting="1">
                <GlobalFont automaticScaling="1" fontScale="1"/>
                <LocalFont FontType="0" Size="2">
                    <NXFont Font="ideas_simplex" Thickness="1"/>
                    <StandardFont Font="Time New Roman" fontStyle="0"/>
                </LocalFont>
                <TextBox Enabled="1">
                    <Style Color="3355443" FillColor="10079487" Filled="0"/>
                    <Margin Bottom="0.5" Left="0.5" Right="0.5" Top="0.5"/>
                </TextBox>
            </Style>
        </Marker>
        <ProbingText>
            <Style Angle="0" Color="3355443" NumFormat="7" TextJust="1" useGlobalFontSetting="1">
                <GlobalFont automaticScaling="1" fontScale="1"/>
                <LocalFont FontType="0" Size="2">
                    <NXFont Font="ideas_simplex" Thickness="1"/>
                    <StandardFont Font="Time New Roman" fontStyle="0"/>
                </LocalFont>
                <TextBox Enabled="0">
                    <Style Color="3355443" FillColor="10079487" Filled="0"/>
                    <Margin Bottom="0.5" Left="0.5" Right="0.5" Top="0.5"/>
                </TextBox>
            </Style>
        </ProbingText>
        <Note>
            <Style Angle="0" Color="3355443" NumFormat="0" TextJust="0" useGlobalFontSetting="1">
                <GlobalFont automaticScaling="1" fontScale="1"/>
                <LocalFont FontType="0" Size="2">
                    <NXFont Font="ideas_simplex" Thickness="1"/>
                    <StandardFont Font="Time New Roman" fontStyle="0"/>
                </LocalFont>
                <TextBox Enabled="1">
                    <Style Color="3355443" FillColor="10079487" Filled="0"/>
                    <Margin Bottom="0.5" Left="0.5" Right="0.5" Top="0.5"/>
                </TextBox>
            </Style>
        </Note>
        <GraphName>
            <Style Angle="0" Color="3355443" NumFormat="0" TextJust="2" useGlobalFontSetting="1">
                <GlobalFont automaticScaling="1" fontScale="1"/>
                <LocalFont FontType="0" Size="2">
                    <NXFont Font="ideas_simplex" Thickness="1"/>
                    <StandardFont Font="Time New Roman" fontStyle="0"/>
                </LocalFont>
                <TextBox Enabled="0">
                    <Style Color="3355443" FillColor="10079487" Filled="0"/>
                    <Margin Bottom="0.5" Left="0.5" Right="0.5" Top="0.5"/>
                </TextBox>
            </Style>
            <Position X="0.5" Y="0.5" Z="0"/>
        </GraphName>
        <PageNumber Enabled="1">
            <Style Angle="0" Color="3355443" NumFormat="0" TextJust="0" useGlobalFontSetting="1">
                <GlobalFont automaticScaling="1" fontScale="1"/>
                <LocalFont FontType="0" Size="2">
                    <NXFont Font="ideas_simplex" Thickness="1"/>
                    <StandardFont Font="Time New Roman" fontStyle="0"/>
                </LocalFont>
                <TextBox Enabled="0">
                    <Style Color="3355443" FillColor="10079487" Filled="0"/>
                    <Margin Bottom="0.5" Left="0.5" Right="0.5" Top="0.5"/>
                </TextBox>
            </Style>
            <Position X="0.92" Y="0.025" Z="0"/>
        </PageNumber>
        <Grid3D>
            <Layout>
                <Line Color="3355443" DenseColor="13421772" Font="1" Width="2"/>
                <Background Color="10079487" Enabled="0"/>
                <Contouring Enabled="0" Level="4" Type="0"/>
                <XYPlane Type="3"/>
                <ZYPlane Type="3"/>
                <ZXPlane Type="3"/>
            </Layout>
            <Divisions>
                <Item Index="0" IsAuto="1" TicksPerGrid="4" UnitsPerGrid="0"/>
                <Item Index="1" IsAuto="1" TicksPerGrid="4" UnitsPerGrid="0"/>
                <Item Index="2" IsAuto="1" TicksPerGrid="4" UnitsPerGrid="0"/>
                <Item Index="3" IsAuto="1" TicksPerGrid="4" UnitsPerGrid="0"/>
                <Item Index="4" IsAuto="1" TicksPerGrid="4" UnitsPerGrid="0"/>
                <Item Index="5" IsAuto="1" TicksPerGrid="4" UnitsPerGrid="0"/>
                <Item Index="6" IsAuto="1" TicksPerGrid="4" UnitsPerGrid="0"/>
                <Item Index="7" IsAuto="1" TicksPerGrid="4" UnitsPerGrid="0"/>
                <Item Index="8" IsAuto="1" TicksPerGrid="4" UnitsPerGrid="0"/>
                <Item Index="9" IsAuto="1" TicksPerGrid="4" UnitsPerGrid="0"/>
                <Item Index="10" IsAuto="1" TicksPerGrid="4" UnitsPerGrid="0"/>
                <Item Index="11" IsAuto="1" TicksPerGrid="4" UnitsPerGrid="0"/>
            </Divisions>
        </Grid3D>
        <X-Axis>
            <Type Overhead="0" Value="0">
                <Log LogDecades="0"/>
                <Db dBDecades="0" dBRef="1000" dBScale="10"/>
            </Type>
            <Units Count="44" UnitSystem="0">
                <Item RangeAuto="1" RangeMax="0" RangeMin="0" Type="0" Unit="0"/>
                <Item RangeAuto="1" RangeMax="0" RangeMin="0" Type="1" Unit="2"/>
                <Item RangeAuto="1" RangeMax="0" RangeMin="0" Type="2" Unit="5"/>
                <Item RangeAuto="1" RangeMax="0" RangeMin="0" Type="3" Unit="8"/>
                <Item RangeAuto="1" RangeMax="0" RangeMin="0" Type="4" Unit="11"/>
                <Item RangeAuto="1" RangeMax="0" RangeMin="0" Type="5" Unit="14"/>
                <Item RangeAuto="1" RangeMax="0" RangeMin="0" Type="6" Unit="15"/>
                <Item RangeAuto="1" RangeMax="0" RangeMin="0" Type="7" Unit="21"/>
                <Item RangeAuto="1" RangeMax="0" RangeMin="0" Type="8" Unit="25"/>
                <Item RangeAuto="1" RangeMax="0" RangeMin="0" Type="9" Unit="29"/>
                <Item RangeAuto="1" RangeMax="0" RangeMin="0" Type="10" Unit="31"/>
                <Item RangeAuto="1" RangeMax="0" RangeMin="0" Type="11" Unit="33"/>
                <Item RangeAuto="1" RangeMax="0" RangeMin="0" Type="12" Unit="36"/>
                <Item RangeAuto="1" RangeMax="0" RangeMin="0" Type="13" Unit="41"/>
                <Item RangeAuto="1" RangeMax="0" RangeMin="0" Type="14" Unit="48"/>
                <Item RangeAuto="1" RangeMax="0" RangeMin="0" Type="15" Unit="51"/>
                <Item RangeAuto="1" RangeMax="0" RangeMin="0" Type="16" Unit="53"/>
                <Item RangeAuto="1" RangeMax="0" RangeMin="0" Type="17" Unit="54"/>
                <Item RangeAuto="1" RangeMax="0" RangeMin="0" Type="18" Unit="55"/>
                <Item RangeAuto="1" RangeMax="0" RangeMin="0" Type="19" Unit="84"/>
                <Item RangeAuto="1" RangeMax="0" RangeMin="0" Type="20" Unit="57"/>
                <Item RangeAuto="1" RangeMax="0" RangeMin="0" Type="21" Unit="62"/>
                <Item RangeAuto="1" RangeMax="0" RangeMin="0" Type="22" Unit="67"/>
                <Item RangeAuto="1" RangeMax="0" RangeMin="0" Type="23" Unit="71"/>
                <Item RangeAuto="1" RangeMax="0" RangeMin="0" Type="24" Unit="76"/>
                <Item RangeAuto="1" RangeMax="0" RangeMin="0" Type="25" Unit="85"/>
                <Item RangeAuto="1" RangeMax="0" RangeMin="0" Type="26" Unit="86"/>
                <Item RangeAuto="1" RangeMax="0" RangeMin="0" Type="27" Unit="87"/>
                <Item RangeAuto="1" RangeMax="0" RangeMin="0" Type="28" Unit="88"/>
                <Item RangeAuto="1" RangeMax="0" RangeMin="0" Type="29" Unit="80"/>
                <Item RangeAuto="1" RangeMax="0" RangeMin="0" Type="30" Unit="82"/>
                <Item RangeAuto="1" RangeMax="0" RangeMin="0" Type="31" Unit="93"/>
                <Item RangeAuto="1" RangeMax="0" RangeMin="0" Type="32" Unit="101"/>
                <Item RangeAuto="1" RangeMax="0" RangeMin="0" Type="33" Unit="105"/>
                <Item RangeAuto="1" RangeMax="0" RangeMin="0" Type="34" Unit="117"/>
                <Item RangeAuto="1" RangeMax="0" RangeMin="0" Type="35" Unit="122"/>
                <Item RangeAuto="1" RangeMax="0" RangeMin="0" Type="36" Unit="177"/>
                <Item RangeAuto="1" RangeMax="0" RangeMin="0" Type="37" Unit="182"/>
                <Item RangeAuto="1" RangeMax="0" RangeMin="0" Type="38" Unit="193"/>
                <Item RangeAuto="1" RangeMax="0" RangeMin="0" Type="39" Unit="205"/>
                <Item RangeAuto="1" RangeMax="0" RangeMin="0" Type="40" Unit="226"/>
                <Item RangeAuto="1" RangeMax="0" RangeMin="0" Type="41" Unit="228"/>
                <Item RangeAuto="1" RangeMax="0" RangeMin="0" Type="42" Unit="240"/>
                <Item RangeAuto="1" RangeMax="0" RangeMin="0" Type="43" Unit="247"/>
            </Units>
            <Label>
                <TextLines IsAuto="1"/>
                <Style Angle="0" Color="3355443" NumFormat="0" TextJust="0" useGlobalFontSetting="1">
                    <GlobalFont automaticScaling="1" fontScale="1.5"/>
                    <LocalFont FontType="0" Size="3">
                        <NXFont Font="ideas_simplex" Thickness="1"/>
                        <StandardFont Font="Time New Roman" fontStyle="0"/>
                    </LocalFont>
                    <TextBox Enabled="0">
                        <Style Color="3355443" FillColor="10079487" Filled="0"/>
                        <Margin Bottom="0.5" Left="0.5" Right="0.5" Top="0.5"/>
                    </TextBox>
                </Style>
                <Position X="0.5" Y="0" Z="0.85"/>
            </Label>
            <Number>
                <Style Angle="0" Color="3355443" NumFormat="0" TextJust="0" useGlobalFontSetting="1">
                    <GlobalFont automaticScaling="1" fontScale="1"/>
                    <LocalFont FontType="0" Size="2">
                        <NXFont Font="ideas_simplex" Thickness="1"/>
                        <StandardFont Font="Time New Roman" fontStyle="0"/>
                    </LocalFont>
                    <TextBox Enabled="0">
                        <Style Color="3355443" FillColor="10079487" Filled="0"/>
                        <Margin Bottom="0.5" Left="0.5" Right="0.5" Top="0.5"/>
                    </TextBox>
                </Style>
                <Position X="0.5" Y="0.35" Z="0.3"/>
            </Number>
        </X-Axis>
        <Y-Axis>
            <Type Overhead="5" Value="0">
                <Log LogDecades="0"/>
                <Db dBDecades="0" dBRef="1000" dBScale="10"/>
            </Type>
            <Units Count="44" UnitSystem="0">
                <Item RangeAuto="1" RangeMax="0" RangeMin="0" Type="0" Unit="0"/>
                <Item RangeAuto="1" RangeMax="0" RangeMin="0" Type="1" Unit="2"/>
                <Item RangeAuto="1" RangeMax="0" RangeMin="0" Type="2" Unit="5"/>
                <Item RangeAuto="1" RangeMax="0" RangeMin="0" Type="3" Unit="8"/>
                <Item RangeAuto="1" RangeMax="0" RangeMin="0" Type="4" Unit="11"/>
                <Item RangeAuto="1" RangeMax="0" RangeMin="0" Type="5" Unit="14"/>
                <Item RangeAuto="1" RangeMax="0" RangeMin="0" Type="6" Unit="15"/>
                <Item RangeAuto="1" RangeMax="0" RangeMin="0" Type="7" Unit="21"/>
                <Item RangeAuto="1" RangeMax="0" RangeMin="0" Type="8" Unit="25"/>
                <Item RangeAuto="1" RangeMax="0" RangeMin="0" Type="9" Unit="29"/>
                <Item RangeAuto="1" RangeMax="0" RangeMin="0" Type="10" Unit="31"/>
                <Item RangeAuto="1" RangeMax="0" RangeMin="0" Type="11" Unit="33"/>
                <Item RangeAuto="1" RangeMax="0" RangeMin="0" Type="12" Unit="36"/>
                <Item RangeAuto="1" RangeMax="0" RangeMin="0" Type="13" Unit="41"/>
                <Item RangeAuto="1" RangeMax="0" RangeMin="0" Type="14" Unit="48"/>
                <Item RangeAuto="1" RangeMax="0" RangeMin="0" Type="15" Unit="51"/>
                <Item RangeAuto="1" RangeMax="0" RangeMin="0" Type="16" Unit="53"/>
                <Item RangeAuto="1" RangeMax="0" RangeMin="0" Type="17" Unit="54"/>
                <Item RangeAuto="1" RangeMax="0" RangeMin="0" Type="18" Unit="55"/>
                <Item RangeAuto="1" RangeMax="0" RangeMin="0" Type="19" Unit="84"/>
                <Item RangeAuto="1" RangeMax="0" RangeMin="0" Type="20" Unit="57"/>
                <Item RangeAuto="1" RangeMax="0" RangeMin="0" Type="21" Unit="62"/>
                <Item RangeAuto="1" RangeMax="0" RangeMin="0" Type="22" Unit="67"/>
                <Item RangeAuto="1" RangeMax="0" RangeMin="0" Type="23" Unit="71"/>
                <Item RangeAuto="1" RangeMax="0" RangeMin="0" Type="24" Unit="76"/>
                <Item RangeAuto="1" RangeMax="0" RangeMin="0" Type="25" Unit="85"/>
                <Item RangeAuto="1" RangeMax="0" RangeMin="0" Type="26" Unit="86"/>
                <Item RangeAuto="1" RangeMax="0" RangeMin="0" Type="27" Unit="87"/>
                <Item RangeAuto="1" RangeMax="0" RangeMin="0" Type="28" Unit="88"/>
                <Item RangeAuto="1" RangeMax="0" RangeMin="0" Type="29" Unit="80"/>
                <Item RangeAuto="1" RangeMax="0" RangeMin="0" Type="30" Unit="82"/>
                <Item RangeAuto="1" RangeMax="0" RangeMin="0" Type="31" Unit="93"/>
                <Item RangeAuto="1" RangeMax="0" RangeMin="0" Type="32" Unit="101"/>
                <Item RangeAuto="1" RangeMax="0" RangeMin="0" Type="33" Unit="105"/>
                <Item RangeAuto="1" RangeMax="0" RangeMin="0" Type="34" Unit="117"/>
                <Item RangeAuto="1" RangeMax="0" RangeMin="0" Type="35" Unit="122"/>
                <Item RangeAuto="1" RangeMax="0" RangeMin="0" Type="36" Unit="177"/>
                <Item RangeAuto="1" RangeMax="0" RangeMin="0" Type="37" Unit="182"/>
                <Item RangeAuto="1" RangeMax="0" RangeMin="0" Type="38" Unit="193"/>
                <Item RangeAuto="1" RangeMax="0" RangeMin="0" Type="39" Unit="205"/>
                <Item RangeAuto="1" RangeMax="0" RangeMin="0" Type="40" Unit="226"/>
                <Item RangeAuto="1" RangeMax="0" RangeMin="0" Type="41" Unit="228"/>
                <Item RangeAuto="1" RangeMax="0" RangeMin="0" Type="42" Unit="240"/>
                <Item RangeAuto="1" RangeMax="0" RangeMin="0" Type="43" Unit="247"/>
            </Units>
            <Label>
                <TextLines IsAuto="1"/>
                <Style Angle="90" Color="3355443" NumFormat="0" TextJust="0" useGlobalFontSetting="1">
                    <GlobalFont automaticScaling="1" fontScale="1.5"/>
                    <LocalFont FontType="0" Size="3">
                        <NXFont Font="ideas_simplex" Thickness="1"/>
                        <StandardFont Font="Time New Roman" fontStyle="0"/>
                    </LocalFont>
                    <TextBox Enabled="0">
                        <Style Color="3355443" FillColor="10079487" Filled="0"/>
                        <Margin Bottom="0.5" Left="0.5" Right="0.5" Top="0.5"/>
                    </TextBox>
                </Style>
                <Position X="0.5" Y="0.5" Z="0"/>
            </Label>
            <Number>
                <Style Angle="0" Color="3355443" NumFormat="0" TextJust="0" useGlobalFontSetting="1">
                    <GlobalFont automaticScaling="1" fontScale="1"/>
                    <LocalFont FontType="0" Size="2">
                        <NXFont Font="ideas_simplex" Thickness="1"/>
                        <StandardFont Font="Time New Roman" fontStyle="0"/>
                    </LocalFont>
                    <TextBox Enabled="0">
                        <Style Color="3355443" FillColor="10079487" Filled="0"/>
                        <Margin Bottom="0.5" Left="0.5" Right="0.5" Top="0.5"/>
                    </TextBox>
                </Style>
                <Position X="0.65" Y="0.5" Z="0"/>
            </Number>
        </Y-Axis>
        <Z-Axis>
            <Type Overhead="0" Value="0">
                <Log LogDecades="0"/>
                <Db dBDecades="0" dBRef="1000" dBScale="10"/>
            </Type>
            <Units Count="44" UnitSystem="0">
                <Item RangeAuto="1" RangeMax="0" RangeMin="0" Type="0" Unit="0"/>
                <Item RangeAuto="1" RangeMax="0" RangeMin="0" Type="1" Unit="2"/>
                <Item RangeAuto="1" RangeMax="0" RangeMin="0" Type="2" Unit="5"/>
                <Item RangeAuto="1" RangeMax="0" RangeMin="0" Type="3" Unit="8"/>
                <Item RangeAuto="1" RangeMax="0" RangeMin="0" Type="4" Unit="11"/>
                <Item RangeAuto="1" RangeMax="0" RangeMin="0" Type="5" Unit="14"/>
                <Item RangeAuto="1" RangeMax="0" RangeMin="0" Type="6" Unit="15"/>
                <Item RangeAuto="1" RangeMax="0" RangeMin="0" Type="7" Unit="21"/>
                <Item RangeAuto="1" RangeMax="0" RangeMin="0" Type="8" Unit="25"/>
                <Item RangeAuto="1" RangeMax="0" RangeMin="0" Type="9" Unit="29"/>
                <Item RangeAuto="1" RangeMax="0" RangeMin="0" Type="10" Unit="31"/>
                <Item RangeAuto="1" RangeMax="0" RangeMin="0" Type="11" Unit="33"/>
                <Item RangeAuto="1" RangeMax="0" RangeMin="0" Type="12" Unit="36"/>
                <Item RangeAuto="1" RangeMax="0" RangeMin="0" Type="13" Unit="41"/>
                <Item RangeAuto="1" RangeMax="0" RangeMin="0" Type="14" Unit="48"/>
                <Item RangeAuto="1" RangeMax="0" RangeMin="0" Type="15" Unit="51"/>
                <Item RangeAuto="1" RangeMax="0" RangeMin="0" Type="16" Unit="53"/>
                <Item RangeAuto="1" RangeMax="0" RangeMin="0" Type="17" Unit="54"/>
                <Item RangeAuto="1" RangeMax="0" RangeMin="0" Type="18" Unit="55"/>
                <Item RangeAuto="1" RangeMax="0" RangeMin="0" Type="19" Unit="84"/>
                <Item RangeAuto="1" RangeMax="0" RangeMin="0" Type="20" Unit="57"/>
                <Item RangeAuto="1" RangeMax="0" RangeMin="0" Type="21" Unit="62"/>
                <Item RangeAuto="1" RangeMax="0" RangeMin="0" Type="22" Unit="67"/>
                <Item RangeAuto="1" RangeMax="0" RangeMin="0" Type="23" Unit="71"/>
                <Item RangeAuto="1" RangeMax="0" RangeMin="0" Type="24" Unit="76"/>
                <Item RangeAuto="1" RangeMax="0" RangeMin="0" Type="25" Unit="85"/>
                <Item RangeAuto="1" RangeMax="0" RangeMin="0" Type="26" Unit="86"/>
                <Item RangeAuto="1" RangeMax="0" RangeMin="0" Type="27" Unit="87"/>
                <Item RangeAuto="1" RangeMax="0" RangeMin="0" Type="28" Unit="88"/>
                <Item RangeAuto="1" RangeMax="0" RangeMin="0" Type="29" Unit="80"/>
                <Item RangeAuto="1" RangeMax="0" RangeMin="0" Type="30" Unit="82"/>
                <Item RangeAuto="1" RangeMax="0" RangeMin="0" Type="31" Unit="93"/>
                <Item RangeAuto="1" RangeMax="0" RangeMin="0" Type="32" Unit="101"/>
                <Item RangeAuto="1" RangeMax="0" RangeMin="0" Type="33" Unit="105"/>
                <Item RangeAuto="1" RangeMax="0" RangeMin="0" Type="34" Unit="117"/>
                <Item RangeAuto="1" RangeMax="0" RangeMin="0" Type="35" Unit="122"/>
                <Item RangeAuto="1" RangeMax="0" RangeMin="0" Type="36" Unit="177"/>
                <Item RangeAuto="1" RangeMax="0" RangeMin="0" Type="37" Unit="182"/>
                <Item RangeAuto="1" RangeMax="0" RangeMin="0" Type="38" Unit="193"/>
                <Item RangeAuto="1" RangeMax="0" RangeMin="0" Type="39" Unit="205"/>
                <Item RangeAuto="1" RangeMax="0" RangeMin="0" Type="40" Unit="226"/>
                <Item RangeAuto="1" RangeMax="0" RangeMin="0" Type="41" Unit="228"/>
                <Item RangeAuto="1" RangeMax="0" RangeMin="0" Type="42" Unit="240"/>
                <Item RangeAuto="1" RangeMax="0" RangeMin="0" Type="43" Unit="247"/>
            </Units>
            <Label>
                <TextLines IsAuto="1"/>
                <Style Angle="0" Color="3355443" NumFormat="0" TextJust="0" useGlobalFontSetting="1">
                    <GlobalFont automaticScaling="1" fontScale="1.5"/>
                    <LocalFont FontType="0" Size="3">
                        <NXFont Font="ideas_simplex" Thickness="1"/>
                        <StandardFont Font="Time New Roman" fontStyle="0"/>
                    </LocalFont>
                    <TextBox Enabled="0">
                        <Style Color="3355443" FillColor="10079487" Filled="0"/>
                        <Margin Bottom="0.5" Left="0.5" Right="0.5" Top="0.5"/>
                    </TextBox>
                </Style>
                <Position X="0.3" Y="0" Z="0.5"/>
            </Label>
            <Number>
                <Style Angle="0" Color="3355443" NumFormat="0" TextJust="0" useGlobalFontSetting="1">
                    <GlobalFont automaticScaling="1" fontScale="1"/>
                    <LocalFont FontType="0" Size="2">
                        <NXFont Font="ideas_simplex" Thickness="1"/>
                        <StandardFont Font="Time New Roman" fontStyle="0"/>
                    </LocalFont>
                    <TextBox Enabled="0">
                        <Style Color="3355443" FillColor="10079487" Filled="0"/>
                        <Margin Bottom="0.5" Left="0.5" Right="0.5" Top="0.5"/>
                    </TextBox>
                </Style>
                <Position X="0.8" Y="0.35" Z="0.5"/>
            </Number>
        </Z-Axis>
        <ViewOrientation X1="0.9346314105891125" X2="-0.04456272831185715" X3="0.3528148091925983" Y1="0.005127639784137529" Y2="0.9937031488153312" Y3="0.1119274735922329" Z1="-0.3555809804396885" Z2="-0.1028018252751354" Z3="0.9289746773026972"/>
    </WallDisplayStyles3D>
    <DiagramDisplayStyles3D>
        <Item Active="0" Index="0">
            <CurveStyle Direction="0" LineFont="1" LineWidth="9" OutlineColor="16711680" PointMarker="0"/>
            <BarStyle BarDepth="50" BarWidth="50" ColorOption="0" FillColor="5177343" OutlineColor="16711680" PointMarker="0" ShowOutline="1"/>
            <PlateStyle ColorOption="0" Direction="0" FillColor="5177343" OutlineColor="16711680" PointMarker="0" ShowOutline="1"/>
            <ScatterStyle Color="16711680" PointMarker="1"/>
            <SurfaceStyle ColorOption="2" FillColor="5177343" OutlineColor="16711680" PointMarker="0" ShowOutline="1"/>
        </Item>
        <Item Active="0" Index="1">
            <CurveStyle Direction="0" LineFont="2" LineWidth="9" OutlineColor="255" PointMarker="0"/>
            <BarStyle BarDepth="50" BarWidth="50" ColorOption="0" FillColor="15635901" OutlineColor="255" PointMarker="0" ShowOutline="1"/>
            <PlateStyle ColorOption="0" Direction="0" FillColor="15635901" OutlineColor="255" PointMarker="0" ShowOutline="1"/>
            <ScatterStyle Color="255" PointMarker="1"/>
            <SurfaceStyle ColorOption="2" FillColor="15635901" OutlineColor="255" PointMarker="0" ShowOutline="1"/>
        </Item>
        <Item Active="0" Index="2">
            <CurveStyle Direction="0" LineFont="3" LineWidth="9" OutlineColor="39168" PointMarker="0"/>
            <BarStyle BarDepth="50" BarWidth="50" ColorOption="0" FillColor="16750899" OutlineColor="39168" PointMarker="0" ShowOutline="1"/>
            <PlateStyle ColorOption="0" Direction="0" FillColor="16750899" OutlineColor="39168" PointMarker="0" ShowOutline="1"/>
            <ScatterStyle Color="39168" PointMarker="1"/>
            <SurfaceStyle ColorOption="2" FillColor="16750899" OutlineColor="39168" PointMarker="0" ShowOutline="1"/>
        </Item>
        <Item Active="0" Index="3">
            <CurveStyle Direction="0" LineFont="4" LineWidth="9" OutlineColor="16776960" PointMarker="0"/>
            <BarStyle BarDepth="50" BarWidth="50" ColorOption="0" FillColor="3381555" OutlineColor="16776960" PointMarker="0" ShowOutline="1"/>
            <PlateStyle ColorOption="0" Direction="0" FillColor="3381555" OutlineColor="16776960" PointMarker="0" ShowOutline="1"/>
            <ScatterStyle Color="16776960" PointMarker="1"/>
            <SurfaceStyle ColorOption="2" FillColor="3381555" OutlineColor="16776960" PointMarker="0" ShowOutline="1"/>
        </Item>
        <Item Active="0" Index="4">
            <CurveStyle Direction="0" LineFont="5" LineWidth="9" OutlineColor="65535" PointMarker="0"/>
            <BarStyle BarDepth="50" BarWidth="50" ColorOption="0" FillColor="7760534" OutlineColor="65535" PointMarker="0" ShowOutline="1"/>
            <PlateStyle ColorOption="0" Direction="0" FillColor="7760534" OutlineColor="65535" PointMarker="0" ShowOutline="1"/>
            <ScatterStyle Color="65535" PointMarker="1"/>
            <SurfaceStyle ColorOption="2" FillColor="7760534" OutlineColor="65535" PointMarker="0" ShowOutline="1"/>
        </Item>
        <Item Active="0" Index="5">
            <CurveStyle Direction="0" LineFont="6" LineWidth="9" OutlineColor="16711935" PointMarker="0"/>
            <BarStyle BarDepth="50" BarWidth="50" ColorOption="0" FillColor="4801838" OutlineColor="16711935" PointMarker="0" ShowOutline="1"/>
            <PlateStyle ColorOption="0" Direction="0" FillColor="4801838" OutlineColor="16711935" PointMarker="0" ShowOutline="1"/>
            <ScatterStyle Color="16711935" PointMarker="1"/>
            <SurfaceStyle ColorOption="2" FillColor="4801838" OutlineColor="16711935" PointMarker="0" ShowOutline="1"/>
        </Item>
        <Item Active="0" Index="6">
            <CurveStyle Direction="0" LineFont="7" LineWidth="9" OutlineColor="6710835" PointMarker="0"/>
            <BarStyle BarDepth="50" BarWidth="50" ColorOption="0" FillColor="13382451" OutlineColor="6710835" PointMarker="0" ShowOutline="1"/>
            <PlateStyle ColorOption="0" Direction="0" FillColor="13382451" OutlineColor="6710835" PointMarker="0" ShowOutline="1"/>
            <ScatterStyle Color="6710835" PointMarker="1"/>
            <SurfaceStyle ColorOption="2" FillColor="13382451" OutlineColor="6710835" PointMarker="0" ShowOutline="1"/>
        </Item>
        <Item Active="0" Index="7">
            <CurveStyle Direction="0" LineFont="1" LineWidth="9" OutlineColor="13605532" PointMarker="0"/>
            <BarStyle BarDepth="50" BarWidth="50" ColorOption="0" FillColor="16222" OutlineColor="13605532" PointMarker="0" ShowOutline="1"/>
            <PlateStyle ColorOption="0" Direction="0" FillColor="16222" OutlineColor="13605532" PointMarker="0" ShowOutline="1"/>
            <ScatterStyle Color="13605532" PointMarker="1"/>
            <SurfaceStyle ColorOption="2" FillColor="16222" OutlineColor="13605532" PointMarker="0" ShowOutline="1"/>
        </Item>
        <Item Active="0" Index="8">
            <CurveStyle Direction="0" LineFont="2" LineWidth="9" OutlineColor="10053171" PointMarker="0"/>
            <BarStyle BarDepth="50" BarWidth="50" ColorOption="0" FillColor="40409" OutlineColor="10053171" PointMarker="0" ShowOutline="1"/>
            <PlateStyle ColorOption="0" Direction="0" FillColor="40409" OutlineColor="10053171" PointMarker="0" ShowOutline="1"/>
            <ScatterStyle Color="10053171" PointMarker="1"/>
            <SurfaceStyle ColorOption="2" FillColor="40409" OutlineColor="10053171" PointMarker="0" ShowOutline="1"/>
        </Item>
        <Item Active="0" Index="9">
            <CurveStyle Direction="0" LineFont="3" LineWidth="9" OutlineColor="13211493" PointMarker="0"/>
            <BarStyle BarDepth="50" BarWidth="50" ColorOption="0" FillColor="13421772" OutlineColor="13211493" PointMarker="0" ShowOutline="1"/>
            <PlateStyle ColorOption="0" Direction="0" FillColor="13421772" OutlineColor="13211493" PointMarker="0" ShowOutline="1"/>
            <ScatterStyle Color="13211493" PointMarker="1"/>
            <SurfaceStyle ColorOption="2" FillColor="13421772" OutlineColor="13211493" PointMarker="0" ShowOutline="1"/>
        </Item>
        <Item Active="0" Index="10">
            <CurveStyle Direction="0" LineFont="4" LineWidth="9" OutlineColor="6697932" PointMarker="0"/>
            <BarStyle BarDepth="50" BarWidth="50" ColorOption="0" FillColor="16737792" OutlineColor="6697932" PointMarker="0" ShowOutline="1"/>
            <PlateStyle ColorOption="0" Direction="0" FillColor="16737792" OutlineColor="6697932" PointMarker="0" ShowOutline="1"/>
            <ScatterStyle Color="6697932" PointMarker="1"/>
            <SurfaceStyle ColorOption="2" FillColor="16737792" OutlineColor="6697932" PointMarker="0" ShowOutline="1"/>
        </Item>
        <Item Active="0" Index="11">
            <CurveStyle Direction="0" LineFont="5" LineWidth="9" OutlineColor="10040115" PointMarker="0"/>
            <BarStyle BarDepth="50" BarWidth="50" ColorOption="0" FillColor="11133696" OutlineColor="10040115" PointMarker="0" ShowOutline="1"/>
            <PlateStyle ColorOption="0" Direction="0" FillColor="11133696" OutlineColor="10040115" PointMarker="0" ShowOutline="1"/>
            <ScatterStyle Color="10040115" PointMarker="1"/>
            <SurfaceStyle ColorOption="2" FillColor="11133696" OutlineColor="10040115" PointMarker="0" ShowOutline="1"/>
        </Item>
        <Item Active="0" Index="12">
            <CurveStyle Direction="0" LineFont="6" LineWidth="9" OutlineColor="2465701" PointMarker="0"/>
            <BarStyle BarDepth="50" BarWidth="50" ColorOption="0" FillColor="16763392" OutlineColor="2465701" PointMarker="0" ShowOutline="1"/>
            <PlateStyle ColorOption="0" Direction="0" FillColor="16763392" OutlineColor="2465701" PointMarker="0" ShowOutline="1"/>
            <ScatterStyle Color="2465701" PointMarker="1"/>
            <SurfaceStyle ColorOption="2" FillColor="16763392" OutlineColor="2465701" PointMarker="0" ShowOutline="1"/>
        </Item>
        <Item Active="0" Index="13">
            <CurveStyle Direction="0" LineFont="7" LineWidth="9" OutlineColor="3355443" PointMarker="0"/>
            <BarStyle BarDepth="50" BarWidth="50" ColorOption="0" FillColor="52614" OutlineColor="3355443" PointMarker="0" ShowOutline="1"/>
            <PlateStyle ColorOption="0" Direction="0" FillColor="52614" OutlineColor="3355443" PointMarker="0" ShowOutline="1"/>
            <ScatterStyle Color="3355443" PointMarker="1"/>
            <SurfaceStyle ColorOption="2" FillColor="52614" OutlineColor="3355443" PointMarker="0" ShowOutline="1"/>
        </Item>
        <Item Active="0" Index="14">
            <CurveStyle Direction="0" LineFont="1" LineWidth="9" OutlineColor="13434777" PointMarker="0"/>
            <BarStyle BarDepth="50" BarWidth="50" ColorOption="0" FillColor="192" OutlineColor="13434777" PointMarker="0" ShowOutline="1"/>
            <PlateStyle ColorOption="0" Direction="0" FillColor="192" OutlineColor="13434777" PointMarker="0" ShowOutline="1"/>
            <ScatterStyle Color="13434777" PointMarker="1"/>
            <SurfaceStyle ColorOption="2" FillColor="192" OutlineColor="13434777" PointMarker="0" ShowOutline="1"/>
        </Item>
        <Item Active="0" Index="15">
            <CurveStyle Direction="0" LineFont="2" LineWidth="9" OutlineColor="11133696" PointMarker="0"/>
            <BarStyle BarDepth="50" BarWidth="50" ColorOption="0" FillColor="9025279" OutlineColor="11133696" PointMarker="0" ShowOutline="1"/>
            <PlateStyle ColorOption="0" Direction="0" FillColor="9025279" OutlineColor="11133696" PointMarker="0" ShowOutline="1"/>
            <ScatterStyle Color="11133696" PointMarker="1"/>
            <SurfaceStyle ColorOption="2" FillColor="9025279" OutlineColor="11133696" PointMarker="0" ShowOutline="1"/>
        </Item>
        <Item Active="0" Index="16">
            <CurveStyle Direction="0" LineFont="3" LineWidth="9" OutlineColor="8695195" PointMarker="0"/>
            <BarStyle BarDepth="50" BarWidth="50" ColorOption="0" FillColor="16774567" OutlineColor="8695195" PointMarker="0" ShowOutline="1"/>
            <PlateStyle ColorOption="0" Direction="0" FillColor="16774567" OutlineColor="8695195" PointMarker="0" ShowOutline="1"/>
            <ScatterStyle Color="8695195" PointMarker="1"/>
            <SurfaceStyle ColorOption="2" FillColor="16774567" OutlineColor="8695195" PointMarker="0" ShowOutline="1"/>
        </Item>
        <Item Active="0" Index="17">
            <CurveStyle Direction="0" LineFont="4" LineWidth="9" OutlineColor="39423" PointMarker="0"/>
            <BarStyle BarDepth="50" BarWidth="50" ColorOption="0" FillColor="10053222" OutlineColor="39423" PointMarker="0" ShowOutline="1"/>
            <PlateStyle ColorOption="0" Direction="0" FillColor="10053222" OutlineColor="39423" PointMarker="0" ShowOutline="1"/>
            <ScatterStyle Color="39423" PointMarker="1"/>
            <SurfaceStyle ColorOption="2" FillColor="10053222" OutlineColor="39423" PointMarker="0" ShowOutline="1"/>
        </Item>
        <Item Active="0" Index="18">
            <CurveStyle Direction="0" LineFont="5" LineWidth="9" OutlineColor="10774016" PointMarker="0"/>
            <BarStyle BarDepth="50" BarWidth="50" ColorOption="0" FillColor="8960880" OutlineColor="10774016" PointMarker="0" ShowOutline="1"/>
            <PlateStyle ColorOption="0" Direction="0" FillColor="8960880" OutlineColor="10774016" PointMarker="0" ShowOutline="1"/>
            <ScatterStyle Color="10774016" PointMarker="1"/>
            <SurfaceStyle ColorOption="2" FillColor="8960880" OutlineColor="10774016" PointMarker="0" ShowOutline="1"/>
        </Item>
        <Item Active="0" Index="19">
            <CurveStyle Direction="0" LineFont="6" LineWidth="9" OutlineColor="22568" PointMarker="0"/>
            <BarStyle BarDepth="50" BarWidth="50" ColorOption="0" FillColor="16726753" OutlineColor="22568" PointMarker="0" ShowOutline="1"/>
            <PlateStyle ColorOption="0" Direction="0" FillColor="16726753" OutlineColor="22568" PointMarker="0" ShowOutline="1"/>
            <ScatterStyle Color="22568" PointMarker="1"/>
            <SurfaceStyle ColorOption="2" FillColor="16726753" OutlineColor="22568" PointMarker="0" ShowOutline="1"/>
        </Item>
    </DiagramDisplayStyles3D>
    <GeneralDisplayStyles2DColorContour>
        <PhaseDisplayRangeOption2DColorContour>0</PhaseDisplayRangeOption2DColorContour>
        <ComplexOption2DColorContour>0</ComplexOption2DColorContour>
    </GeneralDisplayStyles2DColorContour>
    <WallDisplayStyles2DColorContour>
        <Title>
            <TextLines IsAuto="1"/>
            <Style Angle="0" Color="3355443" NumFormat="0" TextJust="0" useGlobalFontSetting="1">
                <GlobalFont automaticScaling="1" fontScale="2"/>
                <LocalFont FontType="0" Size="4">
                    <NXFont Font="ideas_simplex" Thickness="1"/>
                    <StandardFont Font="Time New Roman" fontStyle="0"/>
                </LocalFont>
                <TextBox Enabled="0">
                    <Style Color="3355443" FillColor="10079487" Filled="0"/>
                    <Margin Bottom="0.5" Left="0.5" Right="0.5" Top="0.5"/>
                </TextBox>
            </Style>
            <Position X="0.5" Y="0.5" Z="0"/>
        </Title>
        <Legend Enabled="1">
            <Style Angle="0" Color="3355443" NumFormat="0" TextJust="0" useGlobalFontSetting="1">
                <GlobalFont automaticScaling="1" fontScale="1"/>
                <LocalFont FontType="0" Size="2">
                    <NXFont Font="ideas_simplex" Thickness="1"/>
                    <StandardFont Font="Time New Roman" fontStyle="0"/>
                </LocalFont>
                <TextBox Enabled="0">
                    <Style Color="3355443" FillColor="10079487" Filled="0"/>
                    <Margin Bottom="0.5" Left="0.5" Right="0.5" Top="0.5"/>
                </TextBox>
            </Style>
            <Position X="0.08" Y="0.5" Z="0"/>
        </Legend>
        <Marker>
            <Style Angle="0" Color="3355443" NumFormat="7" TextJust="0" useGlobalFontSetting="1">
                <GlobalFont automaticScaling="1" fontScale="1"/>
                <LocalFont FontType="0" Size="2">
                    <NXFont Font="ideas_simplex" Thickness="1"/>
                    <StandardFont Font="Time New Roman" fontStyle="0"/>
                </LocalFont>
                <TextBox Enabled="1">
                    <Style Color="3355443" FillColor="10079487" Filled="0"/>
                    <Margin Bottom="0.5" Left="0.5" Right="0.5" Top="0.5"/>
                </TextBox>
            </Style>
        </Marker>
        <ProbingText>
            <Style Angle="0" Color="3355443" NumFormat="7" TextJust="1" useGlobalFontSetting="1">
                <GlobalFont automaticScaling="1" fontScale="1"/>
                <LocalFont FontType="0" Size="2">
                    <NXFont Font="ideas_simplex" Thickness="1"/>
                    <StandardFont Font="Time New Roman" fontStyle="0"/>
                </LocalFont>
                <TextBox Enabled="0">
                    <Style Color="3355443" FillColor="10079487" Filled="0"/>
                    <Margin Bottom="0.5" Left="0.5" Right="0.5" Top="0.5"/>
                </TextBox>
            </Style>
        </ProbingText>
        <Note>
            <Style Angle="0" Color="3355443" NumFormat="0" TextJust="0" useGlobalFontSetting="1">
                <GlobalFont automaticScaling="1" fontScale="1"/>
                <LocalFont FontType="0" Size="2">
                    <NXFont Font="ideas_simplex" Thickness="1"/>
                    <StandardFont Font="Time New Roman" fontStyle="0"/>
                </LocalFont>
                <TextBox Enabled="1">
                    <Style Color="3355443" FillColor="10079487" Filled="0"/>
                    <Margin Bottom="0.5" Left="0.5" Right="0.5" Top="0.5"/>
                </TextBox>
            </Style>
        </Note>
        <GraphName>
            <Style Angle="0" Color="3355443" NumFormat="0" TextJust="2" useGlobalFontSetting="1">
                <GlobalFont automaticScaling="1" fontScale="1"/>
                <LocalFont FontType="0" Size="2">
                    <NXFont Font="ideas_simplex" Thickness="1"/>
                    <StandardFont Font="Time New Roman" fontStyle="0"/>
                </LocalFont>
                <TextBox Enabled="0">
                    <Style Color="3355443" FillColor="10079487" Filled="0"/>
                    <Margin Bottom="0.5" Left="0.5" Right="0.5" Top="0.5"/>
                </TextBox>
            </Style>
            <Position X="0.051" Y="0.584" Z="0"/>
        </GraphName>
        <PageNumber Enabled="1">
            <Style Angle="0" Color="3355443" NumFormat="0" TextJust="0" useGlobalFontSetting="1">
                <GlobalFont automaticScaling="1" fontScale="1"/>
                <LocalFont FontType="0" Size="2">
                    <NXFont Font="ideas_simplex" Thickness="1"/>
                    <StandardFont Font="Time New Roman" fontStyle="0"/>
                </LocalFont>
                <TextBox Enabled="0">
                    <Style Color="3355443" FillColor="10079487" Filled="0"/>
                    <Margin Bottom="0.5" Left="0.5" Right="0.5" Top="0.5"/>
                </TextBox>
            </Style>
            <Position X="0.92" Y="0.025" Z="0"/>
        </PageNumber>
        <ColorGrid>
            <Layout>
                <Line Color="3355443" DenseColor="13421772" Font="1" Width="2"/>
                <Background Color="16777215" Enabled="1"/>
                <Contouring Enabled="0" Level="4" Type="0"/>
                <XYPlane Type="2"/>
            </Layout>
            <Divisions>
                <Item Index="0" IsAuto="1" TicksPerGrid="4" UnitsPerGrid="0"/>
                <Item Index="1" IsAuto="1" TicksPerGrid="4" UnitsPerGrid="0"/>
                <Item Index="2" IsAuto="1" TicksPerGrid="4" UnitsPerGrid="0"/>
                <Item Index="3" IsAuto="1" TicksPerGrid="4" UnitsPerGrid="0"/>
                <Item Index="4" IsAuto="1" TicksPerGrid="4" UnitsPerGrid="0"/>
                <Item Index="5" IsAuto="1" TicksPerGrid="4" UnitsPerGrid="0"/>
                <Item Index="6" IsAuto="1" TicksPerGrid="4" UnitsPerGrid="0"/>
                <Item Index="7" IsAuto="1" TicksPerGrid="4" UnitsPerGrid="0"/>
                <Item Index="8" IsAuto="1" TicksPerGrid="4" UnitsPerGrid="0"/>
                <Item Index="9" IsAuto="1" TicksPerGrid="4" UnitsPerGrid="0"/>
                <Item Index="10" IsAuto="1" TicksPerGrid="4" UnitsPerGrid="0"/>
                <Item Index="11" IsAuto="1" TicksPerGrid="4" UnitsPerGrid="0"/>
            </Divisions>
            <Order IsShow="0">
                <Style Count="5" IsAuto="0" Step="1"/>
            </Order>
        </ColorGrid>
        <X-Axis>
            <Type Overhead="0" Value="0">
                <Log LogDecades="0"/>
                <Db dBDecades="0" dBRef="1000" dBScale="10"/>
            </Type>
            <Units Count="44" UnitSystem="0">
                <Item RangeAuto="1" RangeMax="0" RangeMin="0" Type="0" Unit="0"/>
                <Item RangeAuto="1" RangeMax="0" RangeMin="0" Type="1" Unit="2"/>
                <Item RangeAuto="1" RangeMax="0" RangeMin="0" Type="2" Unit="5"/>
                <Item RangeAuto="1" RangeMax="0" RangeMin="0" Type="3" Unit="8"/>
                <Item RangeAuto="1" RangeMax="0" RangeMin="0" Type="4" Unit="11"/>
                <Item RangeAuto="1" RangeMax="0" RangeMin="0" Type="5" Unit="14"/>
                <Item RangeAuto="1" RangeMax="0" RangeMin="0" Type="6" Unit="15"/>
                <Item RangeAuto="1" RangeMax="0" RangeMin="0" Type="7" Unit="21"/>
                <Item RangeAuto="1" RangeMax="0" RangeMin="0" Type="8" Unit="25"/>
                <Item RangeAuto="1" RangeMax="0" RangeMin="0" Type="9" Unit="29"/>
                <Item RangeAuto="1" RangeMax="0" RangeMin="0" Type="10" Unit="31"/>
                <Item RangeAuto="1" RangeMax="0" RangeMin="0" Type="11" Unit="33"/>
                <Item RangeAuto="1" RangeMax="0" RangeMin="0" Type="12" Unit="36"/>
                <Item RangeAuto="1" RangeMax="0" RangeMin="0" Type="13" Unit="41"/>
                <Item RangeAuto="1" RangeMax="0" RangeMin="0" Type="14" Unit="48"/>
                <Item RangeAuto="1" RangeMax="0" RangeMin="0" Type="15" Unit="51"/>
                <Item RangeAuto="1" RangeMax="0" RangeMin="0" Type="16" Unit="53"/>
                <Item RangeAuto="1" RangeMax="0" RangeMin="0" Type="17" Unit="54"/>
                <Item RangeAuto="1" RangeMax="0" RangeMin="0" Type="18" Unit="55"/>
                <Item RangeAuto="1" RangeMax="0" RangeMin="0" Type="19" Unit="84"/>
                <Item RangeAuto="1" RangeMax="0" RangeMin="0" Type="20" Unit="57"/>
                <Item RangeAuto="1" RangeMax="0" RangeMin="0" Type="21" Unit="62"/>
                <Item RangeAuto="1" RangeMax="0" RangeMin="0" Type="22" Unit="67"/>
                <Item RangeAuto="1" RangeMax="0" RangeMin="0" Type="23" Unit="71"/>
                <Item RangeAuto="1" RangeMax="0" RangeMin="0" Type="24" Unit="76"/>
                <Item RangeAuto="1" RangeMax="0" RangeMin="0" Type="25" Unit="85"/>
                <Item RangeAuto="1" RangeMax="0" RangeMin="0" Type="26" Unit="86"/>
                <Item RangeAuto="1" RangeMax="0" RangeMin="0" Type="27" Unit="87"/>
                <Item RangeAuto="1" RangeMax="0" RangeMin="0" Type="28" Unit="88"/>
                <Item RangeAuto="1" RangeMax="0" RangeMin="0" Type="29" Unit="80"/>
                <Item RangeAuto="1" RangeMax="0" RangeMin="0" Type="30" Unit="82"/>
                <Item RangeAuto="1" RangeMax="0" RangeMin="0" Type="31" Unit="93"/>
                <Item RangeAuto="1" RangeMax="0" RangeMin="0" Type="32" Unit="101"/>
                <Item RangeAuto="1" RangeMax="0" RangeMin="0" Type="33" Unit="105"/>
                <Item RangeAuto="1" RangeMax="0" RangeMin="0" Type="34" Unit="117"/>
                <Item RangeAuto="1" RangeMax="0" RangeMin="0" Type="35" Unit="122"/>
                <Item RangeAuto="1" RangeMax="0" RangeMin="0" Type="36" Unit="177"/>
                <Item RangeAuto="1" RangeMax="0" RangeMin="0" Type="37" Unit="182"/>
                <Item RangeAuto="1" RangeMax="0" RangeMin="0" Type="38" Unit="193"/>
                <Item RangeAuto="1" RangeMax="0" RangeMin="0" Type="39" Unit="205"/>
                <Item RangeAuto="1" RangeMax="0" RangeMin="0" Type="40" Unit="226"/>
                <Item RangeAuto="1" RangeMax="0" RangeMin="0" Type="41" Unit="228"/>
                <Item RangeAuto="1" RangeMax="0" RangeMin="0" Type="42" Unit="240"/>
                <Item RangeAuto="1" RangeMax="0" RangeMin="0" Type="43" Unit="247"/>
            </Units>
            <Label>
                <TextLines IsAuto="1"/>
                <Style Angle="0" Color="3355443" NumFormat="0" TextJust="0" useGlobalFontSetting="1">
                    <GlobalFont automaticScaling="1" fontScale="1.5"/>
                    <LocalFont FontType="0" Size="3">
                        <NXFont Font="ideas_simplex" Thickness="1"/>
                        <StandardFont Font="Time New Roman" fontStyle="0"/>
                    </LocalFont>
                    <TextBox Enabled="0">
                        <Style Color="3355443" FillColor="10079487" Filled="0"/>
                        <Margin Bottom="0.5" Left="0.5" Right="0.5" Top="0.5"/>
                    </TextBox>
                </Style>
                <Position X="0.5" Y="0.4" Z="0"/>
            </Label>
            <Number>
                <Style Angle="0" Color="3355443" NumFormat="0" TextJust="0" useGlobalFontSetting="1">
                    <GlobalFont automaticScaling="1" fontScale="1"/>
                    <LocalFont FontType="0" Size="2">
                        <NXFont Font="ideas_simplex" Thickness="1"/>
                        <StandardFont Font="Time New Roman" fontStyle="0"/>
                    </LocalFont>
                    <TextBox Enabled="0">
                        <Style Color="3355443" FillColor="10079487" Filled="0"/>
                        <Margin Bottom="0.5" Left="0.5" Right="0.5" Top="0.5"/>
                    </TextBox>
                </Style>
                <Position X="0" Y="0.75" Z="0"/>
            </Number>
        </X-Axis>
        <Y-Axis>
            <Type Overhead="0" Value="0">
                <Log LogDecades="0"/>
                <Db dBDecades="0" dBRef="1000" dBScale="10"/>
            </Type>
            <Units Count="44" UnitSystem="0">
                <Item RangeAuto="1" RangeMax="0" RangeMin="0" Type="0" Unit="0"/>
                <Item RangeAuto="1" RangeMax="0" RangeMin="0" Type="1" Unit="2"/>
                <Item RangeAuto="1" RangeMax="0" RangeMin="0" Type="2" Unit="5"/>
                <Item RangeAuto="1" RangeMax="0" RangeMin="0" Type="3" Unit="8"/>
                <Item RangeAuto="1" RangeMax="0" RangeMin="0" Type="4" Unit="11"/>
                <Item RangeAuto="1" RangeMax="0" RangeMin="0" Type="5" Unit="14"/>
                <Item RangeAuto="1" RangeMax="0" RangeMin="0" Type="6" Unit="15"/>
                <Item RangeAuto="1" RangeMax="0" RangeMin="0" Type="7" Unit="21"/>
                <Item RangeAuto="1" RangeMax="0" RangeMin="0" Type="8" Unit="25"/>
                <Item RangeAuto="1" RangeMax="0" RangeMin="0" Type="9" Unit="29"/>
                <Item RangeAuto="1" RangeMax="0" RangeMin="0" Type="10" Unit="31"/>
                <Item RangeAuto="1" RangeMax="0" RangeMin="0" Type="11" Unit="33"/>
                <Item RangeAuto="1" RangeMax="0" RangeMin="0" Type="12" Unit="36"/>
                <Item RangeAuto="1" RangeMax="0" RangeMin="0" Type="13" Unit="41"/>
                <Item RangeAuto="1" RangeMax="0" RangeMin="0" Type="14" Unit="48"/>
                <Item RangeAuto="1" RangeMax="0" RangeMin="0" Type="15" Unit="51"/>
                <Item RangeAuto="1" RangeMax="0" RangeMin="0" Type="16" Unit="53"/>
                <Item RangeAuto="1" RangeMax="0" RangeMin="0" Type="17" Unit="54"/>
                <Item RangeAuto="1" RangeMax="0" RangeMin="0" Type="18" Unit="55"/>
                <Item RangeAuto="1" RangeMax="0" RangeMin="0" Type="19" Unit="84"/>
                <Item RangeAuto="1" RangeMax="0" RangeMin="0" Type="20" Unit="57"/>
                <Item RangeAuto="1" RangeMax="0" RangeMin="0" Type="21" Unit="62"/>
                <Item RangeAuto="1" RangeMax="0" RangeMin="0" Type="22" Unit="67"/>
                <Item RangeAuto="1" RangeMax="0" RangeMin="0" Type="23" Unit="71"/>
                <Item RangeAuto="1" RangeMax="0" RangeMin="0" Type="24" Unit="76"/>
                <Item RangeAuto="1" RangeMax="0" RangeMin="0" Type="25" Unit="85"/>
                <Item RangeAuto="1" RangeMax="0" RangeMin="0" Type="26" Unit="86"/>
                <Item RangeAuto="1" RangeMax="0" RangeMin="0" Type="27" Unit="87"/>
                <Item RangeAuto="1" RangeMax="0" RangeMin="0" Type="28" Unit="88"/>
                <Item RangeAuto="1" RangeMax="0" RangeMin="0" Type="29" Unit="80"/>
                <Item RangeAuto="1" RangeMax="0" RangeMin="0" Type="30" Unit="82"/>
                <Item RangeAuto="1" RangeMax="0" RangeMin="0" Type="31" Unit="93"/>
                <Item RangeAuto="1" RangeMax="0" RangeMin="0" Type="32" Unit="101"/>
                <Item RangeAuto="1" RangeMax="0" RangeMin="0" Type="33" Unit="105"/>
                <Item RangeAuto="1" RangeMax="0" RangeMin="0" Type="34" Unit="117"/>
                <Item RangeAuto="1" RangeMax="0" RangeMin="0" Type="35" Unit="122"/>
                <Item RangeAuto="1" RangeMax="0" RangeMin="0" Type="36" Unit="177"/>
                <Item RangeAuto="1" RangeMax="0" RangeMin="0" Type="37" Unit="182"/>
                <Item RangeAuto="1" RangeMax="0" RangeMin="0" Type="38" Unit="193"/>
                <Item RangeAuto="1" RangeMax="0" RangeMin="0" Type="39" Unit="205"/>
                <Item RangeAuto="1" RangeMax="0" RangeMin="0" Type="40" Unit="226"/>
                <Item RangeAuto="1" RangeMax="0" RangeMin="0" Type="41" Unit="228"/>
                <Item RangeAuto="1" RangeMax="0" RangeMin="0" Type="42" Unit="240"/>
                <Item RangeAuto="1" RangeMax="0" RangeMin="0" Type="43" Unit="247"/>
            </Units>
            <Label>
                <TextLines IsAuto="1"/>
                <Style Angle="90" Color="3355443" NumFormat="0" TextJust="0" useGlobalFontSetting="1">
                    <GlobalFont automaticScaling="1" fontScale="1.5"/>
                    <LocalFont FontType="0" Size="3">
                        <NXFont Font="ideas_simplex" Thickness="1"/>
                        <StandardFont Font="Time New Roman" fontStyle="0"/>
                    </LocalFont>
                    <TextBox Enabled="0">
                        <Style Color="3355443" FillColor="10079487" Filled="0"/>
                        <Margin Bottom="0.5" Left="0.5" Right="0.5" Top="0.5"/>
                    </TextBox>
                </Style>
                <Position X="0.3" Y="0.5" Z="0"/>
            </Label>
            <Number>
                <Style Angle="0" Color="3355443" NumFormat="0" TextJust="0" useGlobalFontSetting="1">
                    <GlobalFont automaticScaling="1" fontScale="1"/>
                    <LocalFont FontType="0" Size="2">
                        <NXFont Font="ideas_simplex" Thickness="1"/>
                        <StandardFont Font="Time New Roman" fontStyle="0"/>
                    </LocalFont>
                    <TextBox Enabled="0">
                        <Style Color="3355443" FillColor="10079487" Filled="0"/>
                        <Margin Bottom="0.5" Left="0.5" Right="0.5" Top="0.5"/>
                    </TextBox>
                </Style>
                <Position X="0.7" Y="0" Z="0"/>
            </Number>
        </Y-Axis>
        <Color-Axis>
            <Type Overhead="0" Value="0">
                <Log LogDecades="0"/>
                <Db dBDecades="0" dBRef="1000" dBScale="10"/>
            </Type>
            <Units Count="44" UnitSystem="0">
                <Item RangeAuto="1" RangeMax="0" RangeMin="0" Type="0" Unit="0"/>
                <Item RangeAuto="1" RangeMax="0" RangeMin="0" Type="1" Unit="2"/>
                <Item RangeAuto="1" RangeMax="0" RangeMin="0" Type="2" Unit="5"/>
                <Item RangeAuto="1" RangeMax="0" RangeMin="0" Type="3" Unit="8"/>
                <Item RangeAuto="1" RangeMax="0" RangeMin="0" Type="4" Unit="11"/>
                <Item RangeAuto="1" RangeMax="0" RangeMin="0" Type="5" Unit="14"/>
                <Item RangeAuto="1" RangeMax="0" RangeMin="0" Type="6" Unit="15"/>
                <Item RangeAuto="1" RangeMax="0" RangeMin="0" Type="7" Unit="21"/>
                <Item RangeAuto="1" RangeMax="0" RangeMin="0" Type="8" Unit="25"/>
                <Item RangeAuto="1" RangeMax="0" RangeMin="0" Type="9" Unit="29"/>
                <Item RangeAuto="1" RangeMax="0" RangeMin="0" Type="10" Unit="31"/>
                <Item RangeAuto="1" RangeMax="0" RangeMin="0" Type="11" Unit="33"/>
                <Item RangeAuto="1" RangeMax="0" RangeMin="0" Type="12" Unit="36"/>
                <Item RangeAuto="1" RangeMax="0" RangeMin="0" Type="13" Unit="41"/>
                <Item RangeAuto="1" RangeMax="0" RangeMin="0" Type="14" Unit="48"/>
                <Item RangeAuto="1" RangeMax="0" RangeMin="0" Type="15" Unit="51"/>
                <Item RangeAuto="1" RangeMax="0" RangeMin="0" Type="16" Unit="53"/>
                <Item RangeAuto="1" RangeMax="0" RangeMin="0" Type="17" Unit="54"/>
                <Item RangeAuto="1" RangeMax="0" RangeMin="0" Type="18" Unit="55"/>
                <Item RangeAuto="1" RangeMax="0" RangeMin="0" Type="19" Unit="84"/>
                <Item RangeAuto="1" RangeMax="0" RangeMin="0" Type="20" Unit="57"/>
                <Item RangeAuto="1" RangeMax="0" RangeMin="0" Type="21" Unit="62"/>
                <Item RangeAuto="1" RangeMax="0" RangeMin="0" Type="22" Unit="67"/>
                <Item RangeAuto="1" RangeMax="0" RangeMin="0" Type="23" Unit="71"/>
                <Item RangeAuto="1" RangeMax="0" RangeMin="0" Type="24" Unit="76"/>
                <Item RangeAuto="1" RangeMax="0" RangeMin="0" Type="25" Unit="85"/>
                <Item RangeAuto="1" RangeMax="0" RangeMin="0" Type="26" Unit="86"/>
                <Item RangeAuto="1" RangeMax="0" RangeMin="0" Type="27" Unit="87"/>
                <Item RangeAuto="1" RangeMax="0" RangeMin="0" Type="28" Unit="88"/>
                <Item RangeAuto="1" RangeMax="0" RangeMin="0" Type="29" Unit="80"/>
                <Item RangeAuto="1" RangeMax="0" RangeMin="0" Type="30" Unit="82"/>
                <Item RangeAuto="1" RangeMax="0" RangeMin="0" Type="31" Unit="93"/>
                <Item RangeAuto="1" RangeMax="0" RangeMin="0" Type="32" Unit="101"/>
                <Item RangeAuto="1" RangeMax="0" RangeMin="0" Type="33" Unit="105"/>
                <Item RangeAuto="1" RangeMax="0" RangeMin="0" Type="34" Unit="117"/>
                <Item RangeAuto="1" RangeMax="0" RangeMin="0" Type="35" Unit="122"/>
                <Item RangeAuto="1" RangeMax="0" RangeMin="0" Type="36" Unit="177"/>
                <Item RangeAuto="1" RangeMax="0" RangeMin="0" Type="37" Unit="182"/>
                <Item RangeAuto="1" RangeMax="0" RangeMin="0" Type="38" Unit="193"/>
                <Item RangeAuto="1" RangeMax="0" RangeMin="0" Type="39" Unit="205"/>
                <Item RangeAuto="1" RangeMax="0" RangeMin="0" Type="40" Unit="226"/>
                <Item RangeAuto="1" RangeMax="0" RangeMin="0" Type="41" Unit="228"/>
                <Item RangeAuto="1" RangeMax="0" RangeMin="0" Type="42" Unit="240"/>
                <Item RangeAuto="1" RangeMax="0" RangeMin="0" Type="43" Unit="247"/>
            </Units>
            <Label>
                <TextLines IsAuto="1"/>
                <Style Angle="0" Color="3355443" NumFormat="0" TextJust="0" useGlobalFontSetting="1">
                    <GlobalFont automaticScaling="1" fontScale="1.5"/>
                    <LocalFont FontType="0" Size="3">
                        <NXFont Font="ideas_simplex" Thickness="1"/>
                        <StandardFont Font="Time New Roman" fontStyle="0"/>
                    </LocalFont>
                    <TextBox Enabled="0">
                        <Style Color="3355443" FillColor="10079487" Filled="0"/>
                        <Margin Bottom="0.5" Left="0.5" Right="0.5" Top="0.5"/>
                    </TextBox>
                </Style>
                <Position X="0.65" Y="0.25" Z="0.5"/>
            </Label>
            <Number>
                <Style Angle="0" Color="3355443" NumFormat="0" TextJust="0" useGlobalFontSetting="1">
                    <GlobalFont automaticScaling="1" fontScale="1"/>
                    <LocalFont FontType="0" Size="2">
                        <NXFont Font="ideas_simplex" Thickness="1"/>
                        <StandardFont Font="Time New Roman" fontStyle="0"/>
                    </LocalFont>
                    <TextBox Enabled="0">
                        <Style Color="3355443" FillColor="10079487" Filled="0"/>
                        <Margin Bottom="0.5" Left="0.5" Right="0.5" Top="0.5"/>
                    </TextBox>
                </Style>
                <Position X="0.53" Y="0.35" Z="0.5"/>
            </Number>
            <ColorScale>
                <Style Level="12"/>
                <Position X="0" Y="0" Z="0"/>
            </ColorScale>
            <UnknownColorScale>
                <Style Color="1"/>
                <Position X="0.25" Y="-0.072" Z="0.5"/>
            </UnknownColorScale>
            <UnknownColorText>
                <TextLines IsAuto="1"/>
                <Style Angle="0" Color="3355443" NumFormat="0" TextJust="0" useGlobalFontSetting="1">
                    <GlobalFont automaticScaling="1" fontScale="1.5"/>
                    <LocalFont FontType="0" Size="3">
                        <NXFont Font="ideas_simplex" Thickness="1"/>
                        <StandardFont Font="Time New Roman" fontStyle="0"/>
                    </LocalFont>
                    <TextBox Enabled="0">
                        <Style Color="3355443" FillColor="10079487" Filled="0"/>
                        <Margin Bottom="0.5" Left="0.5" Right="0.5" Top="0.5"/>
                    </TextBox>
                </Style>
                <Position X="0.6780000000000001" Y="0.298" Z="0.5"/>
            </UnknownColorText>
        </Color-Axis>
    </WallDisplayStyles2DColorContour>
</XYPLOT-GraphTemplate>
