<?xml version="1.0" encoding="UTF-8"?>

<XYPLOT-GraphTemplate3D version="2.0" xmlns:xsi="http://www.w3.org/2001/XMLSchema-instance"
                        xsi:noNamespaceSchemaLocation="GraphTemplate3D.xsd">
    <ComplexOption>0</ComplexOption>
    <PhaseDisplayRangeOption>0</PhaseDisplayRangeOption>
    <Title>
        <TextLines IsAuto="1"/>
        <Style Angle="0" Color="173" TextJust="0" NumFormat="0" useGlobalFontSetting="1">
            <GlobalFont automaticScaling="1" fontScale="2.0" />
            <LocalFont FontType="0" Size="4">
                <NXFont Font="ideas_simplex"  Thickness="0" />
                <StandardFont Font="Times New Roman" fontStyle="0"/>
            </LocalFont>
            <TextBox Enabled="0">
                <Style Color="173" Filled="0" FillColor="61"/>
                <Margin Top="0.5" Left="0.5" Right="0.5" Bottom="0.5"/>
            </TextBox>
        </Style>
        <Position X="0.5" Y="0.5" Z="0"/>
    </Title>
    <Legend Enabled="1">
        <Style Angle="0" Color="173" TextJust="0" NumFormat="0" useGlobalFontSetting="1">
            <GlobalFont automaticScaling="1" fontScale="1.0" />
            <LocalFont FontType="0" Size="2">
                <NXFont Font="ideas_simplex"  Thickness="0" />
                <StandardFont Font="Times New Roman" fontStyle="0"/>
            </LocalFont>
            <TextBox Enabled="1">
                <Style Color="173" Filled="0" FillColor="61"/>
                <Margin Top="0.8" Left="9" Right="0.5" Bottom="0.5"/>
            </TextBox>
        </Style>
        <Position X="0.8" Y="0.85" Z="0"/>
    </Legend>
    <Marker>
        <Style Angle="0" Color="173" TextJust="0" NumFormat="7" useGlobalFontSetting="1">
            <GlobalFont automaticScaling="1" fontScale="1.0" />
            <LocalFont FontType="0" Size="2">
                <NXFont Font="ideas_simplex"  Thickness="0" />
                <StandardFont Font="Times New Roman" fontStyle="0"/>
            </LocalFont>
            <TextBox Enabled="1">
                <Style Color="173" Filled="0" FillColor="61"/>
                <Margin Top="0.5" Left="0.5" Right="0.5" Bottom="0.5"/>
            </TextBox>
        </Style>
    </Marker>
    <ProbingText>
        <Style Angle="0" Color="173" TextJust="1" NumFormat="7" useGlobalFontSetting="1">
            <GlobalFont automaticScaling="1" fontScale="1.0" />
            <LocalFont FontType="0" Size="2">
                <NXFont Font="ideas_simplex"  Thickness="0" />
                <StandardFont Font="Times New Roman" fontStyle="0"/>
            </LocalFont>
            <TextBox Enabled="1">
                <Style Color="173" Filled="0" FillColor="61"/>
                <Margin Top="0.5" Left="0.5" Right="0.5" Bottom="0.5"/>
            </TextBox>
        </Style>
    </ProbingText>
    <Note>
        <Style Angle="0" Color="173" TextJust="0" NumFormat="0" useGlobalFontSetting="1">
            <GlobalFont automaticScaling="1" fontScale="1.0" />
            <LocalFont FontType="0" Size="2">
                <NXFont Font="ideas_simplex"  Thickness="0" />
                <StandardFont Font="Times New Roman" fontStyle="0"/>
            </LocalFont>
            <TextBox Enabled="1">
                <Style Color="173" Filled="0" FillColor="61"/>
                <Margin Top="0.5" Left="0.5" Right="0.5" Bottom="0.5"/>
            </TextBox>
        </Style>
    </Note>
    <GraphName>
        <Style Angle="0" Color="173" TextJust="2" NumFormat="0" useGlobalFontSetting="1">
            <GlobalFont automaticScaling="1" fontScale="1.0" />
            <LocalFont FontType="0" Size="2">
                <NXFont Font="ideas_simplex"  Thickness="0" />
                <StandardFont Font="Times New Roman" fontStyle="0"/>
            </LocalFont>
            <TextBox Enabled="0">
                <Style Color="173" Filled="0" FillColor="61"/>
                <Margin Top="0.5" Left="0.5" Right="0.5" Bottom="0.5"/>
            </TextBox>
        </Style>
        <Position X="0.05" Y="0.5" Z="0"/>
    </GraphName>
    <PageNumber Enabled="1">
        <Style Angle="0" Color="173" TextJust="0" NumFormat="0" useGlobalFontSetting="1">
            <GlobalFont automaticScaling="1" fontScale="1.0" />
            <LocalFont FontType="0" Size="2">
                <NXFont Font="ideas_simplex"  Thickness="0" />
                <StandardFont Font="Times New Roman" fontStyle="0"/>
            </LocalFont>
            <TextBox Enabled="0">
                <Style Color="173" Filled="0" FillColor="61"/>
                <Margin Top="0.5" Left="0.5" Right="0.5" Bottom="0.5"/>
            </TextBox>
        </Style>
        <Position X="0.92" Y="0.025" Z="0"/>
    </PageNumber>
    <Display-Styles>
        <Item Index="0" Active="0">
            <CurveStyle LineFont="1" Direction="0" LineWidth="2" PointMarker="0" OutlineColor="55"/>
            <BarStyle BarDepth="50" BarWidth="50" FillColor="69" ColorOption="0" PointMarker="0" ShowOutline="1" OutlineColor="55"/>
            <PlateStyle Direction="0" FillColor="69" ColorOption="0" PointMarker="0" ShowOutline="1" OutlineColor="55"/>
            <SurfaceStyle FillColor="69" ColorOption="0" PointMarker="0" ShowOutline="1" OutlineColor="55"/>
            <ScatterStyle Color="55" PointMarker="1"/>
        </Item>
        <Item Index="1" Active="0">
            <CurveStyle LineFont="1" Direction="0" LineWidth="2" PointMarker="0" OutlineColor="55"/>
            <BarStyle BarDepth="50" BarWidth="50" FillColor="69" ColorOption="0" PointMarker="0" ShowOutline="1" OutlineColor="55"/>
            <PlateStyle Direction="0" FillColor="69" ColorOption="0" PointMarker="0" ShowOutline="1" OutlineColor="55"/>
            <SurfaceStyle FillColor="69" ColorOption="0" PointMarker="0" ShowOutline="1" OutlineColor="55"/>
            <ScatterStyle Color="55" PointMarker="1"/>
        </Item>
        <Item Index="2" Active="0">
            <CurveStyle LineFont="1" Direction="0" LineWidth="2" PointMarker="0" OutlineColor="55"/>
            <BarStyle BarDepth="50" BarWidth="50" FillColor="69" ColorOption="0" PointMarker="0" ShowOutline="1" OutlineColor="55"/>
            <PlateStyle Direction="0" FillColor="69" ColorOption="0" PointMarker="0" ShowOutline="1" OutlineColor="55"/>
            <SurfaceStyle FillColor="69" ColorOption="0" PointMarker="0" ShowOutline="1" OutlineColor="55"/>
            <ScatterStyle Color="55" PointMarker="1"/>
        </Item>
        <Item Index="3" Active="0">
            <CurveStyle LineFont="1" Direction="0" LineWidth="2" PointMarker="0" OutlineColor="55"/>
            <BarStyle BarDepth="50" BarWidth="50" FillColor="69" ColorOption="0" PointMarker="0" ShowOutline="1" OutlineColor="55"/>
            <PlateStyle Direction="0" FillColor="69" ColorOption="0" PointMarker="0" ShowOutline="1" OutlineColor="55"/>
            <SurfaceStyle FillColor="69" ColorOption="0" PointMarker="0" ShowOutline="1" OutlineColor="55"/>
            <ScatterStyle Color="55" PointMarker="1"/>
        </Item>
        <Item Index="4" Active="0">
            <CurveStyle LineFont="1" Direction="0" LineWidth="2" PointMarker="0" OutlineColor="55"/>
            <BarStyle BarDepth="50" BarWidth="50" FillColor="69" ColorOption="0" PointMarker="0" ShowOutline="1" OutlineColor="55"/>
            <PlateStyle Direction="0" FillColor="69" ColorOption="0" PointMarker="0" ShowOutline="1" OutlineColor="55"/>
            <SurfaceStyle FillColor="69" ColorOption="0" PointMarker="0" ShowOutline="1" OutlineColor="55"/>
            <ScatterStyle Color="55" PointMarker="1"/>
        </Item>
        <Item Index="5" Active="0">
            <CurveStyle LineFont="1" Direction="0" LineWidth="2" PointMarker="0" OutlineColor="55"/>
            <BarStyle BarDepth="50" BarWidth="50" FillColor="69" ColorOption="0" PointMarker="0" ShowOutline="1" OutlineColor="55"/>
            <PlateStyle Direction="0" FillColor="69" ColorOption="0" PointMarker="0" ShowOutline="1" OutlineColor="55"/>
            <SurfaceStyle FillColor="69" ColorOption="0" PointMarker="0" ShowOutline="1" OutlineColor="55"/>
            <ScatterStyle Color="55" PointMarker="1"/>
        </Item>
        <Item Index="6" Active="0">
            <CurveStyle LineFont="1" Direction="0" LineWidth="2" PointMarker="0" OutlineColor="55"/>
            <BarStyle BarDepth="50" BarWidth="50" FillColor="69" ColorOption="0" PointMarker="0" ShowOutline="1" OutlineColor="55"/>
            <PlateStyle Direction="0" FillColor="69" ColorOption="0" PointMarker="0" ShowOutline="1" OutlineColor="55"/>
            <SurfaceStyle FillColor="69" ColorOption="0" PointMarker="0" ShowOutline="1" OutlineColor="55"/>
            <ScatterStyle Color="55" PointMarker="1"/>
        </Item>
        <Item Index="7" Active="0">
            <CurveStyle LineFont="1" Direction="0" LineWidth="2" PointMarker="0" OutlineColor="55"/>
            <BarStyle BarDepth="50" BarWidth="50" FillColor="69" ColorOption="0" PointMarker="0" ShowOutline="1" OutlineColor="55"/>
            <PlateStyle Direction="0" FillColor="69" ColorOption="0" PointMarker="0" ShowOutline="1" OutlineColor="55"/>
            <SurfaceStyle FillColor="69" ColorOption="0" PointMarker="0" ShowOutline="1" OutlineColor="55"/>
            <ScatterStyle Color="55" PointMarker="1"/>
        </Item>
        <Item Index="8" Active="0">
            <CurveStyle LineFont="1" Direction="0" LineWidth="2" PointMarker="0" OutlineColor="55"/>
            <BarStyle BarDepth="50" BarWidth="50" FillColor="69" ColorOption="0" PointMarker="0" ShowOutline="1" OutlineColor="55"/>
            <PlateStyle Direction="0" FillColor="69" ColorOption="0" PointMarker="0" ShowOutline="1" OutlineColor="55"/>
            <SurfaceStyle FillColor="69" ColorOption="0" PointMarker="0" ShowOutline="1" OutlineColor="55"/>
            <ScatterStyle Color="55" PointMarker="1"/>
        </Item>
        <Item Index="9" Active="0">
            <CurveStyle LineFont="1" Direction="0" LineWidth="2" PointMarker="0" OutlineColor="55"/>
            <BarStyle BarDepth="50" BarWidth="50" FillColor="69" ColorOption="0" PointMarker="0" ShowOutline="1" OutlineColor="55"/>
            <PlateStyle Direction="0" FillColor="69" ColorOption="0" PointMarker="0" ShowOutline="1" OutlineColor="55"/>
            <SurfaceStyle FillColor="69" ColorOption="0" PointMarker="0" ShowOutline="1" OutlineColor="55"/>
            <ScatterStyle Color="55" PointMarker="1"/>
        </Item>
        <Item Index="10" Active="0">
            <CurveStyle LineFont="1" Direction="0" LineWidth="2" PointMarker="0" OutlineColor="55"/>
            <BarStyle BarDepth="50" BarWidth="50" FillColor="69" ColorOption="0" PointMarker="0" ShowOutline="1" OutlineColor="55"/>
            <PlateStyle Direction="0" FillColor="69" ColorOption="0" PointMarker="0" ShowOutline="1" OutlineColor="55"/>
            <SurfaceStyle FillColor="69" ColorOption="0" PointMarker="0" ShowOutline="1" OutlineColor="55"/>
            <ScatterStyle Color="55" PointMarker="1"/>
        </Item>
        <Item Index="11" Active="0">
            <CurveStyle LineFont="1" Direction="0" LineWidth="2" PointMarker="0" OutlineColor="55"/>
            <BarStyle BarDepth="50" BarWidth="50" FillColor="69" ColorOption="0" PointMarker="0" ShowOutline="1" OutlineColor="55"/>
            <PlateStyle Direction="0" FillColor="69" ColorOption="0" PointMarker="0" ShowOutline="1" OutlineColor="55"/>
            <SurfaceStyle FillColor="69" ColorOption="0" PointMarker="0" ShowOutline="1" OutlineColor="55"/>
            <ScatterStyle Color="55" PointMarker="1"/>
        </Item>
        <Item Index="12" Active="0">
            <CurveStyle LineFont="1" Direction="0" LineWidth="2" PointMarker="0" OutlineColor="55"/>
            <BarStyle BarDepth="50" BarWidth="50" FillColor="69" ColorOption="0" PointMarker="0" ShowOutline="1" OutlineColor="55"/>
            <PlateStyle Direction="0" FillColor="69" ColorOption="0" PointMarker="0" ShowOutline="1" OutlineColor="55"/>
            <SurfaceStyle FillColor="69" ColorOption="0" PointMarker="0" ShowOutline="1" OutlineColor="55"/>
            <ScatterStyle Color="55" PointMarker="1"/>
        </Item>
        <Item Index="13" Active="0">
            <CurveStyle LineFont="1" Direction="0" LineWidth="2" PointMarker="0" OutlineColor="55"/>
            <BarStyle BarDepth="50" BarWidth="50" FillColor="69" ColorOption="0" PointMarker="0" ShowOutline="1" OutlineColor="55"/>
            <PlateStyle Direction="0" FillColor="69" ColorOption="0" PointMarker="0" ShowOutline="1" OutlineColor="55"/>
            <SurfaceStyle FillColor="69" ColorOption="0" PointMarker="0" ShowOutline="1" OutlineColor="55"/>
            <ScatterStyle Color="55" PointMarker="1"/>
        </Item>
        <Item Index="14" Active="0">
            <CurveStyle LineFont="1" Direction="0" LineWidth="2" PointMarker="0" OutlineColor="55"/>
            <BarStyle BarDepth="50" BarWidth="50" FillColor="69" ColorOption="0" PointMarker="0" ShowOutline="1" OutlineColor="55"/>
            <PlateStyle Direction="0" FillColor="69" ColorOption="0" PointMarker="0" ShowOutline="1" OutlineColor="55"/>
            <SurfaceStyle FillColor="69" ColorOption="0" PointMarker="0" ShowOutline="1" OutlineColor="55"/>
            <ScatterStyle Color="55" PointMarker="1"/>
        </Item>
        <Item Index="15" Active="0">
            <CurveStyle LineFont="1" Direction="0" LineWidth="2" PointMarker="0" OutlineColor="55"/>
            <BarStyle BarDepth="50" BarWidth="50" FillColor="69" ColorOption="0" PointMarker="0" ShowOutline="1" OutlineColor="55"/>
            <PlateStyle Direction="0" FillColor="69" ColorOption="0" PointMarker="0" ShowOutline="1" OutlineColor="55"/>
            <SurfaceStyle FillColor="69" ColorOption="0" PointMarker="0" ShowOutline="1" OutlineColor="55"/>
            <ScatterStyle Color="55" PointMarker="1"/>
        </Item>
        <Item Index="16" Active="0">
            <CurveStyle LineFont="1" Direction="0" LineWidth="2" PointMarker="0" OutlineColor="55"/>
            <BarStyle BarDepth="50" BarWidth="50" FillColor="69" ColorOption="0" PointMarker="0" ShowOutline="1" OutlineColor="55"/>
            <PlateStyle Direction="0" FillColor="69" ColorOption="0" PointMarker="0" ShowOutline="1" OutlineColor="55"/>
            <SurfaceStyle FillColor="69" ColorOption="0" PointMarker="0" ShowOutline="1" OutlineColor="55"/>
            <ScatterStyle Color="55" PointMarker="1"/>
        </Item>
        <Item Index="17" Active="0">
            <CurveStyle LineFont="1" Direction="0" LineWidth="2" PointMarker="0" OutlineColor="55"/>
            <BarStyle BarDepth="50" BarWidth="50" FillColor="69" ColorOption="0" PointMarker="0" ShowOutline="1" OutlineColor="55"/>
            <PlateStyle Direction="0" FillColor="69" ColorOption="0" PointMarker="0" ShowOutline="1" OutlineColor="55"/>
            <SurfaceStyle FillColor="69" ColorOption="0" PointMarker="0" ShowOutline="1" OutlineColor="55"/>
            <ScatterStyle Color="55" PointMarker="1"/>
        </Item>
        <Item Index="18" Active="0">
            <CurveStyle LineFont="1" Direction="0" LineWidth="2" PointMarker="0" OutlineColor="55"/>
            <BarStyle BarDepth="50" BarWidth="50" FillColor="69" ColorOption="0" PointMarker="0" ShowOutline="1" OutlineColor="55"/>
            <PlateStyle Direction="0" FillColor="69" ColorOption="0" PointMarker="0" ShowOutline="1" OutlineColor="55"/>
            <SurfaceStyle FillColor="69" ColorOption="0" PointMarker="0" ShowOutline="1" OutlineColor="55"/>
            <ScatterStyle Color="55" PointMarker="1"/>
        </Item>
        <Item Index="19" Active="0">
            <CurveStyle LineFont="1" Direction="0" LineWidth="2" PointMarker="0" OutlineColor="55"/>
            <BarStyle BarDepth="50" BarWidth="50" FillColor="69" ColorOption="0" PointMarker="0" ShowOutline="1" OutlineColor="55"/>
            <PlateStyle Direction="0" FillColor="69" ColorOption="0" PointMarker="0" ShowOutline="1" OutlineColor="55"/>
            <SurfaceStyle FillColor="69" ColorOption="0" PointMarker="0" ShowOutline="1" OutlineColor="55"/>
            <ScatterStyle Color="55" PointMarker="1"/>
        </Item>
    </Display-Styles>
    <Grid>
        <Layout>
            <Line Font="1" Color="173" Width="2" DenseColor="44"/>
            <Background Color="61" Enabled="0"/>
            <Contouring Type="0" Level="4" Enabled="0"/>
            <XYPlane Type="3"/>
            <ZYPlane Type="3"/>
        </Layout>
        <Divisions>
            <Item Index="0" IsAuto="1" TicksPerGrid="4" UnitsPerGrid="0"/>
            <Item Index="1" IsAuto="1" TicksPerGrid="4" UnitsPerGrid="0"/>
            <Item Index="2" IsAuto="1" TicksPerGrid="4" UnitsPerGrid="0"/>
            <Item Index="3" IsAuto="1" TicksPerGrid="4" UnitsPerGrid="0"/>
            <Item Index="4" IsAuto="1" TicksPerGrid="4" UnitsPerGrid="0"/>
            <Item Index="5" IsAuto="1" TicksPerGrid="4" UnitsPerGrid="0"/>
            <Item Index="6" IsAuto="1" TicksPerGrid="4" UnitsPerGrid="0"/>
            <Item Index="7" IsAuto="1" TicksPerGrid="4" UnitsPerGrid="0"/>
            <Item Index="8" IsAuto="1" TicksPerGrid="4" UnitsPerGrid="0"/>
            <Item Index="9" IsAuto="1" TicksPerGrid="4" UnitsPerGrid="0"/>
            <Item Index="10" IsAuto="1" TicksPerGrid="4" UnitsPerGrid="0"/>
            <Item Index="11" IsAuto="1" TicksPerGrid="4" UnitsPerGrid="0"/>
        </Divisions>
    </Grid>
    <X-Axis>
        <Type Value="0" Overhead="0">
            <Log LogDecades="0"/>
            <Db dBRef="1000" dBScale="10" dBDecades="0"/>
        </Type>
        <Units Count="31" UnitSystem="0">
            <Item Type="0" Unit="0" RangeMax="0" RangeMin="0" RangeAuto="1"/>
            <Item Type="1" Unit="2" RangeMax="0" RangeMin="0" RangeAuto="1"/>
            <Item Type="2" Unit="5" RangeMax="0" RangeMin="0" RangeAuto="1"/>
            <Item Type="3" Unit="8" RangeMax="0" RangeMin="0" RangeAuto="1"/>
            <Item Type="4" Unit="11" RangeMax="0" RangeMin="0" RangeAuto="1"/>
            <Item Type="5" Unit="14" RangeMax="0" RangeMin="0" RangeAuto="1"/>
            <Item Type="6" Unit="15" RangeMax="0" RangeMin="0" RangeAuto="1"/>
            <Item Type="7" Unit="21" RangeMax="0" RangeMin="0" RangeAuto="1"/>
            <Item Type="8" Unit="25" RangeMax="0" RangeMin="0" RangeAuto="1"/>
            <Item Type="9" Unit="29" RangeMax="0" RangeMin="0" RangeAuto="1"/>
            <Item Type="10" Unit="31" RangeMax="0" RangeMin="0" RangeAuto="1"/>
            <Item Type="11" Unit="33" RangeMax="0" RangeMin="0" RangeAuto="1"/>
            <Item Type="12" Unit="36" RangeMax="0" RangeMin="0" RangeAuto="1"/>
            <Item Type="13" Unit="41" RangeMax="0" RangeMin="0" RangeAuto="1"/>
            <Item Type="14" Unit="48" RangeMax="0" RangeMin="0" RangeAuto="1"/>
            <Item Type="15" Unit="51" RangeMax="0" RangeMin="0" RangeAuto="1"/>
            <Item Type="16" Unit="53" RangeMax="0" RangeMin="0" RangeAuto="1"/>
            <Item Type="17" Unit="54" RangeMax="0" RangeMin="0" RangeAuto="1"/>
            <Item Type="18" Unit="55" RangeMax="0" RangeMin="0" RangeAuto="1"/>
            <Item Type="19" Unit="84" RangeMax="0" RangeMin="0" RangeAuto="1"/>
            <Item Type="20" Unit="57" RangeMax="0" RangeMin="0" RangeAuto="1"/>
            <Item Type="21" Unit="62" RangeMax="0" RangeMin="0" RangeAuto="1"/>
            <Item Type="22" Unit="67" RangeMax="0" RangeMin="0" RangeAuto="1"/>
            <Item Type="23" Unit="71" RangeMax="0" RangeMin="0" RangeAuto="1"/>
            <Item Type="24" Unit="76" RangeMax="0" RangeMin="0" RangeAuto="1"/>
            <Item Type="25" Unit="85" RangeMax="0" RangeMin="0" RangeAuto="1"/>
            <Item Type="26" Unit="86" RangeMax="0" RangeMin="0" RangeAuto="1"/>
            <Item Type="27" Unit="87" RangeMax="0" RangeMin="0" RangeAuto="1"/>
            <Item Type="28" Unit="88" RangeMax="0" RangeMin="0" RangeAuto="1"/>
            <Item Type="29" Unit="80" RangeMax="0" RangeMin="0" RangeAuto="1"/>
            <Item Type="30" Unit="82" RangeMax="0" RangeMin="0" RangeAuto="1"/>
        </Units>
        <Label>
            <TextLines IsAuto="1"/>
            <Style Angle="0" Color="173" TextJust="0" NumFormat="0" useGlobalFontSetting="1">
                <GlobalFont automaticScaling="1" fontScale="1.5" />
                <LocalFont FontType="0" Size="3">
                    <NXFont Font="ideas_simplex"  Thickness="0" />
                    <StandardFont Font="Times New Roman" fontStyle="0"/>
                </LocalFont>
                <TextBox Enabled="0">
                    <Style Color="173" Filled="0" FillColor="61"/>
                    <Margin Top="0.5" Left="0.5" Right="0.5" Bottom="0.5"/>
                </TextBox>
            </Style>
            <Position X="0.5" Y="0.4" Z="0"/>
        </Label>
        <Number>
            <Style Angle="0" Color="173" TextJust="0" NumFormat="0" useGlobalFontSetting="1">
                <GlobalFont automaticScaling="1" fontScale="1.0" />
                <LocalFont FontType="0" Size="2">
                    <NXFont Font="ideas_simplex"  Thickness="0" />
                    <StandardFont Font="Times New Roman" fontStyle="0"/>
                </LocalFont>
                <TextBox Enabled="0">
                    <Style Color="173" Filled="0" FillColor="61"/>
                    <Margin Top="0.5" Left="0.5" Right="0.5" Bottom="0.5"/>
                </TextBox>
            </Style>
            <Position X="0" Y="0.7" Z="0"/>
        </Number>
    </X-Axis>
    <Y-Axis>
        <Type Value="0" Overhead="5">
            <Log LogDecades="0"/>
            <Db dBRef="1000" dBScale="10" dBDecades="0"/>
        </Type>
        <Units Count="31" UnitSystem="0">
            <Item Type="0" Unit="0" RangeMax="0" RangeMin="0" RangeAuto="1"/>
            <Item Type="1" Unit="2" RangeMax="0" RangeMin="0" RangeAuto="1"/>
            <Item Type="2" Unit="5" RangeMax="0" RangeMin="0" RangeAuto="1"/>
            <Item Type="3" Unit="8" RangeMax="0" RangeMin="0" RangeAuto="1"/>
            <Item Type="4" Unit="11" RangeMax="0" RangeMin="0" RangeAuto="1"/>
            <Item Type="5" Unit="14" RangeMax="0" RangeMin="0" RangeAuto="1"/>
            <Item Type="6" Unit="15" RangeMax="0" RangeMin="0" RangeAuto="1"/>
            <Item Type="7" Unit="21" RangeMax="0" RangeMin="0" RangeAuto="1"/>
            <Item Type="8" Unit="25" RangeMax="0" RangeMin="0" RangeAuto="1"/>
            <Item Type="9" Unit="29" RangeMax="0" RangeMin="0" RangeAuto="1"/>
            <Item Type="10" Unit="31" RangeMax="0" RangeMin="0" RangeAuto="1"/>
            <Item Type="11" Unit="33" RangeMax="0" RangeMin="0" RangeAuto="1"/>
            <Item Type="12" Unit="36" RangeMax="0" RangeMin="0" RangeAuto="1"/>
            <Item Type="13" Unit="41" RangeMax="0" RangeMin="0" RangeAuto="1"/>
            <Item Type="14" Unit="48" RangeMax="0" RangeMin="0" RangeAuto="1"/>
            <Item Type="15" Unit="51" RangeMax="0" RangeMin="0" RangeAuto="1"/>
            <Item Type="16" Unit="53" RangeMax="0" RangeMin="0" RangeAuto="1"/>
            <Item Type="17" Unit="54" RangeMax="0" RangeMin="0" RangeAuto="1"/>
            <Item Type="18" Unit="55" RangeMax="0" RangeMin="0" RangeAuto="1"/>
            <Item Type="19" Unit="84" RangeMax="0" RangeMin="0" RangeAuto="1"/>
            <Item Type="20" Unit="57" RangeMax="0" RangeMin="0" RangeAuto="1"/>
            <Item Type="21" Unit="62" RangeMax="0" RangeMin="0" RangeAuto="1"/>
            <Item Type="22" Unit="67" RangeMax="0" RangeMin="0" RangeAuto="1"/>
            <Item Type="23" Unit="71" RangeMax="0" RangeMin="0" RangeAuto="1"/>
            <Item Type="24" Unit="76" RangeMax="0" RangeMin="0" RangeAuto="1"/>
            <Item Type="25" Unit="85" RangeMax="0" RangeMin="0" RangeAuto="1"/>
            <Item Type="26" Unit="86" RangeMax="0" RangeMin="0" RangeAuto="1"/>
            <Item Type="27" Unit="87" RangeMax="0" RangeMin="0" RangeAuto="1"/>
            <Item Type="28" Unit="88" RangeMax="0" RangeMin="0" RangeAuto="1"/>
            <Item Type="29" Unit="80" RangeMax="0" RangeMin="0" RangeAuto="1"/>
            <Item Type="30" Unit="82" RangeMax="0" RangeMin="0" RangeAuto="1"/>
        </Units>
        <Label>
            <TextLines IsAuto="1"/>
            <Style Angle="90" Color="173" TextJust="0" NumFormat="0" useGlobalFontSetting="1">
                <GlobalFont automaticScaling="1" fontScale="1.5" />
                <LocalFont FontType="0" Size="3">
                    <NXFont Font="ideas_simplex"  Thickness="0" />
                    <StandardFont Font="Times New Roman" fontStyle="0"/>
                </LocalFont>
                <TextBox Enabled="0">
                    <Style Color="173" Filled="0" FillColor="61"/>
                    <Margin Top="0.5" Left="0.5" Right="0.5" Bottom="0.5"/>
                </TextBox>
            </Style>
            <Position X="0.3" Y="0.5" Z="0"/>
        </Label>
        <Number>
            <Style Angle="0" Color="173" TextJust="0" NumFormat="0" useGlobalFontSetting="1">
                <GlobalFont automaticScaling="1" fontScale="1.0" />
                <LocalFont FontType="0" Size="2">
                    <NXFont Font="ideas_simplex"  Thickness="0" />
                    <StandardFont Font="Times New Roman" fontStyle="0"/>
                </LocalFont>
                <TextBox Enabled="0">
                    <Style Color="173" Filled="0" FillColor="61"/>
                    <Margin Top="0.5" Left="0.5" Right="0.5" Bottom="0.5"/>
                </TextBox>
            </Style>
            <Position X="0.65" Y="0" Z="0"/>
        </Number>
    </Y-Axis>
    <Z-Axis>
        <Type Value="0" Overhead="0">
            <Log LogDecades="0"/>
            <Db dBRef="1000" dBScale="10" dBDecades="0"/>
        </Type>
        <Units Count="31" UnitSystem="0">
            <Item Type="0" Unit="0" RangeMax="0" RangeMin="0" RangeAuto="1"/>
            <Item Type="1" Unit="2" RangeMax="0" RangeMin="0" RangeAuto="1"/>
            <Item Type="2" Unit="5" RangeMax="0" RangeMin="0" RangeAuto="1"/>
            <Item Type="3" Unit="8" RangeMax="0" RangeMin="0" RangeAuto="1"/>
            <Item Type="4" Unit="11" RangeMax="0" RangeMin="0" RangeAuto="1"/>
            <Item Type="5" Unit="14" RangeMax="0" RangeMin="0" RangeAuto="1"/>
            <Item Type="6" Unit="15" RangeMax="0" RangeMin="0" RangeAuto="1"/>
            <Item Type="7" Unit="21" RangeMax="0" RangeMin="0" RangeAuto="1"/>
            <Item Type="8" Unit="25" RangeMax="0" RangeMin="0" RangeAuto="1"/>
            <Item Type="9" Unit="29" RangeMax="0" RangeMin="0" RangeAuto="1"/>
            <Item Type="10" Unit="31" RangeMax="0" RangeMin="0" RangeAuto="1"/>
            <Item Type="11" Unit="33" RangeMax="0" RangeMin="0" RangeAuto="1"/>
            <Item Type="12" Unit="36" RangeMax="0" RangeMin="0" RangeAuto="1"/>
            <Item Type="13" Unit="41" RangeMax="0" RangeMin="0" RangeAuto="1"/>
            <Item Type="14" Unit="48" RangeMax="0" RangeMin="0" RangeAuto="1"/>
            <Item Type="15" Unit="51" RangeMax="0" RangeMin="0" RangeAuto="1"/>
            <Item Type="16" Unit="53" RangeMax="0" RangeMin="0" RangeAuto="1"/>
            <Item Type="17" Unit="54" RangeMax="0" RangeMin="0" RangeAuto="1"/>
            <Item Type="18" Unit="55" RangeMax="0" RangeMin="0" RangeAuto="1"/>
            <Item Type="19" Unit="84" RangeMax="0" RangeMin="0" RangeAuto="1"/>
            <Item Type="20" Unit="57" RangeMax="0" RangeMin="0" RangeAuto="1"/>
            <Item Type="21" Unit="62" RangeMax="0" RangeMin="0" RangeAuto="1"/>
            <Item Type="22" Unit="67" RangeMax="0" RangeMin="0" RangeAuto="1"/>
            <Item Type="23" Unit="71" RangeMax="0" RangeMin="0" RangeAuto="1"/>
            <Item Type="24" Unit="76" RangeMax="0" RangeMin="0" RangeAuto="1"/>
            <Item Type="25" Unit="85" RangeMax="0" RangeMin="0" RangeAuto="1"/>
            <Item Type="26" Unit="86" RangeMax="0" RangeMin="0" RangeAuto="1"/>
            <Item Type="27" Unit="87" RangeMax="0" RangeMin="0" RangeAuto="1"/>
            <Item Type="28" Unit="88" RangeMax="0" RangeMin="0" RangeAuto="1"/>
            <Item Type="29" Unit="80" RangeMax="0" RangeMin="0" RangeAuto="1"/>
            <Item Type="30" Unit="82" RangeMax="0" RangeMin="0" RangeAuto="1"/>
        </Units>
        <Label>
            <TextLines IsAuto="1"/>
            <Style Angle="0" Color="173" TextJust="0" NumFormat="0" useGlobalFontSetting="1">
                <GlobalFont automaticScaling="1" fontScale="1.5" />
                <LocalFont FontType="0" Size="3">
                    <NXFont Font="ideas_simplex"  Thickness="0" />
                    <StandardFont Font="Times New Roman" fontStyle="0"/>
                </LocalFont>
                <TextBox Enabled="0">
                    <Style Color="173" Filled="0" FillColor="61"/>
                    <Margin Top="0.5" Left="0.5" Right="0.5" Bottom="0.5"/>
                </TextBox>
            </Style>
            <Position X="0.5" Y="0.4" Z="0"/>
        </Label>
        <Number>
            <Style Angle="0" Color="173" TextJust="0" NumFormat="0" useGlobalFontSetting="1">
                <GlobalFont automaticScaling="1" fontScale="1.0" />
                <LocalFont FontType="0" Size="2">
                    <NXFont Font="ideas_simplex"  Thickness="0" />
                    <StandardFont Font="Times New Roman" fontStyle="0"/>
                </LocalFont>
                <TextBox Enabled="0">
                    <Style Color="173" Filled="0" FillColor="61"/>
                    <Margin Top="0.5" Left="0.5" Right="0.5" Bottom="0.5"/>
                </TextBox>
            </Style>
            <Position X="0" Y="0.7" Z="0"/>
        </Number>
    </Z-Axis>
</XYPLOT-GraphTemplate3D>
