<?xml version="1.0" encoding="UTF-8" ?><mat:GraphStructureFile xmlns:mat="urn:materialise"><GraphStructure><GraphEdge><vertex1 x="-37.5 " y="-2.59799 " z="4.33009 " diameter="1 "></vertex1><vertex2 x="-40.5 " y="-2.59799 " z="4.33009 " diameter="1 "></vertex2></GraphEdge><GraphEdge><vertex1 x="-38 " y="-1.732 " z="2.5981 " diameter="1 "></vertex1><vertex2 x="-37.5 " y="-2.59799 " z="4.33009 " diameter="1 "></vertex2></GraphEdge><GraphEdge><vertex1 x="-37.5 " y="-2.59799 " z="4.33009 " diameter="1 "></vertex1><vertex2 x="-38 " y="-1.732 " z="6.06219 " diameter="1 "></vertex2></GraphEdge><GraphEdge><vertex1 x="-40 " y="-1.732 " z="6.06219 " diameter="1 "></vertex1><vertex2 x="-40.832 " y="0 " z="6.6169 " diameter="1 "></vertex2></GraphEdge><GraphEdge><vertex1 x="-40.832 " y="0 " z="6.6169 " diameter="1 "></vertex1><vertex2 x="-40 " y="1.732 " z="6.06219 " diameter="1 "></vertex2></GraphEdge><GraphEdge><vertex1 x="-38 " y="1.732 " z="2.5981 " diameter="1 "></vertex1><vertex2 x="-37.5 " y="2.59799 " z="4.33009 " diameter="1 "></vertex2></GraphEdge><GraphEdge><vertex1 x="-37.5 " y="2.59799 " z="4.33009 " diameter="1 "></vertex1><vertex2 x="-38 " y="1.732 " z="6.06219 " diameter="1 "></vertex2></GraphEdge><GraphEdge><vertex1 x="-40 " y="1.732 " z="2.5981 " diameter="1 "></vertex1><vertex2 x="-40.5 " y="2.59799 " z="4.33009 " diameter="1 "></vertex2></GraphEdge><GraphEdge><vertex1 x="-40.5 " y="2.59799 " z="4.33009 " diameter="1 "></vertex1><vertex2 x="-40 " y="1.732 " z="6.06219 " diameter="1 "></vertex2></GraphEdge><GraphEdge><vertex1 x="-38 " y="-1.732 " z="2.5981 " diameter="1 "></vertex1><vertex2 x="-37.1679 " y="0 " z="2.04329 " diameter="1 "></vertex2></GraphEdge><GraphEdge><vertex1 x="-37.1679 " y="0 " z="2.04329 " diameter="1 "></vertex1><vertex2 x="-38 " y="1.732 " z="2.5981 " diameter="1 "></vertex2></GraphEdge><GraphEdge><vertex1 x="-40 " y="-1.732 " z="2.5981 " diameter="1 "></vertex1><vertex2 x="-40.5 " y="-2.59799 " z="4.33009 " diameter="1 "></vertex2></GraphEdge><GraphEdge><vertex1 x="-40.5 " y="-2.59799 " z="4.33009 " diameter="1 "></vertex1><vertex2 x="-40 " y="-1.732 " z="6.06219 " diameter="1 "></vertex2></GraphEdge><GraphEdge><vertex1 x="-40.832 " y="0 " z="2.04329 " diameter="1 "></vertex1><vertex2 x="-42 " y="0 " z="4.33009 " diameter="1 "></vertex2></GraphEdge><GraphEdge><vertex1 x="-42 " y="0 " z="4.33009 " diameter="1 "></vertex1><vertex2 x="-40.832 " y="0 " z="6.6169 " diameter="1 "></vertex2></GraphEdge><GraphEdge><vertex1 x="-40 " y="-1.732 " z="2.5981 " diameter="1 "></vertex1><vertex2 x="-40.832 " y="0 " z="2.04329 " diameter="1 "></vertex2></GraphEdge><GraphEdge><vertex1 x="-40.832 " y="0 " z="2.04329 " diameter="1 "></vertex1><vertex2 x="-40 " y="1.732 " z="2.5981 " diameter="1 "></vertex2></GraphEdge><GraphEdge><vertex1 x="-37.1679 " y="0 " z="2.04329 " diameter="1 "></vertex1><vertex2 x="-36 " y="0 " z="4.33009 " diameter="1 "></vertex2></GraphEdge><GraphEdge><vertex1 x="-36 " y="0 " z="4.33009 " diameter="1 "></vertex1><vertex2 x="-37.1679 " y="0 " z="6.6169 " diameter="1 "></vertex2></GraphEdge><GraphEdge><vertex1 x="-38 " y="-1.732 " z="6.06219 " diameter="1 "></vertex1><vertex2 x="-37.1679 " y="0 " z="6.6169 " diameter="1 "></vertex2></GraphEdge><GraphEdge><vertex1 x="-37.1679 " y="0 " z="6.6169 " diameter="1 "></vertex1><vertex2 x="-38 " y="1.732 " z="6.06219 " diameter="1 "></vertex2></GraphEdge><GraphEdge><vertex1 x="-37.5 " y="2.59799 " z="4.33009 " diameter="1 "></vertex1><vertex2 x="-40.5 " y="2.59799 " z="4.33009 " diameter="1 "></vertex2></GraphEdge></GraphStructure></mat:GraphStructureFile>
