<?xml version="1.0" encoding="UTF-8" ?><mat:GraphStructureFile xmlns:mat="urn:materialise"><GraphStructure>
  <GraphEdge>
    <vertex1 x="-65 " y="1.732 " z="2 " diameter="1 "></vertex1>
    <vertex2 x="-68 " y="3.4641 " z="2 " diameter="1 "></vertex2>
  </GraphEdge>
  <GraphEdge>
    <vertex1 x="-65 " y="-1.732 " z="2 " diameter="1 "></vertex1>
    <vertex2 x="-68 " y="-3.4641 " z="2 " diameter="1 "></vertex2>
  </GraphEdge><GraphEdge><vertex1 x="-68 " y="0 " z="-2 " diameter="1 "></vertex1><vertex2 x="-68 " y="-3.4641 " z="-2 " diameter="1 "></vertex2></GraphEdge><GraphEdge><vertex1 x="-68 " y="0 " z="2 " diameter="1 "></vertex1><vertex2 x="-65 " y="1.732 " z="2 " diameter="1 "></vertex2></GraphEdge><GraphEdge><vertex1 x="-71 " y="1.732 " z="-2 " diameter="1 "></vertex1><vertex2 x="-69 " y="1.732 " z="0 " diameter="1 "></vertex2></GraphEdge><GraphEdge><vertex1 x="-68 " y="0 " z="-2 " diameter="1 "></vertex1><vertex2 x="-71 " y="1.732 " z="-2 " diameter="1 "></vertex2></GraphEdge><GraphEdge><vertex1 x="-65 " y="-1.732 " z="-2 " diameter="1 "></vertex1><vertex2 x="-68 " y="0 " z="-2 " diameter="1 "></vertex2></GraphEdge><GraphEdge><vertex1 x="-65 " y="-1.732 " z="-2 " diameter="1 "></vertex1><vertex2 x="-66 " y="0 " z="0 " diameter="1 "></vertex2></GraphEdge><GraphEdge><vertex1 x="-66 " y="0 " z="0 " diameter="1 "></vertex1><vertex2 x="-68 " y="0 " z="-2 " diameter="1 "></vertex2></GraphEdge><GraphEdge><vertex1 x="-65 " y="1.732 " z="-2 " diameter="1 "></vertex1><vertex2 x="-65 " y="-1.732 " z="-2 " diameter="1 "></vertex2></GraphEdge><GraphEdge><vertex1 x="-65 " y="1.732 " z="-2 " diameter="1 "></vertex1><vertex2 x="-67 " y="1.732 " z="0 " diameter="1 "></vertex2></GraphEdge><GraphEdge><vertex1 x="-68 " y="3.4641 " z="-2 " diameter="1 "></vertex1><vertex2 x="-68 " y="0 " z="-2 " diameter="1 "></vertex2></GraphEdge><GraphEdge><vertex1 x="-68 " y="3.4641 " z="-2 " diameter="1 "></vertex1><vertex2 x="-69 " y="1.732 " z="0 " diameter="1 "></vertex2></GraphEdge><GraphEdge><vertex1 x="-71 " y="1.732 " z="-2 " diameter="1 "></vertex1><vertex2 x="-68 " y="3.4641 " z="-2 " diameter="1 "></vertex2></GraphEdge><GraphEdge><vertex1 x="-69 " y="1.732 " z="0 " diameter="1 "></vertex1><vertex2 x="-68 " y="0 " z="-2 " diameter="1 "></vertex2></GraphEdge><GraphEdge><vertex1 x="-70 " y="0 " z="0 " diameter="1 "></vertex1><vertex2 x="-68 " y="0 " z="-2 " diameter="1 "></vertex2></GraphEdge><GraphEdge><vertex1 x="-71 " y="1.732 " z="-2 " diameter="1 "></vertex1><vertex2 x="-70 " y="0 " z="0 " diameter="1 "></vertex2></GraphEdge><GraphEdge><vertex1 x="-71 " y="-1.732 " z="-2 " diameter="1 "></vertex1><vertex2 x="-71 " y="1.732 " z="-2 " diameter="1 "></vertex2></GraphEdge><GraphEdge><vertex1 x="-71 " y="-1.732 " z="-2 " diameter="1 "></vertex1><vertex2 x="-70 " y="0 " z="0 " diameter="1 "></vertex2></GraphEdge><GraphEdge><vertex1 x="-67 " y="1.732 " z="0 " diameter="1 "></vertex1><vertex2 x="-68 " y="0 " z="-2 " diameter="1 "></vertex2></GraphEdge><GraphEdge><vertex1 x="-68 " y="3.4641 " z="2 " diameter="1 "></vertex1><vertex2 x="-67 " y="1.732 " z="0 " diameter="1 "></vertex2></GraphEdge><GraphEdge><vertex1 x="-71 " y="-1.732 " z="2 " diameter="1 "></vertex1><vertex2 x="-71 " y="1.732 " z="2 " diameter="1 "></vertex2></GraphEdge><GraphEdge><vertex1 x="-68 " y="3.4641 " z="2 " diameter="1 "></vertex1><vertex2 x="-68 " y="0 " z="2 " diameter="1 "></vertex2></GraphEdge><GraphEdge><vertex1 x="-67 " y="1.732 " z="0 " diameter="1 "></vertex1><vertex2 x="-68 " y="0 " z="2 " diameter="1 "></vertex2></GraphEdge><GraphEdge><vertex1 x="-71 " y="-1.732 " z="2 " diameter="1 "></vertex1><vertex2 x="-70 " y="0 " z="0 " diameter="1 "></vertex2></GraphEdge><GraphEdge><vertex1 x="-68 " y="-3.4641 " z="2 " diameter="1 "></vertex1><vertex2 x="-67 " y="-1.732 " z="0 " diameter="1 "></vertex2></GraphEdge><GraphEdge><vertex1 x="-65 " y="1.732 " z="2 " diameter="1 "></vertex1><vertex2 x="-67 " y="1.732 " z="0 " diameter="1 "></vertex2></GraphEdge><GraphEdge><vertex1 x="-65 " y="-1.732 " z="2 " diameter="1 "></vertex1><vertex2 x="-67 " y="-1.732 " z="0 " diameter="1 "></vertex2></GraphEdge><GraphEdge><vertex1 x="-71 " y="1.732 " z="2 " diameter="1 "></vertex1><vertex2 x="-70 " y="0 " z="0 " diameter="1 "></vertex2></GraphEdge><GraphEdge><vertex1 x="-67 " y="-1.732 " z="0 " diameter="1 "></vertex1><vertex2 x="-68 " y="0 " z="2 " diameter="1 "></vertex2></GraphEdge><GraphEdge><vertex1 x="-70 " y="0 " z="0 " diameter="1 "></vertex1><vertex2 x="-68 " y="0 " z="2 " diameter="1 "></vertex2></GraphEdge><GraphEdge><vertex1 x="-68 " y="-3.4641 " z="-2 " diameter="1 "></vertex1><vertex2 x="-69 " y="-1.732 " z="0 " diameter="1 "></vertex2></GraphEdge><GraphEdge><vertex1 x="-69 " y="-1.732 " z="0 " diameter="1 "></vertex1><vertex2 x="-68 " y="0 " z="-2 " diameter="1 "></vertex2></GraphEdge><GraphEdge><vertex1 x="-68 " y="-3.4641 " z="-2 " diameter="1 "></vertex1><vertex2 x="-71 " y="-1.732 " z="-2 " diameter="1 "></vertex2></GraphEdge><GraphEdge><vertex1 x="-71 " y="-1.732 " z="-2 " diameter="1 "></vertex1><vertex2 x="-69 " y="-1.732 " z="0 " diameter="1 "></vertex2></GraphEdge><GraphEdge><vertex1 x="-71 " y="-1.732 " z="-2 " diameter="1 "></vertex1><vertex2 x="-68 " y="0 " z="-2 " diameter="1 "></vertex2></GraphEdge><GraphEdge><vertex1 x="-68 " y="0 " z="-2 " diameter="1 "></vertex1><vertex2 x="-65 " y="1.732 " z="-2 " diameter="1 "></vertex2></GraphEdge><GraphEdge><vertex1 x="-65 " y="1.732 " z="-2 " diameter="1 "></vertex1><vertex2 x="-66 " y="0 " z="0 " diameter="1 "></vertex2></GraphEdge><GraphEdge><vertex1 x="-65 " y="1.732 " z="2 " diameter="1 "></vertex1><vertex2 x="-66 " y="0 " z="0 " diameter="1 "></vertex2></GraphEdge><GraphEdge><vertex1 x="-66 " y="0 " z="0 " diameter="1 "></vertex1><vertex2 x="-68 " y="0 " z="2 " diameter="1 "></vertex2></GraphEdge><GraphEdge><vertex1 x="-65 " y="1.732 " z="2 " diameter="1 "></vertex1><vertex2 x="-65 " y="-1.732 " z="2 " diameter="1 "></vertex2></GraphEdge><GraphEdge><vertex1 x="-65 " y="-1.732 " z="2 " diameter="1 "></vertex1><vertex2 x="-66 " y="0 " z="0 " diameter="1 "></vertex2></GraphEdge><GraphEdge><vertex1 x="-65 " y="-1.732 " z="2 " diameter="1 "></vertex1><vertex2 x="-68 " y="0 " z="2 " diameter="1 "></vertex2></GraphEdge><GraphEdge><vertex1 x="-68 " y="0 " z="2 " diameter="1 "></vertex1><vertex2 x="-71 " y="1.732 " z="2 " diameter="1 "></vertex2></GraphEdge><GraphEdge><vertex1 x="-71 " y="1.732 " z="2 " diameter="1 "></vertex1><vertex2 x="-69 " y="1.732 " z="0 " diameter="1 "></vertex2></GraphEdge><GraphEdge><vertex1 x="-69 " y="1.732 " z="0 " diameter="1 "></vertex1><vertex2 x="-68 " y="0 " z="2 " diameter="1 "></vertex2></GraphEdge><GraphEdge><vertex1 x="-71 " y="1.732 " z="2 " diameter="1 "></vertex1><vertex2 x="-68 " y="3.4641 " z="2 " diameter="1 "></vertex2></GraphEdge><GraphEdge><vertex1 x="-68 " y="3.4641 " z="2 " diameter="1 "></vertex1><vertex2 x="-69 " y="1.732 " z="0 " diameter="1 "></vertex2></GraphEdge><GraphEdge><vertex1 x="-69 " y="-1.732 " z="0 " diameter="1 "></vertex1><vertex2 x="-68 " y="0 " z="2 " diameter="1 "></vertex2></GraphEdge><GraphEdge><vertex1 x="-65 " y="-1.732 " z="-2 " diameter="1 "></vertex1><vertex2 x="-67 " y="-1.732 " z="0 " diameter="1 "></vertex2></GraphEdge><GraphEdge><vertex1 x="-65 " y="-1.732 " z="-2 " diameter="1 "></vertex1><vertex2 x="-68 " y="-3.4641 " z="-2 " diameter="1 "></vertex2></GraphEdge><GraphEdge><vertex1 x="-68 " y="-3.4641 " z="-2 " diameter="1 "></vertex1><vertex2 x="-67 " y="-1.732 " z="0 " diameter="1 "></vertex2></GraphEdge><GraphEdge><vertex1 x="-67 " y="-1.732 " z="0 " diameter="1 "></vertex1><vertex2 x="-68 " y="0 " z="-2 " diameter="1 "></vertex2></GraphEdge><GraphEdge><vertex1 x="-68 " y="3.4641 " z="-2 " diameter="1 "></vertex1><vertex2 x="-67 " y="1.732 " z="0 " diameter="1 "></vertex2></GraphEdge><GraphEdge><vertex1 x="-68 " y="3.4641 " z="-2 " diameter="1 "></vertex1><vertex2 x="-65 " y="1.732 " z="-2 " diameter="1 "></vertex2></GraphEdge><GraphEdge><vertex1 x="-68 " y="0 " z="2 " diameter="1 "></vertex1><vertex2 x="-68 " y="-3.4641 " z="2 " diameter="1 "></vertex2></GraphEdge><GraphEdge><vertex1 x="-68 " y="-3.4641 " z="2 " diameter="1 "></vertex1><vertex2 x="-69 " y="-1.732 " z="0 " diameter="1 "></vertex2></GraphEdge><GraphEdge><vertex1 x="-68 " y="-3.4641 " z="2 " diameter="1 "></vertex1><vertex2 x="-71 " y="-1.732 " z="2 " diameter="1 "></vertex2></GraphEdge><GraphEdge><vertex1 x="-71 " y="-1.732 " z="2 " diameter="1 "></vertex1><vertex2 x="-69 " y="-1.732 " z="0 " diameter="1 "></vertex2></GraphEdge><GraphEdge><vertex1 x="-71 " y="-1.732 " z="2 " diameter="1 "></vertex1><vertex2 x="-68 " y="0 " z="2 " diameter="1 "></vertex2></GraphEdge></GraphStructure></mat:GraphStructureFile>
