<?xml version="1.0" encoding="UTF-8" ?><mat:GraphStructureFile xmlns:mat="urn:materialise"><GraphStructure><GraphEdge><vertex1 x="-71 " y="1.732 " z="2 " diameter="1 "></vertex1><vertex2 x="-72 " y="0 " z="0 " diameter="1 "></vertex2></GraphEdge><GraphEdge><vertex1 x="-74 " y="-3.4641 " z="-2 " diameter="1 "></vertex1><vertex2 x="-75 " y="-1.732 " z="0 " diameter="1 "></vertex2></GraphEdge><GraphEdge><vertex1 x="-76 " y="0 " z="0 " diameter="1 "></vertex1><vertex2 x="-74 " y="0 " z="-2 " diameter="1 "></vertex2></GraphEdge><GraphEdge><vertex1 x="-77 " y="1.732 " z="-2 " diameter="1 "></vertex1><vertex2 x="-76 " y="0 " z="0 " diameter="1 "></vertex2></GraphEdge><GraphEdge><vertex1 x="-74 " y="3.4641 " z="2 " diameter="1 "></vertex1><vertex2 x="-75 " y="1.732 " z="0 " diameter="1 "></vertex2></GraphEdge><GraphEdge><vertex1 x="-73 " y="-1.732 " z="0 " diameter="1 "></vertex1><vertex2 x="-74 " y="0 " z="-2 " diameter="1 "></vertex2></GraphEdge><GraphEdge><vertex1 x="-74 " y="3.4641 " z="-2 " diameter="1 "></vertex1><vertex2 x="-73 " y="1.732 " z="0 " diameter="1 "></vertex2></GraphEdge><GraphEdge><vertex1 x="-71 " y="-1.732 " z="2 " diameter="1 "></vertex1><vertex2 x="-73 " y="-1.732 " z="0 " diameter="1 "></vertex2></GraphEdge><GraphEdge><vertex1 x="-71 " y="-1.732 " z="2 " diameter="1 "></vertex1><vertex2 x="-72 " y="0 " z="0 " diameter="1 "></vertex2></GraphEdge><GraphEdge><vertex1 x="-77 " y="1.732 " z="-2 " diameter="1 "></vertex1><vertex2 x="-75 " y="1.732 " z="0 " diameter="1 "></vertex2></GraphEdge><GraphEdge><vertex1 x="-77 " y="-1.732 " z="2 " diameter="1 "></vertex1><vertex2 x="-75 " y="-1.732 " z="0 " diameter="1 "></vertex2></GraphEdge><GraphEdge><vertex1 x="-75 " y="-1.732 " z="0 " diameter="1 "></vertex1><vertex2 x="-74 " y="0 " z="-2 " diameter="1 "></vertex2></GraphEdge><GraphEdge><vertex1 x="-71 " y="-1.732 " z="-2 " diameter="1 "></vertex1><vertex2 x="-72 " y="0 " z="0 " diameter="1 "></vertex2></GraphEdge><GraphEdge><vertex1 x="-72 " y="0 " z="0 " diameter="1 "></vertex1><vertex2 x="-74 " y="0 " z="-2 " diameter="1 "></vertex2></GraphEdge><GraphEdge><vertex1 x="-74 " y="-3.4641 " z="-2 " diameter="1 "></vertex1><vertex2 x="-73 " y="-1.732 " z="0 " diameter="1 "></vertex2></GraphEdge><GraphEdge><vertex1 x="-74 " y="-3.4641 " z="2 " diameter="1 "></vertex1><vertex2 x="-75 " y="-1.732 " z="0 " diameter="1 "></vertex2></GraphEdge><GraphEdge><vertex1 x="-71 " y="1.732 " z="-2 " diameter="1 "></vertex1><vertex2 x="-72 " y="0 " z="0 " diameter="1 "></vertex2></GraphEdge><GraphEdge><vertex1 x="-77 " y="1.732 " z="2 " diameter="1 "></vertex1><vertex2 x="-76 " y="0 " z="0 " diameter="1 "></vertex2></GraphEdge><GraphEdge><vertex1 x="-77 " y="-1.732 " z="2 " diameter="1 "></vertex1><vertex2 x="-76 " y="0 " z="0 " diameter="1 "></vertex2></GraphEdge><GraphEdge><vertex1 x="-77 " y="-1.732 " z="-2 " diameter="1 "></vertex1><vertex2 x="-75 " y="-1.732 " z="0 " diameter="1 "></vertex2></GraphEdge><GraphEdge><vertex1 x="-73 " y="-1.732 " z="0 " diameter="1 "></vertex1><vertex2 x="-74 " y="0 " z="2 " diameter="1 "></vertex2></GraphEdge><GraphEdge><vertex1 x="-75 " y="1.732 " z="0 " diameter="1 "></vertex1><vertex2 x="-74 " y="0 " z="-2 " diameter="1 "></vertex2></GraphEdge><GraphEdge><vertex1 x="-73 " y="1.732 " z="0 " diameter="1 "></vertex1><vertex2 x="-74 " y="0 " z="2 " diameter="1 "></vertex2></GraphEdge><GraphEdge><vertex1 x="-74 " y="3.4641 " z="2 " diameter="1 "></vertex1><vertex2 x="-73 " y="1.732 " z="0 " diameter="1 "></vertex2></GraphEdge><GraphEdge><vertex1 x="-77 " y="-1.732 " z="-2 " diameter="1 "></vertex1><vertex2 x="-76 " y="0 " z="0 " diameter="1 "></vertex2></GraphEdge><GraphEdge><vertex1 x="-74 " y="-3.4641 " z="2 " diameter="1 "></vertex1><vertex2 x="-73 " y="-1.732 " z="0 " diameter="1 "></vertex2></GraphEdge><GraphEdge><vertex1 x="-73 " y="1.732 " z="0 " diameter="1 "></vertex1><vertex2 x="-74 " y="0 " z="-2 " diameter="1 "></vertex2></GraphEdge><GraphEdge><vertex1 x="-75 " y="1.732 " z="0 " diameter="1 "></vertex1><vertex2 x="-74 " y="0 " z="2 " diameter="1 "></vertex2></GraphEdge><GraphEdge><vertex1 x="-76 " y="0 " z="0 " diameter="1 "></vertex1><vertex2 x="-74 " y="0 " z="2 " diameter="1 "></vertex2></GraphEdge><GraphEdge><vertex1 x="-75 " y="-1.732 " z="0 " diameter="1 "></vertex1><vertex2 x="-74 " y="0 " z="2 " diameter="1 "></vertex2></GraphEdge><GraphEdge><vertex1 x="-74 " y="3.4641 " z="-2 " diameter="1 "></vertex1><vertex2 x="-75 " y="1.732 " z="0 " diameter="1 "></vertex2></GraphEdge><GraphEdge><vertex1 x="-74 " y="0 " z="2 " diameter="1 "></vertex1><vertex2 x="-72 " y="0 " z="0 " diameter="1 "></vertex2></GraphEdge><GraphEdge><vertex1 x="-71 " y="-1.732 " z="-2 " diameter="1 "></vertex1><vertex2 x="-73 " y="-1.732 " z="0 " diameter="1 "></vertex2></GraphEdge><GraphEdge><vertex1 x="-71 " y="1.732 " z="-2 " diameter="1 "></vertex1><vertex2 x="-73 " y="1.732 " z="0 " diameter="1 "></vertex2></GraphEdge><GraphEdge><vertex1 x="-77 " y="1.732 " z="2 " diameter="1 "></vertex1><vertex2 x="-75 " y="1.732 " z="0 " diameter="1 "></vertex2></GraphEdge><GraphEdge><vertex1 x="-71 " y="1.732 " z="2 " diameter="1 "></vertex1><vertex2 x="-73 " y="1.732 " z="0 " diameter="1 "></vertex2></GraphEdge></GraphStructure></mat:GraphStructureFile>
