<?xml version="1.0" encoding="UTF-8" ?><mat:GraphStructureFile xmlns:mat="urn:materialise"><GraphStructure><GraphEdge><vertex1 x="3.3332999999999999 " y="2.5001000000000002 " z="5 " diameter="1 "></vertex1><vertex2 x="8.3332999999999995 " y="5 " z="5 " diameter="1 "></vertex2></GraphEdge><GraphEdge><vertex1 x="10 " y="2.5001000000000002 " z="0 " diameter="1 "></vertex1><vertex2 x="5 " y="5 " z="0 " diameter="1 "></vertex2></GraphEdge><GraphEdge><vertex1 x="10 " y="2.5001000000000002 " z="0 " diameter="1 "></vertex1><vertex2 x="8.3332999999999995 " y="5 " z="5 " diameter="1 "></vertex2></GraphEdge><GraphEdge><vertex1 x="10 " y="7.4999000000000002 " z="0 " diameter="1 "></vertex1><vertex2 x="10 " y="2.5001000000000002 " z="0 " diameter="1 "></vertex2></GraphEdge><GraphEdge><vertex1 x="8.3332999999999995 " y="5 " z="5 " diameter="1 "></vertex1><vertex2 x="5 " y="5 " z="0 " diameter="1 "></vertex2></GraphEdge><GraphEdge><vertex1 x="10 " y="7.4999000000000002 " z="0 " diameter="1 "></vertex1><vertex2 x="8.3332999999999995 " y="5 " z="5 " diameter="1 "></vertex2></GraphEdge><GraphEdge><vertex1 x="3.3332999999999999 " y="2.5001000000000002 " z="5 " diameter="1 "></vertex1><vertex2 x="5 " y="5 " z="10 " diameter="1 "></vertex2></GraphEdge><GraphEdge><vertex1 x="3.3332999999999999 " y="7.4999000000000002 " z="5 " diameter="1 "></vertex1><vertex2 x="3.3332999999999999 " y="2.5001000000000002 " z="5 " diameter="1 "></vertex2></GraphEdge><GraphEdge><vertex1 x="5 " y="5 " z="10 " diameter="1 "></vertex1><vertex2 x="8.3332999999999995 " y="5 " z="5 " diameter="1 "></vertex2></GraphEdge><GraphEdge><vertex1 x="5 " y="10 " z="0 " diameter="1 "></vertex1><vertex2 x="3.3332999999999999 " y="7.4999000000000002 " z="5 " diameter="1 "></vertex2></GraphEdge><GraphEdge><vertex1 x="0 " y="7.4999000000000002 " z="0 " diameter="1 "></vertex1><vertex2 x="1.6667000000000001 " y="8.3332999999999995 " z="0 " diameter="1 "></vertex2></GraphEdge><GraphEdge><vertex1 x="1.6667000000000001 " y="8.3332999999999995 " z="0 " diameter="1 "></vertex1><vertex2 x="5 " y="10 " z="0 " diameter="1 "></vertex2></GraphEdge><GraphEdge><vertex1 x="3.3332999999999999 " y="7.4999000000000002 " z="5 " diameter="1 "></vertex1><vertex2 x="5 " y="5 " z="0 " diameter="1 "></vertex2></GraphEdge><GraphEdge><vertex1 x="0 " y="7.4999000000000002 " z="0 " diameter="1 "></vertex1><vertex2 x="3.3332999999999999 " y="7.4999000000000002 " z="5 " diameter="1 "></vertex2></GraphEdge><GraphEdge><vertex1 x="5 " y="5 " z="0 " diameter="1 "></vertex1><vertex2 x="0 " y="7.4999000000000002 " z="0 " diameter="1 "></vertex2></GraphEdge><GraphEdge><vertex1 x="3.3332999999999999 " y="7.4999000000000002 " z="5 " diameter="1 "></vertex1><vertex2 x="5 " y="5 " z="10 " diameter="1 "></vertex2></GraphEdge><GraphEdge><vertex1 x="8.3332999999999995 " y="5 " z="5 " diameter="1 "></vertex1><vertex2 x="3.3332999999999999 " y="7.4999000000000002 " z="5 " diameter="1 "></vertex2></GraphEdge><GraphEdge><vertex1 x="5 " y="10 " z="10 " diameter="1 "></vertex1><vertex2 x="3.3332999999999999 " y="7.4999000000000002 " z="5 " diameter="1 "></vertex2></GraphEdge><GraphEdge><vertex1 x="0 " y="7.4999000000000002 " z="10 " diameter="1 "></vertex1><vertex2 x="3.3332999999999999 " y="7.4999000000000002 " z="5 " diameter="1 "></vertex2></GraphEdge><GraphEdge><vertex1 x="10 " y="2.5001000000000002 " z="10 " diameter="1 "></vertex1><vertex2 x="8.3332999999999995 " y="5 " z="5 " diameter="1 "></vertex2></GraphEdge><GraphEdge><vertex1 x="10 " y="7.4999000000000002 " z="10 " diameter="1 "></vertex1><vertex2 x="8.3332999999999995 " y="5 " z="5 " diameter="1 "></vertex2></GraphEdge><GraphEdge><vertex1 x="0 " y="2.5001000000000002 " z="10 " diameter="1 "></vertex1><vertex2 x="3.3332999999999999 " y="2.5001000000000002 " z="5 " diameter="1 "></vertex2></GraphEdge><GraphEdge><vertex1 x="5 " y="5 " z="0 " diameter="1 "></vertex1><vertex2 x="10 " y="7.4999000000000002 " z="0 " diameter="1 "></vertex2></GraphEdge><GraphEdge><vertex1 x="0 " y="2.5001000000000002 " z="0 " diameter="1 "></vertex1><vertex2 x="5 " y="5 " z="0 " diameter="1 "></vertex2></GraphEdge><GraphEdge><vertex1 x="0 " y="2.5001000000000002 " z="0 " diameter="1 "></vertex1><vertex2 x="3.3332999999999999 " y="2.5001000000000002 " z="5 " diameter="1 "></vertex2></GraphEdge><GraphEdge><vertex1 x="5 " y="0 " z="0 " diameter="1 "></vertex1><vertex2 x="0 " y="2.5001000000000002 " z="0 " diameter="1 "></vertex2></GraphEdge><GraphEdge><vertex1 x="3.3332999999999999 " y="2.5001000000000002 " z="5 " diameter="1 "></vertex1><vertex2 x="5 " y="5 " z="0 " diameter="1 "></vertex2></GraphEdge><GraphEdge><vertex1 x="5 " y="0 " z="0 " diameter="1 "></vertex1><vertex2 x="3.3332999999999999 " y="2.5001000000000002 " z="5 " diameter="1 "></vertex2></GraphEdge><GraphEdge><vertex1 x="5 " y="5 " z="0 " diameter="1 "></vertex1><vertex2 x="5 " y="0 " z="0 " diameter="1 "></vertex2></GraphEdge><GraphEdge><vertex1 x="5 " y="0 " z="10 " diameter="1 "></vertex1><vertex2 x="3.3332999999999999 " y="2.5001000000000002 " z="5 " diameter="1 "></vertex2></GraphEdge><GraphEdge><vertex1 x="5 " y="10 " z="0 " diameter="1 "></vertex1><vertex2 x="5 " y="5 " z="0 " diameter="1 "></vertex2></GraphEdge></GraphStructure></mat:GraphStructureFile>
