<?xml version="1.0" encoding="UTF-8" ?>
<mat:GraphStructureFile xmlns:mat="urn:materialise">
<GraphStructure>
<GraphEdge>
<vertex1 x="5 " y="10 " z="5 " diameter="1 "></vertex1>
<vertex2 x="5 " y="9.3943999999999992 " z="4.9804000000000004 " diameter="1 "></vertex2>
</GraphEdge>
<GraphEdge>
<vertex1 x="5 " y="9.3943999999999992 " z="4.9804000000000004 " diameter="1 "></vertex1>
<vertex2 x="5 " y="8.8279999999999994 " z="4.9218000000000002 " diameter="1 "></vertex2>
</GraphEdge>
<GraphEdge>
<vertex1 x="5 " y="8.8279999999999994 " z="4.9218000000000002 " diameter="1 "></vertex1>
<vertex2 x="5 " y="8.3008000000000006 " z="4.8242000000000003 " diameter="1 "></vertex2>
</GraphEdge>
<GraphEdge>
<vertex1 x="5 " y="8.3008000000000006 " z="4.8242000000000003 " diameter="1 "></vertex1>
<vertex2 x="5 " y="7.8124000000000002 " z="4.6874000000000002 " diameter="1 "></vertex2>
</GraphEdge>
<GraphEdge>
<vertex1 x="5 " y="7.8124000000000002 " z="4.6874000000000002 " diameter="1 "></vertex1>
<vertex2 x="5 " y="7.3632 " z="4.5115999999999996 " diameter="1 "></vertex2>
</GraphEdge>
<GraphEdge>
<vertex1 x="5 " y="7.3632 " z="4.5115999999999996 " diameter="1 "></vertex1>
<vertex2 x="5 " y="6.9530000000000003 " z="4.2968000000000002 " diameter="1 "></vertex2>
</GraphEdge>
<GraphEdge>
<vertex1 x="5 " y="6.9530000000000003 " z="4.2968000000000002 " diameter="1 "></vertex1>
<vertex2 x="5 " y="6.5819999999999999 " z="4.0430000000000001 " diameter="1 "></vertex2>
</GraphEdge>
<GraphEdge>
<vertex1 x="5 " y="6.5819999999999999 " z="4.0430000000000001 " diameter="1 "></vertex1>
<vertex2 x="5 " y="6.25 " z="3.75 " diameter="1 "></vertex2>
</GraphEdge>
<GraphEdge>
<vertex1 x="5 " y="6.25 " z="3.75 " diameter="1 "></vertex1>
<vertex2 x="5 " y="5.9569999999999999 " z="3.4180000000000001 " diameter="1 "></vertex2>
</GraphEdge>
<GraphEdge>
<vertex1 x="5 " y="5.9569999999999999 " z="3.4180000000000001 " diameter="1 "></vertex1>
<vertex2 x="5 " y="5.7030000000000003 " z="3.0468000000000002 " diameter="1 "></vertex2>
</GraphEdge>
<GraphEdge>
<vertex1 x="5 " y="5.7030000000000003 " z="3.0468000000000002 " diameter="1 "></vertex1>
<vertex2 x="5 " y="5.4882 " z="2.6366000000000001 " diameter="1 "></vertex2>
</GraphEdge>
<GraphEdge>
<vertex1 x="5 " y="5.4882 " z="2.6366000000000001 " diameter="1 "></vertex1>
<vertex2 x="5 " y="5.3124000000000002 " z="2.1873999999999998 " diameter="1 "></vertex2>
</GraphEdge>
<GraphEdge>
<vertex1 x="5 " y="5.3124000000000002 " z="2.1873999999999998 " diameter="1 "></vertex1>
<vertex2 x="5 " y="5.1757999999999997 " z="1.6992 " diameter="1 "></vertex2>
</GraphEdge>
<GraphEdge>
<vertex1 x="5 " y="5.1757999999999997 " z="1.6992 " diameter="1 "></vertex1>
<vertex2 x="5 " y="5.0780000000000003 " z="1.1718 " diameter="1 "></vertex2>
</GraphEdge>
<GraphEdge>
<vertex1 x="5 " y="5.0780000000000003 " z="1.1718 " diameter="1 "></vertex1>
<vertex2 x="5 " y="5.0194000000000001 " z="0.60540000000000005 " diameter="1 "></vertex2>
</GraphEdge>
<GraphEdge>
<vertex1 x="5 " y="5.0194000000000001 " z="0.60540000000000005 " diameter="1 "></vertex1>
<vertex2 x="5 " y="5 " z="0 " diameter="1 "></vertex2>
</GraphEdge>
<GraphEdge>
<vertex1 x="5 " y="5 " z="10 " diameter="1 "></vertex1>
<vertex2 x="4.9804000000000004 " y="5 " z="9.3943999999999992 " diameter="1 "></vertex2>
</GraphEdge>
<GraphEdge>
<vertex1 x="4.9804000000000004 " y="5 " z="9.3943999999999992 " diameter="1 "></vertex1>
<vertex2 x="4.9218000000000002 " y="5 " z="8.8279999999999994 " diameter="1 "></vertex2>
</GraphEdge>
<GraphEdge>
<vertex1 x="4.9218000000000002 " y="5 " z="8.8279999999999994 " diameter="1 "></vertex1>
<vertex2 x="4.8242000000000003 " y="5 " z="8.3008000000000006 " diameter="1 "></vertex2>
</GraphEdge>
<GraphEdge>
<vertex1 x="4.8242000000000003 " y="5 " z="8.3008000000000006 " diameter="1 "></vertex1>
<vertex2 x="4.6874000000000002 " y="5 " z="7.8124000000000002 " diameter="1 "></vertex2>
</GraphEdge>
<GraphEdge>
<vertex1 x="4.6874000000000002 " y="5 " z="7.8124000000000002 " diameter="1 "></vertex1>
<vertex2 x="4.5115999999999996 " y="5 " z="7.3632 " diameter="1 "></vertex2>
</GraphEdge>
<GraphEdge>
<vertex1 x="4.5115999999999996 " y="5 " z="7.3632 " diameter="1 "></vertex1>
<vertex2 x="4.2968000000000002 " y="5 " z="6.9530000000000003 " diameter="1 "></vertex2>
</GraphEdge>
<GraphEdge>
<vertex1 x="4.2968000000000002 " y="5 " z="6.9530000000000003 " diameter="1 "></vertex1>
<vertex2 x="4.0430000000000001 " y="5 " z="6.5819999999999999 " diameter="1 "></vertex2>
</GraphEdge>
<GraphEdge>
<vertex1 x="4.0430000000000001 " y="5 " z="6.5819999999999999 " diameter="1 "></vertex1>
<vertex2 x="3.75 " y="5 " z="6.25 " diameter="1 "></vertex2>
</GraphEdge>
<GraphEdge>
<vertex1 x="3.75 " y="5 " z="6.25 " diameter="1 "></vertex1>
<vertex2 x="3.4180000000000001 " y="5 " z="5.9569999999999999 " diameter="1 "></vertex2>
</GraphEdge>
<GraphEdge>
<vertex1 x="3.4180000000000001 " y="5 " z="5.9569999999999999 " diameter="1 "></vertex1>
<vertex2 x="3.0468000000000002 " y="5 " z="5.7030000000000003 " diameter="1 "></vertex2>
</GraphEdge>
<GraphEdge>
<vertex1 x="3.0468000000000002 " y="5 " z="5.7030000000000003 " diameter="1 "></vertex1>
<vertex2 x="2.6366000000000001 " y="5 " z="5.4882 " diameter="1 "></vertex2>
</GraphEdge>
<GraphEdge>
<vertex1 x="2.6366000000000001 " y="5 " z="5.4882 " diameter="1 "></vertex1>
<vertex2 x="2.1873999999999998 " y="5 " z="5.3124000000000002 " diameter="1 "></vertex2>
</GraphEdge>
<GraphEdge>
<vertex1 x="2.1873999999999998 " y="5 " z="5.3124000000000002 " diameter="1 "></vertex1>
<vertex2 x="1.6992 " y="5 " z="5.1757999999999997 " diameter="1 "></vertex2>
</GraphEdge>
<GraphEdge>
<vertex1 x="1.6992 " y="5 " z="5.1757999999999997 " diameter="1 "></vertex1>
<vertex2 x="1.1718 " y="5 " z="5.0780000000000003 " diameter="1 "></vertex2>
</GraphEdge>
<GraphEdge>
<vertex1 x="1.1718 " y="5 " z="5.0780000000000003 " diameter="1 "></vertex1>
<vertex2 x="0.60540000000000005 " y="5 " z="5.0194000000000001 " diameter="1 "></vertex2>
</GraphEdge>
<GraphEdge>
<vertex1 x="0.60540000000000005 " y="5 " z="5.0194000000000001 " diameter="1 "></vertex1>
<vertex2 x="0 " y="5 " z="5 " diameter="1 "></vertex2>
</GraphEdge>
<GraphEdge>
<vertex1 x="5 " y="0 " z="5 " diameter="1 "></vertex1>
<vertex2 x="4.9804000000000004 " y="0.60540000000000005 " z="5 " diameter="1 "></vertex2>
</GraphEdge>
<GraphEdge>
<vertex1 x="4.9804000000000004 " y="0.60540000000000005 " z="5 " diameter="1 "></vertex1>
<vertex2 x="4.9218000000000002 " y="1.1718 " z="5 " diameter="1 "></vertex2>
</GraphEdge>
<GraphEdge>
<vertex1 x="4.9218000000000002 " y="1.1718 " z="5 " diameter="1 "></vertex1>
<vertex2 x="4.8242000000000003 " y="1.6992 " z="5 " diameter="1 "></vertex2>
</GraphEdge>
<GraphEdge>
<vertex1 x="4.8242000000000003 " y="1.6992 " z="5 " diameter="1 "></vertex1>
<vertex2 x="4.6874000000000002 " y="2.1873999999999998 " z="5 " diameter="1 "></vertex2>
</GraphEdge>
<GraphEdge>
<vertex1 x="4.6874000000000002 " y="2.1873999999999998 " z="5 " diameter="1 "></vertex1>
<vertex2 x="4.5115999999999996 " y="2.6366000000000001 " z="5 " diameter="1 "></vertex2>
</GraphEdge>
<GraphEdge>
<vertex1 x="4.5115999999999996 " y="2.6366000000000001 " z="5 " diameter="1 "></vertex1>
<vertex2 x="4.2968000000000002 " y="3.0468000000000002 " z="5 " diameter="1 "></vertex2>
</GraphEdge>
<GraphEdge>
<vertex1 x="4.2968000000000002 " y="3.0468000000000002 " z="5 " diameter="1 "></vertex1>
<vertex2 x="4.0430000000000001 " y="3.4180000000000001 " z="5 " diameter="1 "></vertex2>
</GraphEdge>
<GraphEdge>
<vertex1 x="4.0430000000000001 " y="3.4180000000000001 " z="5 " diameter="1 "></vertex1>
<vertex2 x="3.75 " y="3.75 " z="5 " diameter="1 "></vertex2>
</GraphEdge>
<GraphEdge>
<vertex1 x="3.75 " y="3.75 " z="5 " diameter="1 "></vertex1>
<vertex2 x="3.4180000000000001 " y="4.0430000000000001 " z="5 " diameter="1 "></vertex2>
</GraphEdge>
<GraphEdge>
<vertex1 x="3.4180000000000001 " y="4.0430000000000001 " z="5 " diameter="1 "></vertex1>
<vertex2 x="3.0468000000000002 " y="4.2968000000000002 " z="5 " diameter="1 "></vertex2>
</GraphEdge>
<GraphEdge>
<vertex1 x="3.0468000000000002 " y="4.2968000000000002 " z="5 " diameter="1 "></vertex1>
<vertex2 x="2.6366000000000001 " y="4.5115999999999996 " z="5 " diameter="1 "></vertex2>
</GraphEdge>
<GraphEdge>
<vertex1 x="2.6366000000000001 " y="4.5115999999999996 " z="5 " diameter="1 "></vertex1>
<vertex2 x="2.1873999999999998 " y="4.6874000000000002 " z="5 " diameter="1 "></vertex2>
</GraphEdge>
<GraphEdge>
<vertex1 x="2.1873999999999998 " y="4.6874000000000002 " z="5 " diameter="1 "></vertex1>
<vertex2 x="1.6992 " y="4.8242000000000003 " z="5 " diameter="1 "></vertex2>
</GraphEdge>
<GraphEdge>
<vertex1 x="1.6992 " y="4.8242000000000003 " z="5 " diameter="1 "></vertex1>
<vertex2 x="1.1718 " y="4.9218000000000002 " z="5 " diameter="1 "></vertex2>
</GraphEdge>
<GraphEdge>
<vertex1 x="1.1718 " y="4.9218000000000002 " z="5 " diameter="1 "></vertex1>
<vertex2 x="0.60540000000000005 " y="4.9804000000000004 " z="5 " diameter="1 "></vertex2>
</GraphEdge>
<GraphEdge>
<vertex1 x="0.60540000000000005 " y="4.9804000000000004 " z="5 " diameter="1 "></vertex1>
<vertex2 x="0 " y="5 " z="5 " diameter="1 "></vertex2>
</GraphEdge>
<GraphEdge>
<vertex1 x="5 " y="5 " z="0 " diameter="1 "></vertex1>
<vertex2 x="5 " y="4.9804000000000004 " z="0.60540000000000005 " diameter="1 "></vertex2>
</GraphEdge>
<GraphEdge>
<vertex1 x="5 " y="4.9804000000000004 " z="0.60540000000000005 " diameter="1 "></vertex1>
<vertex2 x="5 " y="4.9218000000000002 " z="1.1718 " diameter="1 "></vertex2>
</GraphEdge>
<GraphEdge>
<vertex1 x="5 " y="4.9218000000000002 " z="1.1718 " diameter="1 "></vertex1>
<vertex2 x="5 " y="4.8242000000000003 " z="1.6992 " diameter="1 "></vertex2>
</GraphEdge>
<GraphEdge>
<vertex1 x="5 " y="4.8242000000000003 " z="1.6992 " diameter="1 "></vertex1>
<vertex2 x="5 " y="4.6874000000000002 " z="2.1873999999999998 " diameter="1 "></vertex2>
</GraphEdge>
<GraphEdge>
<vertex1 x="5 " y="4.6874000000000002 " z="2.1873999999999998 " diameter="1 "></vertex1>
<vertex2 x="5 " y="4.5115999999999996 " z="2.6366000000000001 " diameter="1 "></vertex2>
</GraphEdge>
<GraphEdge>
<vertex1 x="5 " y="4.5115999999999996 " z="2.6366000000000001 " diameter="1 "></vertex1>
<vertex2 x="5 " y="4.2968000000000002 " z="3.0468000000000002 " diameter="1 "></vertex2>
</GraphEdge>
<GraphEdge>
<vertex1 x="5 " y="4.2968000000000002 " z="3.0468000000000002 " diameter="1 "></vertex1>
<vertex2 x="5 " y="4.0430000000000001 " z="3.4180000000000001 " diameter="1 "></vertex2>
</GraphEdge>
<GraphEdge>
<vertex1 x="5 " y="4.0430000000000001 " z="3.4180000000000001 " diameter="1 "></vertex1>
<vertex2 x="5 " y="3.75 " z="3.75 " diameter="1 "></vertex2>
</GraphEdge>
<GraphEdge>
<vertex1 x="5 " y="3.75 " z="3.75 " diameter="1 "></vertex1>
<vertex2 x="5 " y="3.4180000000000001 " z="4.0430000000000001 " diameter="1 "></vertex2>
</GraphEdge>
<GraphEdge>
<vertex1 x="5 " y="3.4180000000000001 " z="4.0430000000000001 " diameter="1 "></vertex1>
<vertex2 x="5 " y="3.0468000000000002 " z="4.2968000000000002 " diameter="1 "></vertex2>
</GraphEdge>
<GraphEdge>
<vertex1 x="5 " y="3.0468000000000002 " z="4.2968000000000002 " diameter="1 "></vertex1>
<vertex2 x="5 " y="2.6366000000000001 " z="4.5115999999999996 " diameter="1 "></vertex2>
</GraphEdge>
<GraphEdge>
<vertex1 x="5 " y="2.6366000000000001 " z="4.5115999999999996 " diameter="1 "></vertex1>
<vertex2 x="5 " y="2.1873999999999998 " z="4.6874000000000002 " diameter="1 "></vertex2>
</GraphEdge>
<GraphEdge>
<vertex1 x="5 " y="2.1873999999999998 " z="4.6874000000000002 " diameter="1 "></vertex1>
<vertex2 x="5 " y="1.6992 " z="4.8242000000000003 " diameter="1 "></vertex2>
</GraphEdge>
<GraphEdge>
<vertex1 x="5 " y="1.6992 " z="4.8242000000000003 " diameter="1 "></vertex1>
<vertex2 x="5 " y="1.1718 " z="4.9218000000000002 " diameter="1 "></vertex2>
</GraphEdge>
<GraphEdge>
<vertex1 x="5 " y="1.1718 " z="4.9218000000000002 " diameter="1 "></vertex1>
<vertex2 x="5 " y="0.60540000000000005 " z="4.9804000000000004 " diameter="1 "></vertex2>
</GraphEdge>
<GraphEdge>
<vertex1 x="5 " y="0.60540000000000005 " z="4.9804000000000004 " diameter="1 "></vertex1>
<vertex2 x="5 " y="0 " z="5 " diameter="1 "></vertex2>
</GraphEdge>
<GraphEdge>
<vertex1 x="5 " y="5 " z="10 " diameter="1 "></vertex1>
<vertex2 x="5 " y="4.9804000000000004 " z="9.3943999999999992 " diameter="1 "></vertex2>
</GraphEdge>
<GraphEdge>
<vertex1 x="5 " y="4.9804000000000004 " z="9.3943999999999992 " diameter="1 "></vertex1>
<vertex2 x="5 " y="4.9218000000000002 " z="8.8279999999999994 " diameter="1 "></vertex2>
</GraphEdge>
<GraphEdge>
<vertex1 x="5 " y="4.9218000000000002 " z="8.8279999999999994 " diameter="1 "></vertex1>
<vertex2 x="5 " y="4.8242000000000003 " z="8.3008000000000006 " diameter="1 "></vertex2>
</GraphEdge>
<GraphEdge>
<vertex1 x="5 " y="4.8242000000000003 " z="8.3008000000000006 " diameter="1 "></vertex1>
<vertex2 x="5 " y="4.6874000000000002 " z="7.8124000000000002 " diameter="1 "></vertex2>
</GraphEdge>
<GraphEdge>
<vertex1 x="5 " y="4.6874000000000002 " z="7.8124000000000002 " diameter="1 "></vertex1>
<vertex2 x="5 " y="4.5115999999999996 " z="7.3632 " diameter="1 "></vertex2>
</GraphEdge>
<GraphEdge>
<vertex1 x="5 " y="4.5115999999999996 " z="7.3632 " diameter="1 "></vertex1>
<vertex2 x="5 " y="4.2968000000000002 " z="6.9530000000000003 " diameter="1 "></vertex2>
</GraphEdge>
<GraphEdge>
<vertex1 x="5 " y="4.2968000000000002 " z="6.9530000000000003 " diameter="1 "></vertex1>
<vertex2 x="5 " y="4.0430000000000001 " z="6.5819999999999999 " diameter="1 "></vertex2>
</GraphEdge>
<GraphEdge>
<vertex1 x="5 " y="4.0430000000000001 " z="6.5819999999999999 " diameter="1 "></vertex1>
<vertex2 x="5 " y="3.75 " z="6.25 " diameter="1 "></vertex2>
</GraphEdge>
<GraphEdge>
<vertex1 x="5 " y="3.75 " z="6.25 " diameter="1 "></vertex1>
<vertex2 x="5 " y="3.4180000000000001 " z="5.9569999999999999 " diameter="1 "></vertex2>
</GraphEdge>
<GraphEdge>
<vertex1 x="5 " y="3.4180000000000001 " z="5.9569999999999999 " diameter="1 "></vertex1>
<vertex2 x="5 " y="3.0468000000000002 " z="5.7030000000000003 " diameter="1 "></vertex2>
</GraphEdge>
<GraphEdge>
<vertex1 x="5 " y="3.0468000000000002 " z="5.7030000000000003 " diameter="1 "></vertex1>
<vertex2 x="5 " y="2.6366000000000001 " z="5.4882 " diameter="1 "></vertex2>
</GraphEdge>
<GraphEdge>
<vertex1 x="5 " y="2.6366000000000001 " z="5.4882 " diameter="1 "></vertex1>
<vertex2 x="5 " y="2.1873999999999998 " z="5.3124000000000002 " diameter="1 "></vertex2>
</GraphEdge>
<GraphEdge>
<vertex1 x="5 " y="2.1873999999999998 " z="5.3124000000000002 " diameter="1 "></vertex1>
<vertex2 x="5 " y="1.6992 " z="5.1757999999999997 " diameter="1 "></vertex2>
</GraphEdge>
<GraphEdge>
<vertex1 x="5 " y="1.6992 " z="5.1757999999999997 " diameter="1 "></vertex1>
<vertex2 x="5 " y="1.1718 " z="5.0780000000000003 " diameter="1 "></vertex2>
</GraphEdge>
<GraphEdge>
<vertex1 x="5 " y="1.1718 " z="5.0780000000000003 " diameter="1 "></vertex1>
<vertex2 x="5 " y="0.60540000000000005 " z="5.0194000000000001 " diameter="1 "></vertex2>
</GraphEdge>
<GraphEdge>
<vertex1 x="5 " y="0.60540000000000005 " z="5.0194000000000001 " diameter="1 "></vertex1>
<vertex2 x="5 " y="0 " z="5 " diameter="1 "></vertex2>
</GraphEdge>
<GraphEdge>
<vertex1 x="5 " y="10 " z="5 " diameter="1 "></vertex1>
<vertex2 x="4.9804000000000004 " y="9.3943999999999992 " z="5 " diameter="1 "></vertex2>
</GraphEdge>
<GraphEdge>
<vertex1 x="4.9804000000000004 " y="9.3943999999999992 " z="5 " diameter="1 "></vertex1>
<vertex2 x="4.9218000000000002 " y="8.8279999999999994 " z="5 " diameter="1 "></vertex2>
</GraphEdge>
<GraphEdge>
<vertex1 x="4.9218000000000002 " y="8.8279999999999994 " z="5 " diameter="1 "></vertex1>
<vertex2 x="4.8242000000000003 " y="8.3008000000000006 " z="5 " diameter="1 "></vertex2>
</GraphEdge>
<GraphEdge>
<vertex1 x="4.8242000000000003 " y="8.3008000000000006 " z="5 " diameter="1 "></vertex1>
<vertex2 x="4.6874000000000002 " y="7.8124000000000002 " z="5 " diameter="1 "></vertex2>
</GraphEdge>
<GraphEdge>
<vertex1 x="4.6874000000000002 " y="7.8124000000000002 " z="5 " diameter="1 "></vertex1>
<vertex2 x="4.5115999999999996 " y="7.3632 " z="5 " diameter="1 "></vertex2>
</GraphEdge>
<GraphEdge>
<vertex1 x="4.5115999999999996 " y="7.3632 " z="5 " diameter="1 "></vertex1>
<vertex2 x="4.2968000000000002 " y="6.9530000000000003 " z="5 " diameter="1 "></vertex2>
</GraphEdge>
<GraphEdge>
<vertex1 x="4.2968000000000002 " y="6.9530000000000003 " z="5 " diameter="1 "></vertex1>
<vertex2 x="4.0430000000000001 " y="6.5819999999999999 " z="5 " diameter="1 "></vertex2>
</GraphEdge>
<GraphEdge>
<vertex1 x="4.0430000000000001 " y="6.5819999999999999 " z="5 " diameter="1 "></vertex1>
<vertex2 x="3.75 " y="6.25 " z="5 " diameter="1 "></vertex2>
</GraphEdge>
<GraphEdge>
<vertex1 x="3.75 " y="6.25 " z="5 " diameter="1 "></vertex1>
<vertex2 x="3.4180000000000001 " y="5.9569999999999999 " z="5 " diameter="1 "></vertex2>
</GraphEdge>
<GraphEdge>
<vertex1 x="3.4180000000000001 " y="5.9569999999999999 " z="5 " diameter="1 "></vertex1>
<vertex2 x="3.0468000000000002 " y="5.7030000000000003 " z="5 " diameter="1 "></vertex2>
</GraphEdge>
<GraphEdge>
<vertex1 x="3.0468000000000002 " y="5.7030000000000003 " z="5 " diameter="1 "></vertex1>
<vertex2 x="2.6366000000000001 " y="5.4882 " z="5 " diameter="1 "></vertex2>
</GraphEdge>
<GraphEdge>
<vertex1 x="2.6366000000000001 " y="5.4882 " z="5 " diameter="1 "></vertex1>
<vertex2 x="2.1873999999999998 " y="5.3124000000000002 " z="5 " diameter="1 "></vertex2>
</GraphEdge>
<GraphEdge>
<vertex1 x="2.1873999999999998 " y="5.3124000000000002 " z="5 " diameter="1 "></vertex1>
<vertex2 x="1.6992 " y="5.1757999999999997 " z="5 " diameter="1 "></vertex2>
</GraphEdge>
<GraphEdge>
<vertex1 x="1.6992 " y="5.1757999999999997 " z="5 " diameter="1 "></vertex1>
<vertex2 x="1.1718 " y="5.0780000000000003 " z="5 " diameter="1 "></vertex2>
</GraphEdge>
<GraphEdge>
<vertex1 x="1.1718 " y="5.0780000000000003 " z="5 " diameter="1 "></vertex1>
<vertex2 x="0.60540000000000005 " y="5.0194000000000001 " z="5 " diameter="1 "></vertex2>
</GraphEdge>
<GraphEdge>
<vertex1 x="0.60540000000000005 " y="5.0194000000000001 " z="5 " diameter="1 "></vertex1>
<vertex2 x="0 " y="5 " z="5 " diameter="1 "></vertex2>
</GraphEdge>
<GraphEdge>
<vertex1 x="10 " y="5 " z="5 " diameter="1 "></vertex1>
<vertex2 x="9.3943999999999992 " y="4.9804000000000004 " z="5 " diameter="1 "></vertex2>
</GraphEdge>
<GraphEdge>
<vertex1 x="9.3943999999999992 " y="4.9804000000000004 " z="5 " diameter="1 "></vertex1>
<vertex2 x="8.8279999999999994 " y="4.9218000000000002 " z="5 " diameter="1 "></vertex2>
</GraphEdge>
<GraphEdge>
<vertex1 x="8.8279999999999994 " y="4.9218000000000002 " z="5 " diameter="1 "></vertex1>
<vertex2 x="8.3008000000000006 " y="4.8242000000000003 " z="5 " diameter="1 "></vertex2>
</GraphEdge>
<GraphEdge>
<vertex1 x="8.3008000000000006 " y="4.8242000000000003 " z="5 " diameter="1 "></vertex1>
<vertex2 x="7.8124000000000002 " y="4.6874000000000002 " z="5 " diameter="1 "></vertex2>
</GraphEdge>
<GraphEdge>
<vertex1 x="7.8124000000000002 " y="4.6874000000000002 " z="5 " diameter="1 "></vertex1>
<vertex2 x="7.3632 " y="4.5115999999999996 " z="5 " diameter="1 "></vertex2>
</GraphEdge>
<GraphEdge>
<vertex1 x="7.3632 " y="4.5115999999999996 " z="5 " diameter="1 "></vertex1>
<vertex2 x="6.9530000000000003 " y="4.2968000000000002 " z="5 " diameter="1 "></vertex2>
</GraphEdge>
<GraphEdge>
<vertex1 x="6.9530000000000003 " y="4.2968000000000002 " z="5 " diameter="1 "></vertex1>
<vertex2 x="6.5819999999999999 " y="4.0430000000000001 " z="5 " diameter="1 "></vertex2>
</GraphEdge>
<GraphEdge>
<vertex1 x="6.5819999999999999 " y="4.0430000000000001 " z="5 " diameter="1 "></vertex1>
<vertex2 x="6.25 " y="3.75 " z="5 " diameter="1 "></vertex2>
</GraphEdge>
<GraphEdge>
<vertex1 x="6.25 " y="3.75 " z="5 " diameter="1 "></vertex1>
<vertex2 x="5.9569999999999999 " y="3.4180000000000001 " z="5 " diameter="1 "></vertex2>
</GraphEdge>
<GraphEdge>
<vertex1 x="5.9569999999999999 " y="3.4180000000000001 " z="5 " diameter="1 "></vertex1>
<vertex2 x="5.7030000000000003 " y="3.0468000000000002 " z="5 " diameter="1 "></vertex2>
</GraphEdge>
<GraphEdge>
<vertex1 x="5.7030000000000003 " y="3.0468000000000002 " z="5 " diameter="1 "></vertex1>
<vertex2 x="5.4882 " y="2.6366000000000001 " z="5 " diameter="1 "></vertex2>
</GraphEdge>
<GraphEdge>
<vertex1 x="5.4882 " y="2.6366000000000001 " z="5 " diameter="1 "></vertex1>
<vertex2 x="5.3124000000000002 " y="2.1873999999999998 " z="5 " diameter="1 "></vertex2>
</GraphEdge>
<GraphEdge>
<vertex1 x="5.3124000000000002 " y="2.1873999999999998 " z="5 " diameter="1 "></vertex1>
<vertex2 x="5.1757999999999997 " y="1.6992 " z="5 " diameter="1 "></vertex2>
</GraphEdge>
<GraphEdge>
<vertex1 x="5.1757999999999997 " y="1.6992 " z="5 " diameter="1 "></vertex1>
<vertex2 x="5.0780000000000003 " y="1.1718 " z="5 " diameter="1 "></vertex2>
</GraphEdge>
<GraphEdge>
<vertex1 x="5.0780000000000003 " y="1.1718 " z="5 " diameter="1 "></vertex1>
<vertex2 x="5.0194000000000001 " y="0.60540000000000005 " z="5 " diameter="1 "></vertex2>
</GraphEdge>
<GraphEdge>
<vertex1 x="5.0194000000000001 " y="0.60540000000000005 " z="5 " diameter="1 "></vertex1>
<vertex2 x="5 " y="0 " z="5 " diameter="1 "></vertex2>
</GraphEdge>
<GraphEdge>
<vertex1 x="5 " y="10 " z="5 " diameter="1 "></vertex1>
<vertex2 x="5 " y="9.3943999999999992 " z="5.0194000000000001 " diameter="1 "></vertex2>
</GraphEdge>
<GraphEdge>
<vertex1 x="5 " y="9.3943999999999992 " z="5.0194000000000001 " diameter="1 "></vertex1>
<vertex2 x="5 " y="8.8279999999999994 " z="5.0780000000000003 " diameter="1 "></vertex2>
</GraphEdge>
<GraphEdge>
<vertex1 x="5 " y="8.8279999999999994 " z="5.0780000000000003 " diameter="1 "></vertex1>
<vertex2 x="5 " y="8.3008000000000006 " z="5.1757999999999997 " diameter="1 "></vertex2>
</GraphEdge>
<GraphEdge>
<vertex1 x="5 " y="8.3008000000000006 " z="5.1757999999999997 " diameter="1 "></vertex1>
<vertex2 x="5 " y="7.8124000000000002 " z="5.3124000000000002 " diameter="1 "></vertex2>
</GraphEdge>
<GraphEdge>
<vertex1 x="5 " y="7.8124000000000002 " z="5.3124000000000002 " diameter="1 "></vertex1>
<vertex2 x="5 " y="7.3632 " z="5.4882 " diameter="1 "></vertex2>
</GraphEdge>
<GraphEdge>
<vertex1 x="5 " y="7.3632 " z="5.4882 " diameter="1 "></vertex1>
<vertex2 x="5 " y="6.9530000000000003 " z="5.7030000000000003 " diameter="1 "></vertex2>
</GraphEdge>
<GraphEdge>
<vertex1 x="5 " y="6.9530000000000003 " z="5.7030000000000003 " diameter="1 "></vertex1>
<vertex2 x="5 " y="6.5819999999999999 " z="5.9569999999999999 " diameter="1 "></vertex2>
</GraphEdge>
<GraphEdge>
<vertex1 x="5 " y="6.5819999999999999 " z="5.9569999999999999 " diameter="1 "></vertex1>
<vertex2 x="5 " y="6.25 " z="6.25 " diameter="1 "></vertex2>
</GraphEdge>
<GraphEdge>
<vertex1 x="5 " y="6.25 " z="6.25 " diameter="1 "></vertex1>
<vertex2 x="5 " y="5.9569999999999999 " z="6.5819999999999999 " diameter="1 "></vertex2>
</GraphEdge>
<GraphEdge>
<vertex1 x="5 " y="5.9569999999999999 " z="6.5819999999999999 " diameter="1 "></vertex1>
<vertex2 x="5 " y="5.7030000000000003 " z="6.9530000000000003 " diameter="1 "></vertex2>
</GraphEdge>
<GraphEdge>
<vertex1 x="5 " y="5.7030000000000003 " z="6.9530000000000003 " diameter="1 "></vertex1>
<vertex2 x="5 " y="5.4882 " z="7.3632 " diameter="1 "></vertex2>
</GraphEdge>
<GraphEdge>
<vertex1 x="5 " y="5.4882 " z="7.3632 " diameter="1 "></vertex1>
<vertex2 x="5 " y="5.3124000000000002 " z="7.8124000000000002 " diameter="1 "></vertex2>
</GraphEdge>
<GraphEdge>
<vertex1 x="5 " y="5.3124000000000002 " z="7.8124000000000002 " diameter="1 "></vertex1>
<vertex2 x="5 " y="5.1757999999999997 " z="8.3008000000000006 " diameter="1 "></vertex2>
</GraphEdge>
<GraphEdge>
<vertex1 x="5 " y="5.1757999999999997 " z="8.3008000000000006 " diameter="1 "></vertex1>
<vertex2 x="5 " y="5.0780000000000003 " z="8.8279999999999994 " diameter="1 "></vertex2>
</GraphEdge>
<GraphEdge>
<vertex1 x="5 " y="5.0780000000000003 " z="8.8279999999999994 " diameter="1 "></vertex1>
<vertex2 x="5 " y="5.0194000000000001 " z="9.3943999999999992 " diameter="1 "></vertex2>
</GraphEdge>
<GraphEdge>
<vertex1 x="5 " y="5.0194000000000001 " z="9.3943999999999992 " diameter="1 "></vertex1>
<vertex2 x="5 " y="5 " z="10 " diameter="1 "></vertex2>
</GraphEdge>
<GraphEdge>
<vertex1 x="10 " y="5 " z="5 " diameter="1 "></vertex1>
<vertex2 x="9.3943999999999992 " y="5.0194000000000001 " z="5 " diameter="1 "></vertex2>
</GraphEdge>
<GraphEdge>
<vertex1 x="9.3943999999999992 " y="5.0194000000000001 " z="5 " diameter="1 "></vertex1>
<vertex2 x="8.8279999999999994 " y="5.0780000000000003 " z="5 " diameter="1 "></vertex2>
</GraphEdge>
<GraphEdge>
<vertex1 x="8.8279999999999994 " y="5.0780000000000003 " z="5 " diameter="1 "></vertex1>
<vertex2 x="8.3008000000000006 " y="5.1757999999999997 " z="5 " diameter="1 "></vertex2>
</GraphEdge>
<GraphEdge>
<vertex1 x="8.3008000000000006 " y="5.1757999999999997 " z="5 " diameter="1 "></vertex1>
<vertex2 x="7.8124000000000002 " y="5.3124000000000002 " z="5 " diameter="1 "></vertex2>
</GraphEdge>
<GraphEdge>
<vertex1 x="7.8124000000000002 " y="5.3124000000000002 " z="5 " diameter="1 "></vertex1>
<vertex2 x="7.3632 " y="5.4882 " z="5 " diameter="1 "></vertex2>
</GraphEdge>
<GraphEdge>
<vertex1 x="7.3632 " y="5.4882 " z="5 " diameter="1 "></vertex1>
<vertex2 x="6.9530000000000003 " y="5.7030000000000003 " z="5 " diameter="1 "></vertex2>
</GraphEdge>
<GraphEdge>
<vertex1 x="6.9530000000000003 " y="5.7030000000000003 " z="5 " diameter="1 "></vertex1>
<vertex2 x="6.5819999999999999 " y="5.9569999999999999 " z="5 " diameter="1 "></vertex2>
</GraphEdge>
<GraphEdge>
<vertex1 x="6.5819999999999999 " y="5.9569999999999999 " z="5 " diameter="1 "></vertex1>
<vertex2 x="6.25 " y="6.25 " z="5 " diameter="1 "></vertex2>
</GraphEdge>
<GraphEdge>
<vertex1 x="6.25 " y="6.25 " z="5 " diameter="1 "></vertex1>
<vertex2 x="5.9569999999999999 " y="6.5819999999999999 " z="5 " diameter="1 "></vertex2>
</GraphEdge>
<GraphEdge>
<vertex1 x="5.9569999999999999 " y="6.5819999999999999 " z="5 " diameter="1 "></vertex1>
<vertex2 x="5.7030000000000003 " y="6.9530000000000003 " z="5 " diameter="1 "></vertex2>
</GraphEdge>
<GraphEdge>
<vertex1 x="5.7030000000000003 " y="6.9530000000000003 " z="5 " diameter="1 "></vertex1>
<vertex2 x="5.4882 " y="7.3632 " z="5 " diameter="1 "></vertex2>
</GraphEdge>
<GraphEdge>
<vertex1 x="5.4882 " y="7.3632 " z="5 " diameter="1 "></vertex1>
<vertex2 x="5.3124000000000002 " y="7.8124000000000002 " z="5 " diameter="1 "></vertex2>
</GraphEdge>
<GraphEdge>
<vertex1 x="5.3124000000000002 " y="7.8124000000000002 " z="5 " diameter="1 "></vertex1>
<vertex2 x="5.1757999999999997 " y="8.3008000000000006 " z="5 " diameter="1 "></vertex2>
</GraphEdge>
<GraphEdge>
<vertex1 x="5.1757999999999997 " y="8.3008000000000006 " z="5 " diameter="1 "></vertex1>
<vertex2 x="5.0780000000000003 " y="8.8279999999999994 " z="5 " diameter="1 "></vertex2>
</GraphEdge>
<GraphEdge>
<vertex1 x="5.0780000000000003 " y="8.8279999999999994 " z="5 " diameter="1 "></vertex1>
<vertex2 x="5.0194000000000001 " y="9.3943999999999992 " z="5 " diameter="1 "></vertex2>
</GraphEdge>
<GraphEdge>
<vertex1 x="5.0194000000000001 " y="9.3943999999999992 " z="5 " diameter="1 "></vertex1>
<vertex2 x="5 " y="10 " z="5 " diameter="1 "></vertex2>
</GraphEdge>
<GraphEdge>
<vertex1 x="5 " y="5 " z="10 " diameter="1 "></vertex1>
<vertex2 x="5.0194000000000001 " y="5 " z="9.3943999999999992 " diameter="1 "></vertex2>
</GraphEdge>
<GraphEdge>
<vertex1 x="5.0194000000000001 " y="5 " z="9.3943999999999992 " diameter="1 "></vertex1>
<vertex2 x="5.0780000000000003 " y="5 " z="8.8279999999999994 " diameter="1 "></vertex2>
</GraphEdge>
<GraphEdge>
<vertex1 x="5.0780000000000003 " y="5 " z="8.8279999999999994 " diameter="1 "></vertex1>
<vertex2 x="5.1757999999999997 " y="5 " z="8.3008000000000006 " diameter="1 "></vertex2>
</GraphEdge>
<GraphEdge>
<vertex1 x="5.1757999999999997 " y="5 " z="8.3008000000000006 " diameter="1 "></vertex1>
<vertex2 x="5.3124000000000002 " y="5 " z="7.8124000000000002 " diameter="1 "></vertex2>
</GraphEdge>
<GraphEdge>
<vertex1 x="5.3124000000000002 " y="5 " z="7.8124000000000002 " diameter="1 "></vertex1>
<vertex2 x="5.4882 " y="5 " z="7.3632 " diameter="1 "></vertex2>
</GraphEdge>
<GraphEdge>
<vertex1 x="5.4882 " y="5 " z="7.3632 " diameter="1 "></vertex1>
<vertex2 x="5.7030000000000003 " y="5 " z="6.9530000000000003 " diameter="1 "></vertex2>
</GraphEdge>
<GraphEdge>
<vertex1 x="5.7030000000000003 " y="5 " z="6.9530000000000003 " diameter="1 "></vertex1>
<vertex2 x="5.9569999999999999 " y="5 " z="6.5819999999999999 " diameter="1 "></vertex2>
</GraphEdge>
<GraphEdge>
<vertex1 x="5.9569999999999999 " y="5 " z="6.5819999999999999 " diameter="1 "></vertex1>
<vertex2 x="6.25 " y="5 " z="6.25 " diameter="1 "></vertex2>
</GraphEdge>
<GraphEdge>
<vertex1 x="6.25 " y="5 " z="6.25 " diameter="1 "></vertex1>
<vertex2 x="6.5819999999999999 " y="5 " z="5.9569999999999999 " diameter="1 "></vertex2>
</GraphEdge>
<GraphEdge>
<vertex1 x="6.5819999999999999 " y="5 " z="5.9569999999999999 " diameter="1 "></vertex1>
<vertex2 x="6.9530000000000003 " y="5 " z="5.7030000000000003 " diameter="1 "></vertex2>
</GraphEdge>
<GraphEdge>
<vertex1 x="6.9530000000000003 " y="5 " z="5.7030000000000003 " diameter="1 "></vertex1>
<vertex2 x="7.3632 " y="5 " z="5.4882 " diameter="1 "></vertex2>
</GraphEdge>
<GraphEdge>
<vertex1 x="7.3632 " y="5 " z="5.4882 " diameter="1 "></vertex1>
<vertex2 x="7.8124000000000002 " y="5 " z="5.3124000000000002 " diameter="1 "></vertex2>
</GraphEdge>
<GraphEdge>
<vertex1 x="7.8124000000000002 " y="5 " z="5.3124000000000002 " diameter="1 "></vertex1>
<vertex2 x="8.3008000000000006 " y="5 " z="5.1757999999999997 " diameter="1 "></vertex2>
</GraphEdge>
<GraphEdge>
<vertex1 x="8.3008000000000006 " y="5 " z="5.1757999999999997 " diameter="1 "></vertex1>
<vertex2 x="8.8279999999999994 " y="5 " z="5.0780000000000003 " diameter="1 "></vertex2>
</GraphEdge>
<GraphEdge>
<vertex1 x="8.8279999999999994 " y="5 " z="5.0780000000000003 " diameter="1 "></vertex1>
<vertex2 x="9.3943999999999992 " y="5 " z="5.0194000000000001 " diameter="1 "></vertex2>
</GraphEdge>
<GraphEdge>
<vertex1 x="9.3943999999999992 " y="5 " z="5.0194000000000001 " diameter="1 "></vertex1>
<vertex2 x="10 " y="5 " z="5 " diameter="1 "></vertex2>
</GraphEdge>
<GraphEdge>
<vertex1 x="5 " y="5 " z="0 " diameter="1 "></vertex1>
<vertex2 x="4.9804000000000004 " y="5 " z="0.60540000000000005 " diameter="1 "></vertex2>
</GraphEdge>
<GraphEdge>
<vertex1 x="4.9804000000000004 " y="5 " z="0.60540000000000005 " diameter="1 "></vertex1>
<vertex2 x="4.9218000000000002 " y="5 " z="1.1718 " diameter="1 "></vertex2>
</GraphEdge>
<GraphEdge>
<vertex1 x="4.9218000000000002 " y="5 " z="1.1718 " diameter="1 "></vertex1>
<vertex2 x="4.8242000000000003 " y="5 " z="1.6992 " diameter="1 "></vertex2>
</GraphEdge>
<GraphEdge>
<vertex1 x="4.8242000000000003 " y="5 " z="1.6992 " diameter="1 "></vertex1>
<vertex2 x="4.6874000000000002 " y="5 " z="2.1873999999999998 " diameter="1 "></vertex2>
</GraphEdge>
<GraphEdge>
<vertex1 x="4.6874000000000002 " y="5 " z="2.1873999999999998 " diameter="1 "></vertex1>
<vertex2 x="4.5115999999999996 " y="5 " z="2.6366000000000001 " diameter="1 "></vertex2>
</GraphEdge>
<GraphEdge>
<vertex1 x="4.5115999999999996 " y="5 " z="2.6366000000000001 " diameter="1 "></vertex1>
<vertex2 x="4.2968000000000002 " y="5 " z="3.0468000000000002 " diameter="1 "></vertex2>
</GraphEdge>
<GraphEdge>
<vertex1 x="4.2968000000000002 " y="5 " z="3.0468000000000002 " diameter="1 "></vertex1>
<vertex2 x="4.0430000000000001 " y="5 " z="3.4180000000000001 " diameter="1 "></vertex2>
</GraphEdge>
<GraphEdge>
<vertex1 x="4.0430000000000001 " y="5 " z="3.4180000000000001 " diameter="1 "></vertex1>
<vertex2 x="3.75 " y="5 " z="3.75 " diameter="1 "></vertex2>
</GraphEdge>
<GraphEdge>
<vertex1 x="3.75 " y="5 " z="3.75 " diameter="1 "></vertex1>
<vertex2 x="3.4180000000000001 " y="5 " z="4.0430000000000001 " diameter="1 "></vertex2>
</GraphEdge>
<GraphEdge>
<vertex1 x="3.4180000000000001 " y="5 " z="4.0430000000000001 " diameter="1 "></vertex1>
<vertex2 x="3.0468000000000002 " y="5 " z="4.2968000000000002 " diameter="1 "></vertex2>
</GraphEdge>
<GraphEdge>
<vertex1 x="3.0468000000000002 " y="5 " z="4.2968000000000002 " diameter="1 "></vertex1>
<vertex2 x="2.6366000000000001 " y="5 " z="4.5115999999999996 " diameter="1 "></vertex2>
</GraphEdge>
<GraphEdge>
<vertex1 x="2.6366000000000001 " y="5 " z="4.5115999999999996 " diameter="1 "></vertex1>
<vertex2 x="2.1873999999999998 " y="5 " z="4.6874000000000002 " diameter="1 "></vertex2>
</GraphEdge>
<GraphEdge>
<vertex1 x="2.1873999999999998 " y="5 " z="4.6874000000000002 " diameter="1 "></vertex1>
<vertex2 x="1.6992 " y="5 " z="4.8242000000000003 " diameter="1 "></vertex2>
</GraphEdge>
<GraphEdge>
<vertex1 x="1.6992 " y="5 " z="4.8242000000000003 " diameter="1 "></vertex1>
<vertex2 x="1.1718 " y="5 " z="4.9218000000000002 " diameter="1 "></vertex2>
</GraphEdge>
<GraphEdge>
<vertex1 x="1.1718 " y="5 " z="4.9218000000000002 " diameter="1 "></vertex1>
<vertex2 x="0.60540000000000005 " y="5 " z="4.9804000000000004 " diameter="1 "></vertex2>
</GraphEdge>
<GraphEdge>
<vertex1 x="0.60540000000000005 " y="5 " z="4.9804000000000004 " diameter="1 "></vertex1>
<vertex2 x="0 " y="5 " z="5 " diameter="1 "></vertex2>
</GraphEdge>
<GraphEdge>
<vertex1 x="5 " y="5 " z="0 " diameter="1 "></vertex1>
<vertex2 x="5.0194000000000001 " y="5 " z="0.60540000000000005 " diameter="1 "></vertex2>
</GraphEdge>
<GraphEdge>
<vertex1 x="5.0194000000000001 " y="5 " z="0.60540000000000005 " diameter="1 "></vertex1>
<vertex2 x="5.0780000000000003 " y="5 " z="1.1718 " diameter="1 "></vertex2>
</GraphEdge>
<GraphEdge>
<vertex1 x="5.0780000000000003 " y="5 " z="1.1718 " diameter="1 "></vertex1>
<vertex2 x="5.1757999999999997 " y="5 " z="1.6992 " diameter="1 "></vertex2>
</GraphEdge>
<GraphEdge>
<vertex1 x="5.1757999999999997 " y="5 " z="1.6992 " diameter="1 "></vertex1>
<vertex2 x="5.3124000000000002 " y="5 " z="2.1873999999999998 " diameter="1 "></vertex2>
</GraphEdge>
<GraphEdge>
<vertex1 x="5.3124000000000002 " y="5 " z="2.1873999999999998 " diameter="1 "></vertex1>
<vertex2 x="5.4882 " y="5 " z="2.6366000000000001 " diameter="1 "></vertex2>
</GraphEdge>
<GraphEdge>
<vertex1 x="5.4882 " y="5 " z="2.6366000000000001 " diameter="1 "></vertex1>
<vertex2 x="5.7030000000000003 " y="5 " z="3.0468000000000002 " diameter="1 "></vertex2>
</GraphEdge>
<GraphEdge>
<vertex1 x="5.7030000000000003 " y="5 " z="3.0468000000000002 " diameter="1 "></vertex1>
<vertex2 x="5.9569999999999999 " y="5 " z="3.4180000000000001 " diameter="1 "></vertex2>
</GraphEdge>
<GraphEdge>
<vertex1 x="5.9569999999999999 " y="5 " z="3.4180000000000001 " diameter="1 "></vertex1>
<vertex2 x="6.25 " y="5 " z="3.75 " diameter="1 "></vertex2>
</GraphEdge>
<GraphEdge>
<vertex1 x="6.25 " y="5 " z="3.75 " diameter="1 "></vertex1>
<vertex2 x="6.5819999999999999 " y="5 " z="4.0430000000000001 " diameter="1 "></vertex2>
</GraphEdge>
<GraphEdge>
<vertex1 x="6.5819999999999999 " y="5 " z="4.0430000000000001 " diameter="1 "></vertex1>
<vertex2 x="6.9530000000000003 " y="5 " z="4.2968000000000002 " diameter="1 "></vertex2>
</GraphEdge>
<GraphEdge>
<vertex1 x="6.9530000000000003 " y="5 " z="4.2968000000000002 " diameter="1 "></vertex1>
<vertex2 x="7.3632 " y="5 " z="4.5115999999999996 " diameter="1 "></vertex2>
</GraphEdge>
<GraphEdge>
<vertex1 x="7.3632 " y="5 " z="4.5115999999999996 " diameter="1 "></vertex1>
<vertex2 x="7.8124000000000002 " y="5 " z="4.6874000000000002 " diameter="1 "></vertex2>
</GraphEdge>
<GraphEdge>
<vertex1 x="7.8124000000000002 " y="5 " z="4.6874000000000002 " diameter="1 "></vertex1>
<vertex2 x="8.3008000000000006 " y="5 " z="4.8242000000000003 " diameter="1 "></vertex2>
</GraphEdge>
<GraphEdge>
<vertex1 x="8.3008000000000006 " y="5 " z="4.8242000000000003 " diameter="1 "></vertex1>
<vertex2 x="8.8279999999999994 " y="5 " z="4.9218000000000002 " diameter="1 "></vertex2>
</GraphEdge>
<GraphEdge>
<vertex1 x="8.8279999999999994 " y="5 " z="4.9218000000000002 " diameter="1 "></vertex1>
<vertex2 x="9.3943999999999992 " y="5 " z="4.9804000000000004 " diameter="1 "></vertex2>
</GraphEdge>
<GraphEdge>
<vertex1 x="9.3943999999999992 " y="5 " z="4.9804000000000004 " diameter="1 "></vertex1>
<vertex2 x="10 " y="5 " z="5 " diameter="1 "></vertex2>
</GraphEdge></GraphStructure></mat:GraphStructureFile>
