<?xml version="1.0" encoding="UTF-8" ?>
<mat:GraphStructureFile xmlns:mat="urn:materialise">
  <GraphStructure>
    <GraphEdge>
      <vertex1 x="-10 " y="-10 " z="-10 " diameter="1 "></vertex1>
      <vertex2 x="-20 " y="-20 " z="-20 " diameter="1 "></vertex2>
    </GraphEdge>
    <GraphEdge>
      <vertex1 x="-10 " y="-10 " z="-10 " diameter="1 "></vertex1>
      <vertex2 x="0 " y="0 " z="-20 " diameter="1 "></vertex2>
    </GraphEdge>
    <GraphEdge>
      <vertex1 x="-10 " y="-10 " z="-10 " diameter="1 "></vertex1>
      <vertex2 x="-20 " y="0 " z="0 " diameter="1 "></vertex2>
    </GraphEdge>
    <GraphEdge>
      <vertex1 x="-10 " y="-10 " z="-10 " diameter="1 "></vertex1>
      <vertex2 x="0 " y="-20 " z="0 " diameter="1 "></vertex2>
    </GraphEdge>
    <GraphEdge>
      <vertex1 x="-10 " y="-10 " z="10 " diameter="1 "></vertex1>
      <vertex2 x="-20 " y="-20 " z="20 " diameter="1 "></vertex2>
    </GraphEdge>
    <GraphEdge>
      <vertex1 x="-10 " y="-10 " z="10 " diameter="1 "></vertex1>
      <vertex2 x="0 " y="0 " z="20 " diameter="1 "></vertex2>
    </GraphEdge>
    <GraphEdge>
      <vertex1 x="-10 " y="-10 " z="10 " diameter="1 "></vertex1>
      <vertex2 x="-20 " y="0 " z="0 " diameter="1 "></vertex2>
    </GraphEdge>
    <GraphEdge>
      <vertex1 x="-10 " y="-10 " z="10 " diameter="1 "></vertex1>
      <vertex2 x="0 " y="-20 " z="0 " diameter="1 "></vertex2>
    </GraphEdge>
    <GraphEdge>
      <vertex1 x="-10 " y="10 " z="-10 " diameter="1 "></vertex1>
      <vertex2 x="-20 " y="20 " z="-20 " diameter="1 "></vertex2>
    </GraphEdge>
    <GraphEdge>
      <vertex1 x="-10 " y="10 " z="-10 " diameter="1 "></vertex1>
      <vertex2 x="0 " y="0 " z="-20 " diameter="1 "></vertex2>
    </GraphEdge>
    <GraphEdge>
      <vertex1 x="-10 " y="10 " z="-10 " diameter="1 "></vertex1>
      <vertex2 x="-20 " y="0 " z="0 " diameter="1 "></vertex2>
    </GraphEdge>
    <GraphEdge>
      <vertex1 x="-10 " y="10 " z="-10 " diameter="1 "></vertex1>
      <vertex2 x="0 " y="20 " z="0 " diameter="1 "></vertex2>
    </GraphEdge>
    <GraphEdge>
      <vertex1 x="-10 " y="10 " z="10 " diameter="1 "></vertex1>
      <vertex2 x="-20 " y="20 " z="20 " diameter="1 "></vertex2>
    </GraphEdge>
    <GraphEdge>
      <vertex1 x="-10 " y="10 " z="10 " diameter="1 "></vertex1>
      <vertex2 x="0 " y="0 " z="20 " diameter="1 "></vertex2>
    </GraphEdge>
    <GraphEdge>
      <vertex1 x="-10 " y="10 " z="10 " diameter="1 "></vertex1>
      <vertex2 x="-20 " y="0 " z="0 " diameter="1 "></vertex2>
    </GraphEdge>
    <GraphEdge>
      <vertex1 x="-10 " y="10 " z="10 " diameter="1 "></vertex1>
      <vertex2 x="0 " y="20 " z="0 " diameter="1 "></vertex2>
    </GraphEdge>
    <GraphEdge>
      <vertex1 x="10 " y="-10 " z="-10 " diameter="1 "></vertex1>
      <vertex2 x="20 " y="-20 " z="-20 " diameter="1 "></vertex2>
    </GraphEdge>
    <GraphEdge>
      <vertex1 x="10 " y="-10 " z="-10 " diameter="1 "></vertex1>
      <vertex2 x="0 " y="0 " z="-20 " diameter="1 "></vertex2>
    </GraphEdge>
    <GraphEdge>
      <vertex1 x="10 " y="-10 " z="-10 " diameter="1 "></vertex1>
      <vertex2 x="20 " y="0 " z="0 " diameter="1 "></vertex2>
    </GraphEdge>
    <GraphEdge>
      <vertex1 x="10 " y="-10 " z="-10 " diameter="1 "></vertex1>
      <vertex2 x="0 " y="-20 " z="0 " diameter="1 "></vertex2>
    </GraphEdge>
    <GraphEdge>
      <vertex1 x="10 " y="-10 " z="10 " diameter="1 "></vertex1>
      <vertex2 x="20 " y="-20 " z="20 " diameter="1 "></vertex2>
    </GraphEdge>
    <GraphEdge>
      <vertex1 x="10 " y="-10 " z="10 " diameter="1 "></vertex1>
      <vertex2 x="0 " y="0 " z="20 " diameter="1 "></vertex2>
    </GraphEdge>
    <GraphEdge>
      <vertex1 x="10 " y="-10 " z="10 " diameter="1 "></vertex1>
      <vertex2 x="20 " y="0 " z="0 " diameter="1 "></vertex2>
    </GraphEdge>
    <GraphEdge>
      <vertex1 x="10 " y="-10 " z="10 " diameter="1 "></vertex1>
      <vertex2 x="0 " y="-20 " z="0 " diameter="1 "></vertex2>
    </GraphEdge>
    <GraphEdge>
      <vertex1 x="10 " y="10 " z="-10 " diameter="1 "></vertex1>
      <vertex2 x="20 " y="20 " z="-20 " diameter="1 "></vertex2>
    </GraphEdge>
    <GraphEdge>
      <vertex1 x="10 " y="10 " z="-10 " diameter="1 "></vertex1>
      <vertex2 x="0 " y="0 " z="-20 " diameter="1 "></vertex2>
    </GraphEdge>
    <GraphEdge>
      <vertex1 x="10 " y="10 " z="-10 " diameter="1 "></vertex1>
      <vertex2 x="20 " y="0 " z="0 " diameter="1 "></vertex2>
    </GraphEdge>
    <GraphEdge>
      <vertex1 x="10 " y="10 " z="-10 " diameter="1 "></vertex1>
      <vertex2 x="0 " y="20 " z="0 " diameter="1 "></vertex2>
    </GraphEdge>
    <GraphEdge>
      <vertex1 x="10 " y="10 " z="10 " diameter="1 "></vertex1>
      <vertex2 x="20 " y="20 " z="20 " diameter="1 "></vertex2>
    </GraphEdge>
    <GraphEdge>
      <vertex1 x="10 " y="10 " z="10 " diameter="1 "></vertex1>
      <vertex2 x="0 " y="0 " z="20 " diameter="1 "></vertex2>
    </GraphEdge>
    <GraphEdge>
      <vertex1 x="10 " y="10 " z="10 " diameter="1 "></vertex1>
      <vertex2 x="20 " y="0 " z="0 " diameter="1 "></vertex2>
    </GraphEdge>
    <GraphEdge>
      <vertex1 x="10 " y="10 " z="10 " diameter="1 "></vertex1>
      <vertex2 x="0 " y="20 " z="0 " diameter="1 "></vertex2>
    </GraphEdge>
  </GraphStructure>
</mat:GraphStructureFile>
