<?xml version="1.0" encoding="UTF-8" ?><mat:GraphStructureFile xmlns:mat="urn:materialise"><GraphStructure><GraphEdge><vertex1 x="3 " y="0 " z="3 " diameter="1 "></vertex1><vertex2 x="7 " y="0 " z="3 " diameter="1 "></vertex2></GraphEdge><GraphEdge><vertex1 x="7 " y="0 " z="3 " diameter="1 "></vertex1><vertex2 x="7 " y="0 " z="7 " diameter="1 "></vertex2></GraphEdge><GraphEdge><vertex1 x="7 " y="0 " z="7 " diameter="1 "></vertex1><vertex2 x="3 " y="0 " z="7 " diameter="1 "></vertex2></GraphEdge><GraphEdge><vertex1 x="3 " y="0 " z="7 " diameter="1 "></vertex1><vertex2 x="3 " y="0 " z="3 " diameter="1 "></vertex2></GraphEdge><GraphEdge><vertex1 x="3 " y="3 " z="0 " diameter="1 "></vertex1><vertex2 x="7 " y="3 " z="0 " diameter="1 "></vertex2></GraphEdge><GraphEdge><vertex1 x="7 " y="3 " z="0 " diameter="1 "></vertex1><vertex2 x="7 " y="7 " z="0 " diameter="1 "></vertex2></GraphEdge><GraphEdge><vertex1 x="7 " y="7 " z="0 " diameter="1 "></vertex1><vertex2 x="3 " y="7 " z="0 " diameter="1 "></vertex2></GraphEdge><GraphEdge><vertex1 x="3 " y="7 " z="0 " diameter="1 "></vertex1><vertex2 x="3 " y="3 " z="0 " diameter="1 "></vertex2></GraphEdge><GraphEdge><vertex1 x="3 " y="7 " z="0 " diameter="1 "></vertex1><vertex2 x="10 " y="3 " z="7 " diameter="1 "></vertex2></GraphEdge><GraphEdge><vertex1 x="3 " y="10 " z="3 " diameter="1 "></vertex1><vertex2 x="7 " y="3 " z="10 " diameter="1 "></vertex2></GraphEdge><GraphEdge><vertex1 x="10 " y="7 " z="3 " diameter="1 "></vertex1><vertex2 x="3 " y="3 " z="10 " diameter="1 "></vertex2></GraphEdge><GraphEdge><vertex1 x="7 " y="0 " z="3 " diameter="1 "></vertex1><vertex2 x="3 " y="7 " z="10 " diameter="1 "></vertex2></GraphEdge><GraphEdge><vertex1 x="0 " y="3 " z="3 " diameter="1 "></vertex1><vertex2 x="7 " y="7 " z="10 " diameter="1 "></vertex2></GraphEdge><GraphEdge><vertex1 x="3 " y="3 " z="0 " diameter="1 "></vertex1><vertex2 x="7 " y="10 " z="7 " diameter="1 "></vertex2></GraphEdge><GraphEdge><vertex1 x="7 " y="7 " z="0 " diameter="1 "></vertex1><vertex2 x="3 " y="0 " z="7 " diameter="1 "></vertex2></GraphEdge><GraphEdge><vertex1 x="7 " y="3 " z="0 " diameter="1 "></vertex1><vertex2 x="0 " y="7 " z="7 " diameter="1 "></vertex2></GraphEdge><GraphEdge><vertex1 x="0 " y="3 " z="3 " diameter="1 "></vertex1><vertex2 x="0 " y="7 " z="3 " diameter="1 "></vertex2></GraphEdge><GraphEdge><vertex1 x="0 " y="7 " z="3 " diameter="1 "></vertex1><vertex2 x="0 " y="7 " z="7 " diameter="1 "></vertex2></GraphEdge><GraphEdge><vertex1 x="0 " y="7 " z="7 " diameter="1 "></vertex1><vertex2 x="0 " y="3 " z="7 " diameter="1 "></vertex2></GraphEdge><GraphEdge><vertex1 x="0 " y="3 " z="7 " diameter="1 "></vertex1><vertex2 x="0 " y="3 " z="3 " diameter="1 "></vertex2></GraphEdge></GraphStructure></mat:GraphStructureFile>
