{
  "SmartSelectionSolidEdge.onnx": {
    "TrainedFeatures": [
      "ParentFeatType",
      "ProfileType",
      "FaceAngleType",
      "Convexity",
      "IsSeed",
      "ParentFeatTimeStamp",
      "SameParentFeature",
      "SameParentBody",
      "Closed",
      "Length",
      "LengthRatio",
      "FaceAngle",
      "FaceAngleRatio",
      "CenterDist",
      "CenterDistRatio",
      "Radius",
      "RadiusRatio",
      "E1ToCent",
      "End1ToCentRatio",
      "CoPlanner",
      "IsConnected",
      "CoCentric"
    ],
    "CategoricalFeatures": [ "ParentFeatType", "ProfileType", "FaceAngleType", "Convexity" ],
    "Convexity": {
      "Concave": 0.0017234877,
      "Convex": 0.0014452906,
      "Smooth": 0.0000034924,
      "Unknown": 0.000679
    },
    "FaceAngleType": {
      "Concave": 0.0011360485,
      "Convex": 0.0014780578,
      "Parallel": 0.0000028234,
      "Unknown": 0.000679
    },
    "ParentFeatType": {
      "BLEND": 0.0001704175,
      "BLOCK": 0.0402318351,
      "BOSS": 0.0146637522,
      "BREP": 0.0000113074,
      "BRIDGESRF_SHEET": 0.0000067892,
      "Base Tab": 0.00000076541477,
      "Break Corner": 0.0000138556,
      "CBORE_HOLE": 0.0000226308,
      "CHAMFER": 0.0135399215,
      "CONE": 0.0000424327,
      "CSUNK_HOLE": 0.0000021417,
      "CYLINDER": 0.0648179576,
      "CYL_POCKET": 0.0000205734,
      "DELETE FACE": 0.0000424327,
      "DRAFT": 0.0433968678,
      "Divide Face": 0.0033319094,
      "EMBOSS BODY": 0.0209837686,
      "EXTEND_SHEET": 0.0000041652,
      "EXTRACT_BODY": 0.0001226007,
      "EXTRACT_FACE": 0.0000124022,
      "EXTRUDE": 0.0066791098,
      "FACE_BLEND": 0.0007000527,
      "FILL_CORNER": 0.00000034375844,
      "FILL_HOLE": 0.00000034585986,
      "FLANGE": 0.0009214355,
      "Flange": 0.00000023435379,
      "GENERAL_FLANGE": 0.0023325849,
      "Geometry Instance": 0.0007583813,
      "HOLE PACKAGE": 0.0042232596,
      "INSTANCE": 0.0279726125,
      "INTERSECT": 0.0000017498,
      "Imprint Faces": 0.0235373992,
      "LINKED_BODY": 0.0000043568,
      "LINKED_FACE": 0.000000009040131,
      "LINKED_MIRROR": 0.0004632255,
      "Law Extension": 0.0084060878,
      "MIRROR": 0.0004910846,
      "NSIDED_SURFACE": 0.0000424327,
      "OFFSET": 0.000038486,
      "Pattern Geometry": 0.0114192143,
      "RECT_GROOVE": 0.0779308975,
      "RECT_PAD": 0.0177538693,
      "RECT_POCKET": 0.0173384901,
      "RECT_SLOT": 0.00000067220094,
      "RIB": 0.0118967202,
      "Replace Face": 0.0281785764,
      "SB Flat Solid": 0.000000565298,
      "SECTION_SURF": 0.0065403851,
      "SHELL": 0.0032981345,
      "SIMPLE HOLE": 0.0076651401,
      "SKIN": 0.0018612621,
      "SM Punch": 0.0104099093,
      "SMCUTOUT": 0.0000484945,
      "SPLIT BODY": 0.0004405163,
      "SUBDIVIDE_FACE": 0.0006789229,
      "SUBTRACT": 0.0009869111,
      "SWP104": 0.0105283558,
      "Secondary Tab": 0.0033461642,
      "Studio Surface": 0.0152697666,
      "THICKEN_SHEET": 0.0032399986,
      "THRU_CURVE": 0.0005438105,
      "THRU_CURVE_MESH": 0.00000008842445,
      "TRIM BODY": 0.0047771344,
      "TRIM_AND_EXTEND": 0.0430891886,
      "TRIM_SHT": 0.0145025933,
      "UNTRIM": 0.0000026213,
      "U_GROOVE": 0.000096989,
      "Unparameterized Feature": 0.0000174083,
      "Unknown": 0.000679
    },
    "ProfileType": {
      "BCurve": 0.0000349467,
      "Circle": 0.0056962878,
      "Ellipse": 0.0014263812,
      "Intersection": 0.0008313056,
      "Line": 0.0012788544,
      "OpenCircle": 0.0002612382,
      "OpenEllipse": 0.0006850552,
      "SPCurve": 0.0000704827,
      "Unknown": 0.000679
    }
  }
}
