{
    "SmartSelectionSolidFace.onnx": {
        "TrainedFeatures": ["ParentFeatType", "FaceProfileType", "IsSeed", "ParentFeatTimeStamp", "SameParentFeature", "NumOfEdges",
			"NumOfEdgeRatio", "MaxEdgeLength", "MaxEdgeLengthRatio", "MinEdgeLength", "MinEdgeLengthRatio", "AverageEdgeLength", "AverageEdgeLengthRatio",
			"Perimeter", "PerimeterRatio", "Area", "NumberOfAdjFaces", "NumberOfAdjFacesRatio"],
        "CategoricalFeatures": ["ParentFeatType","FaceProfileType"],
        "ParentFeatType": {
			"BLEND": 0.0012433273,
			"BLOCK": 0.03446877,
			"BOSS": 0.0000180929,
			"BREP": 0.0003219557,
			"BRIDGESRF_SHEET": 0.0186435413,
			"Base Tab": 0.0000156337,
			"CBORE_HOLE": 0.000004681,
			"CHAMFER": 0.0039841896,
			"CONE": 0.1321058571,
			"CSUNK_HOLE": 0.009248835,
			"CYLINDER": 0.0009829345,
			"CYL_POCKET": 0.0002683778,
			"DELETE FACE": 0.0000110292,
			"DRAFT": 0.0144555205,
			"Divide Face": 0.0289890841,
			"Draft Body": 0.0000118402,
			"EMBOSS BODY": 0.0000263978,
			"ENLARGE": 0.1522883475,
			"EXTEND_SHEET": 0.0000061696,
			"EXTRACT_BODY": 0.0022160574,
			"EXTRACT_FACE": 0.0005226613,
			"EXTRACT_REGION": 0.0000036597,
			"EXTRUDE": 0.0104367472,
			"FACE_BLEND": 0.0077733677,
			"FILL_CORNER": 0.0143923508,
			"FILL_HOLE": 0.0288332719,
			"FLANGE": 0.0600949302,
			"Flange": 0.0000072209,
			"GENERAL_FLANGE": 0.0370569155,
			"Geometry Instance": 0.0002499486,
			"HOLE PACKAGE": 0.0019978085,
			"HOLLOW": 0.0116286268,
			"INSTANCE": 0.0270275921,
			"INTERSECT": 0.0130079258,
			"ISOLATE": 0.000073194,
			"LINKED_BODY": 0.0005171553,
			"LINKED_FACE": 0.0418477654,
			"LINKED_MIRROR": 0.0058275298,
			"Law Extension": 0.0043591401,
			"MIRROR": 0.000003327,
			"OFFSET": 0.0089688236,
			"Pattern Geometry": 0.0014631092,
			"RECT_GROOVE": 0.000048796,
			"RECT_PAD": 0.0348568633,
			"RECT_POCKET": 0.0864237323,
			"RECT_SLOT": 0.0050080512,
			"RIB": 0.0221276488,
			"Replace Face": 0.0000149099,
			"SECTION_SURF": 0.0000075599,
			"SHELL": 0.007918735,
			"SIMPLE HOLE": 0.0016867932,
			"SKIN": 0.0878144428,
			"SM Simple Hole": 0.0003220534,
			"SMCUTOUT": 0.0004025667,
			"SPHERE": 0.0000247733,
			"SPLIT BODY": 0.0023712406,
			"SS": 0.0011067884,
			"STUDIO_SURFACE_1x1": 0.0002012834,
			"STUDIO_SURFACE_2x2": 0.0625201315,
			"SUBDIVIDE_FACE": 0.0002683778,
			"SUBTRACT": 0.039686799,
			"SWP104": 0.0144855604,
			"Secondary Tab": 0.0000074206,
			"Studio Surface": 0.0179660004,
			"THICKEN_SHEET": 0.020093672,
			"THRU_CURVE": 0.0250732601,
			"THRU_CURVE_MESH": 0.0073541254,
			"TRIM BODY": 0.0092664175,
			"TRIM_AND_EXTEND": 0.0000058984,
			"TRIM_SHT": 0.0477121696,
			"UNTRIM": 0.0608621314,
			"WELD_BEAD": 0.0000201283,
			"WELD_LINKED_FACE": 0.000004681,
            "Unknown": 0.0016102
		},
        "FaceProfileType": {
			"BSurface": 0.0027212023,
			"BlendingSurface": 0.0008016652,
			"Cone": 0.0007520941,
			"Cylinder": 0.0010034945,
			"OffsetSurface": 0.0070488867,
			"Plane": 0.0032585992,
			"Sphere": 0.0000380024,
			"SwepthSurface": 0.0071202214,
			"SwungSurface": 0.0002267626,
			"Torus": 0.0000646079,
            "Unknown": 0.0016102
		}
    }
}
