{
    "title": "JSON for Mapping extractor's data class internal property keys to ontology URIs",
    "description": "This file contains the property names used by extractor as keys and their corresponding ontology URIs as values",
    "note": "This file is owned by NX Team. Any changes in the ontology file would require manually updating this file with the changes in class names /property names from new ontology",
    "classes": {
        "Design": {
            "class": "nx:Design",
            "properties": {
                "unique_Id": "nx:Design-uid",
                "connectors": "nx:Design-contains-Connector",
                "wires": "nx:Design-contains-Wire",
                "devices": "nx:Design-contains-Device",
                "electricalCadId": "nx:Design-electricalCadId"
            }
        },
        "Connector": {
            "class": "nx:Connector",
            "properties": {
                "gauge": "nx:Connector-gauge",
                "correspondsToDevice": "nx:Connector-connectedTo-Device",
                "style": "nx:Connector-style",
                "specification": "nx:Connector-specification",
                "unique_Id": "nx:Connector-uniqueId",
                "partType": "nx:Connector-partType",
                "partName": "nx:Connector-partName",
                "partNumber": "nx:Connector-partNumber",
                "recommendedPressure": "nx:Connector-recommendedPressure",
                "endsAtWire": "nx:Connector-endsAt-Wire",
                "residesInDesign": "nx:Connector-residesIn-Design",
                "electricalCadId": "nx:Connector-electricalCadId"
            }
        },
        "Wire": {
            "class": "nx:Wire",
            "properties": {
                "gauge": "nx:Wire-gauge",
                "length": "nx:Wire-length",
                "wireColor": "nx:Wire-wireColor",
                "cableId": "nx:Wire-cableId",
                "nxMaterial": "nx:Wire-nxMaterial",
                "fromConn": "nx:Wire-fromConn",
                "wireId": "nx:Wire-wireId",
                "wireMaterial": "nx:Wire-wireMaterial",
                "fromConnPin": "nx:Wire-fromConnPin",
                "material": "nx:Wire-material",
                "toConnPin": "nx:Wire-toConnPin",
                "residesInDesign": "nx:Wire-residesIn-Design",
                "endsAtConnector": "nx:Wire-endsAt-Connector",
                "stockBundleDiaMin": "nx:Wire-bundleDiaMin",
                "stockBundleDiaMax": "nx:Wire-bundleDiaMax",
                "stockMaterial": "nx:Wire-material",
                "stockColor": "nx:Wire-color",
                "overstockWrappedLengthMin": "nx:Wire-wrappedLengthMin",
                "overstockWrappedLengthMax": "nx:Wire-wrappedLengthMax",
                "electricalCadId": "nx:Wire-electricalCadId"
            }
        },
        "Device": {
            "class": "nx:Device",
            "properties": {
                "connectedToConnector": "nx:Device-connectedTo-Connector",
                "residesInDesign": "nx:Device-residesIn-Design",
                "electricalCadId": "nx:Device-electricalCadId"
            }
        }
    }
}
