{
    "schemaVersion": "1.1.0",
    "propertyDescriptors": {
        "nx:Connector-electricalCadId": {
            "isArray": false,
            "dataType": "xsd:string"
        },
        "nx:Wire-wrappedLengthMin": {
            "isArray": false,
            "dataType": "xsd:double"
        },
        "nx:Wire-gauge": {
            "isArray": false,
            "dataType": "xsd:double"
        },
        "nx:Design-dateReleased": {
            "isArray": false,
            "dataType": "xsd:datetime"
        },
        "nx:Wire-wireMaterial": {
            "isArray": false,
            "dataType": "xsd:string"
        },
        "nx:Design-objectType": {
            "isArray": false,
            "dataType": "xsd:string"
        },
        "nx:Wire-length": {
            "isArray": false,
            "dataType": "xsd:double"
        },
        "nx:Wire-bundleDiaMax": {
            "isArray": false,
            "dataType": "xsd:double"
        },
        "nx:Connector-partType": {
            "isArray": false,
            "dataType": "xsd:string"
        },
        "nx:Connector-recommendedPressure": {
            "isArray": false,
            "dataType": "xsd:double"
        },
        "nx:Design-owningOrganization": {
            "isArray": false,
            "dataType": "xsd:string"
        },
        "nx:Design-owningGroup": {
            "isArray": false,
            "dataType": "xsd:string"
        },
        "nx:Connector-partNumber": {
            "isArray": false,
            "dataType": "xsd:string"
        },
        "nx:Connector-specification": {
            "isArray": false,
            "dataType": "xsd:string"
        },
        "nx:Design-lastModUser": {
            "isArray": false,
            "dataType": "xsd:string"
        },
        "nx:Wire-fromConnPin": {
            "isArray": false,
            "dataType": "xsd:string"
        },
        "nx:Wire-nxMaterial": {
            "isArray": false,
            "dataType": "xsd:string"
        },
        "nx:Wire-electricalCadId": {
            "isArray": false,
            "dataType": "xsd:string"
        },
        "nx:Design-objectName": {
            "isArray": false,
            "dataType": "xsd:string"
        },
        "nx:Wire-wireId": {
            "isArray": false,
            "dataType": "xsd:string"
        },
        "nx:Design-lastModDate": {
            "isArray": false,
            "dataType": "xsd:datetime"
        },
        "nx:Wire-fromConn": {
            "isArray": false,
            "dataType": "xsd:string"
        },
        "nx:Design-uid": {
            "isArray": false,
            "dataType": "xsd:string"
        },
        "nx:Design-govClassification": {
            "isArray": false,
            "dataType": "xsd:string"
        },
        "nx:Wire-wireColor": {
            "isArray": false,
            "dataType": "xsd:string"
        },
        "nx:Wire-bundleDiaMin": {
            "isArray": false,
            "dataType": "xsd:double"
        },
        "nx:Design-owningUser": {
            "isArray": false,
            "dataType": "xsd:string"
        },
        "nx:Connector-style": {
            "isArray": false,
            "dataType": "xsd:string"
        },
        "nx:Connector-uniqueId": {
            "isArray": false,
            "dataType": "xsd:string"
        },
        "nx:Wire-color": {
            "isArray": true,
            "dataType": "xsd:string"
        },
        "nx:Device-electricalCadId": {
            "isArray": false,
            "dataType": "xsd:string"
        },
        "nx:Design-owningSite": {
            "isArray": false,
            "dataType": "xsd:string"
        },
        "nx:Design-owningProject": {
            "isArray": false,
            "dataType": "xsd:string"
        },
        "nx:Wire-material": {
            "isArray": true,
            "dataType": "xsd:string"
        },
        "nx:Wire-cableId": {
            "isArray": false,
            "dataType": "xsd:string"
        },
        "nx:Design-creationDate": {
            "isArray": false,
            "dataType": "xsd:datetime"
        },
        "nx:Design-objectDesc": {
            "isArray": false,
            "dataType": "xsd:string"
        },
        "nx:Wire-toConnPin": {
            "isArray": false,
            "dataType": "xsd:string"
        },
        "nx:Wire-wrappedLengthMax": {
            "isArray": false,
            "dataType": "xsd:double"
        },
        "nx:Connector-gauge": {
            "isArray": false,
            "dataType": "xsd:double"
        },
        "nx:Design-itemRevisionId": {
            "isArray": false,
            "dataType": "xsd:string"
        },
        "nx:Connector-partName": {
            "isArray": false,
            "dataType": "xsd:string"
        }
    },
    "relationPropertyDescriptors": {
        "nx:Design-contains-Connector": {
            "isArray": true,
            "dataType": "xsd:hasRelation",
            "name": "contains",
            "path": "common:contains",
            "relationClassType": "nx:Connector"
        },
        "nx:Connector-connectedTo-Device": {
            "isArray": true,
            "dataType": "xsd:hasRelation",
            "name": "connectedTo",
            "path": "common:connectedTo",
            "relationClassType": "nx:Device"
        },
        "nx:Wire-residesIn-Design": {
            "isArray": true,
            "dataType": "xsd:hasRelation",
            "name": "residesIn",
            "path": "common:residesIn",
            "relationClassType": "nx:Design"
        },
        "nx:Design-contains-Device": {
            "isArray": true,
            "dataType": "xsd:hasRelation",
            "name": "contains",
            "path": "common:contains",
            "relationClassType": "nx:Device"
        },
        "nx:Device-residesIn-Design": {
            "isArray": true,
            "dataType": "xsd:hasRelation",
            "name": "residesIn",
            "path": "common:residesIn",
            "relationClassType": "nx:Design"
        },
        "nx:Connector-endsAt-Wire": {
            "isArray": true,
            "dataType": "xsd:hasRelation",
            "name": "endsAt",
            "path": "nx:endsAt",
            "relationClassType": "nx:Wire"
        },
        "nx:Device-connectedTo-Connector": {
            "isArray": true,
            "dataType": "xsd:hasRelation",
            "name": "connectedTo",
            "path": "common:connectedTo",
            "relationClassType": "nx:Connector"
        },
        "nx:Design-contains-Wire": {
            "isArray": true,
            "dataType": "xsd:hasRelation",
            "name": "contains",
            "path": "common:contains",
            "relationClassType": "nx:Wire"
        },
        "nx:Connector-residesIn-Design": {
            "isArray": true,
            "dataType": "xsd:hasRelation",
            "name": "residesIn",
            "path": "common:residesIn",
            "relationClassType": "nx:Design"
        },
        "nx:Wire-endsAt-Connector": {
            "isArray": true,
            "dataType": "xsd:hasRelation",
            "name": "endsAt",
            "path": "nx:endsAt",
            "relationClassType": "nx:Connector"
        }
    },
    "typeDescriptors": {
        "nx:Design": {
            "properties": [
                "nx:Design-owningUser",
                "nx:Design-dateReleased",
                "nx:Design-objectDesc",
                "nx:Design-lastModDate",
                "nx:Design-contains-Connector",
                "nx:Design-owningSite",
                "nx:Design-uid",
                "nx:Design-owningGroup",
                "nx:Design-govClassification",
                "nx:Design-creationDate",
                "nx:Design-objectType",
                "nx:Design-lastModUser",
                "nx:Design-objectName",
                "nx:Design-contains-Device",
                "nx:Design-owningOrganization",
                "nx:Design-owningProject",
                "nx:Design-itemRevisionId",
                "nx:Design-contains-Wire"
            ]
        },
        "nx:Connector": {
            "properties": [
                "nx:Connector-endsAt-Wire",
                "nx:Connector-gauge",
                "nx:Connector-connectedTo-Device",
                "nx:Connector-style",
                "nx:Connector-specification",
                "nx:Connector-uniqueId",
                "nx:Connector-partType",
                "nx:Connector-electricalCadId",
                "nx:Connector-partName",
                "nx:Connector-partNumber",
                "nx:Connector-residesIn-Design",
                "nx:Connector-recommendedPressure"
            ]
        },
        "nx:Device": {
            "properties": [
                "nx:Device-connectedTo-Connector",
                "nx:Device-electricalCadId",
                "nx:Device-residesIn-Design"
            ]
        },
        "nx:Wire": {
            "properties": [
                "nx:Wire-gauge",
                "nx:Wire-length",
                "nx:Wire-bundleDiaMax",
                "nx:Wire-bundleDiaMin",
                "nx:Wire-wireColor",
                "nx:Wire-color",
                "nx:Wire-cableId",
                "nx:Wire-nxMaterial",
                "nx:Wire-fromConn",
                "nx:Wire-wireId",
                "nx:Wire-electricalCadId",
                "nx:Wire-wrappedLengthMax",
                "nx:Wire-wireMaterial",
                "nx:Wire-fromConnPin",
                "nx:Wire-endsAt-Connector",
                "nx:Wire-residesIn-Design",
                "nx:Wire-wrappedLengthMin",
                "nx:Wire-material",
                "nx:Wire-toConnPin"
            ]
        }
    }
}
