{
  "$schema": "https://json-schema.org/draft/2019-09/schema",
  "title": "JSON for NX index extractor configuration",
  "description": "Extractor configuration file to describe all possible configurations to extract using NX index extractor utility",

  "definitions": {
    "draftingdef": {
      "description": "Contains information about all possible Drafting specific entities which needs to be extracted",
      "type": "object",
      "properties": {
        "object": {
          "description": "List of all valid drafting type of entities, which will be considered for data extraction",
          "type": "array",
          "items": {
            "description": "Each element represents name of a valid drafting object, enum specifies allowed values types",
            "type": "string",
            "enum": [ "notes", "tabular notes", "title blocks", "labels" ]
          }
        }
      },
      "required": [ "object" ]
    },

    "attributedef": {
      "description": "Contains information about attributes which needs to be extracted it could be a part attribute or an object attribute.",
      "type": "object",
      "properties": {
        "object": {
          "description": "List of all valid attribute type part atribute and object attribute, which will be considered for data extraction",
          "type": "array",
          "items": {
            "description": "Each element represents type of supported attribute type, enum specifies allowed values types",
            "type": "string",
            "enum": [ "part", "solid body" ]
          }
        }
      },
      "required": [ "object" ]
    },

    "pmidef": {
      "description": "Contains information about all possible pmi specific entities which needs to be extracted",
      "type": "object",
      "properties": {
        "object": {
          "description": "List of all valid pmi type of entities, which will be considered for data extraction",
          "type": "array",
          "items": {
            "description": "Each element represents name of a valid pmi object, enum specifies allowed values types",
            "type": "string",
            "enum": [ "notes", "tables", "labels" ]
          }
        }
      },
      "required": [ "object" ]
    },

    "electrical_routingdef": {
      "description": "Contains information about all possible electrical routing specific entities which needs to be extracted",
      "type": "object",
      "properties": {
        "object": {
          "description": "List of all valid electrical routing type of entities, which will be considered for data extraction",
          "type": "array",
          "items": {
            "description": "Each element represents name of a valid electrical routing object, enum specifies allowed values types",
            "type": "string",
            "enum": [ "all" ]
          }
        }
      },
      "required": [ "object" ]
    },

    "layerinfodef": {
      "description": "Lists mapping of each layer of a part with respective object i.e. layer 20 could represent zones, while layer 35 could represent drawing history table. This information is just to tell us how the objects are classified for various customers as per their standards in their layer based system.",
      "type": "object",
      "properties": {
        "name": {
          "type": "string",
          "description": "name of the item types which will be linked with all values of layers"
        },
        "layers": {
          "type": "array",
          "items": {
            "description": "All layer number which are linked with name given",
            "type": "integer"
          }
        }
      },
      "required": [ "name", "layers" ]
    }


  },

  "type": "object",

  "properties": {
    "configVersion": { "const": "2312" },
    "layerInfo": {
      "description": "Provides customer specific layer information as per their standards.",
      "type": "array",

      "$items": "#/definitions/layerinfodef",
      "minItems": 1
    },
    "drafting": { "$ref": "#/definitions/draftingdef" },
    "attribute": { "$ref": "#/definitions/attributedef" },
    "pmi": { "$ref": "#/definitions/pmidef" },
    "electrical_routing": { "$ref": "#/definitions/electrical_routingdef" }
  },
  "additionalProperties": false,
  "allOf": [
    {
      "required": [
        "configVersion"
      ]
    },
    {
      "anyOf": [
        {
          "required": [
            "drafting"
          ]
        },
        {
          "required": [
            "attribute"
          ]
        },
        {
          "required": [
            "pmi"
          ]
        },
        {
          "required": [
            "electrical_routing"
          ]
        }
      ]
    }
  ]
}
