<GraphStructure>
    <GraphEdge>
        <vertex1 diameter="5" x="0" y="0" z="0"/>
        <vertex2 diameter="5" x="50" y="50" z="50"/>
    </GraphEdge>
    <GraphEdge>
        <vertex1 diameter="5" x="0" y="0" z="100"/>
        <vertex2 diameter="5" x="50" y="50" z="50"/>
    </GraphEdge>
    <GraphEdge>
        <vertex1 diameter="5" x="50" y="50" z="50"/>
        <vertex2 diameter="5" x="0" y="100" z="0"/>
    </GraphEdge>
    <GraphEdge>
        <vertex1 diameter="5" x="50" y="50" z="50"/>
        <vertex2 diameter="5" x="0" y="100" z="100"/>
    </GraphEdge>
    <GraphEdge>
        <vertex1 diameter="5" x="100" y="0" z="0"/>
        <vertex2 diameter="5" x="50" y="50" z="50"/>
    </GraphEdge>
    <GraphEdge>
        <vertex1 diameter="5" x="100" y="0" z="100"/>
        <vertex2 diameter="5" x="50" y="50" z="50"/>
    </GraphEdge>
    <GraphEdge>
        <vertex1 diameter="5" x="50" y="50" z="50"/>
        <vertex2 diameter="5" x="100" y="100" z="0"/>
    </GraphEdge>
    <GraphEdge>
        <vertex1 diameter="5" x="50" y="50" z="50"/>
        <vertex2 diameter="5" x="100" y="100" z="100"/>
    </GraphEdge>
</GraphStructure>
