<GraphStructure>
    <GraphEdge>
        <vertex1 diameter="5" x="70" y="30" z="0"/>
        <vertex2 diameter="5" x="0" y="70" z="70"/>
    </GraphEdge>
    <GraphEdge>
        <vertex1 diameter="5" x="0" y="30" z="70"/>
        <vertex2 diameter="5" x="0" y="30" z="30"/>
    </GraphEdge>
    <GraphEdge>
        <vertex1 diameter="5" x="0" y="30" z="30"/>
        <vertex2 diameter="5" x="0" y="70" z="30"/>
    </GraphEdge>
    <GraphEdge>
        <vertex1 diameter="5" x="0" y="30" z="30"/>
        <vertex2 diameter="5" x="70" y="70" z="100"/>
    </GraphEdge>
    <GraphEdge>
        <vertex1 diameter="5" x="0" y="70" z="70"/>
        <vertex2 diameter="5" x="0" y="30" z="70"/>
    </GraphEdge>
    <GraphEdge>
        <vertex1 diameter="5" x="0" y="70" z="30"/>
        <vertex2 diameter="5" x="0" y="70" z="70"/>
    </GraphEdge>
    <GraphEdge>
        <vertex1 diameter="5" x="70" y="70" z="0"/>
        <vertex2 diameter="5" x="30" y="0" z="70"/>
    </GraphEdge>
    <GraphEdge>
        <vertex1 diameter="5" x="30" y="0" z="70"/>
        <vertex2 diameter="5" x="30" y="0" z="30"/>
    </GraphEdge>
    <GraphEdge>
        <vertex1 diameter="5" x="30" y="0" z="30"/>
        <vertex2 diameter="5" x="70" y="0" z="30"/>
    </GraphEdge>
    <GraphEdge>
        <vertex1 diameter="5" x="70" y="0" z="30"/>
        <vertex2 diameter="5" x="30" y="70" z="100"/>
    </GraphEdge>
    <GraphEdge>
        <vertex1 diameter="5" x="70" y="0" z="70"/>
        <vertex2 diameter="5" x="30" y="0" z="70"/>
    </GraphEdge>
    <GraphEdge>
        <vertex1 diameter="5" x="30" y="70" z="0"/>
        <vertex2 diameter="5" x="30" y="30" z="0"/>
    </GraphEdge>
    <GraphEdge>
        <vertex1 diameter="5" x="30" y="30" z="0"/>
        <vertex2 diameter="5" x="70" y="30" z="0"/>
    </GraphEdge>
    <GraphEdge>
        <vertex1 diameter="5" x="30" y="30" z="0"/>
        <vertex2 diameter="5" x="70" y="100" z="70"/>
    </GraphEdge>
    <GraphEdge>
        <vertex1 diameter="5" x="70" y="0" z="30"/>
        <vertex2 diameter="5" x="70" y="0" z="70"/>
    </GraphEdge>
    <GraphEdge>
        <vertex1 diameter="5" x="100" y="70" z="30"/>
        <vertex2 diameter="5" x="30" y="30" z="100"/>
    </GraphEdge>
    <GraphEdge>
        <vertex1 diameter="5" x="70" y="30" z="0"/>
        <vertex2 diameter="5" x="70" y="70" z="0"/>
    </GraphEdge>
    <GraphEdge>
        <vertex1 diameter="5" x="70" y="70" z="0"/>
        <vertex2 diameter="5" x="30" y="70" z="0"/>
    </GraphEdge>
    <GraphEdge>
        <vertex1 diameter="5" x="30" y="70" z="0"/>
        <vertex2 diameter="5" x="100" y="30" z="70"/>
    </GraphEdge>
    <GraphEdge>
        <vertex1 diameter="5" x="30" y="100" z="30"/>
        <vertex2 diameter="5" x="70" y="30" z="100"/>
    </GraphEdge>
</GraphStructure>
