<GraphStructure>
    <GraphEdge>
        <vertex1 diameter="5" x="50" y="0" z="0"/>
        <vertex2 diameter="5" x="0" y="25.001000000000033" z="0"/>
    </GraphEdge>
    <GraphEdge>
        <vertex1 diameter="5" x="0" y="25.001000000000033" z="0"/>
        <vertex2 diameter="5" x="33.333000000000013" y="25.001000000000033" z="50"/>
    </GraphEdge>
    <GraphEdge>
        <vertex1 diameter="5" x="0" y="25.001000000000033" z="0"/>
        <vertex2 diameter="5" x="50" y="50" z="0"/>
    </GraphEdge>
    <GraphEdge>
        <vertex1 diameter="5" x="0" y="25.001000000000033" z="100"/>
        <vertex2 diameter="5" x="33.333000000000013" y="25.001000000000033" z="50"/>
    </GraphEdge>
    <GraphEdge>
        <vertex1 diameter="5" x="50" y="50" z="0"/>
        <vertex2 diameter="5" x="0" y="74.998999999999967" z="0"/>
    </GraphEdge>
    <GraphEdge>
        <vertex1 diameter="5" x="0" y="74.998999999999967" z="0"/>
        <vertex2 diameter="5" x="16.666999999999987" y="83.333000000000013" z="0"/>
    </GraphEdge>
    <GraphEdge>
        <vertex1 diameter="5" x="0" y="74.998999999999967" z="0"/>
        <vertex2 diameter="5" x="33.333000000000013" y="74.998999999999967" z="50"/>
    </GraphEdge>
    <GraphEdge>
        <vertex1 diameter="5" x="0" y="74.998999999999967" z="100"/>
        <vertex2 diameter="5" x="33.333000000000013" y="74.998999999999967" z="50"/>
    </GraphEdge>
    <GraphEdge>
        <vertex1 diameter="5" x="50" y="0" z="0"/>
        <vertex2 diameter="5" x="33.333000000000013" y="25.001000000000033" z="50"/>
    </GraphEdge>
    <GraphEdge>
        <vertex1 diameter="5" x="50" y="0" z="100"/>
        <vertex2 diameter="5" x="33.333000000000013" y="25.001000000000033" z="50"/>
    </GraphEdge>
    <GraphEdge>
        <vertex1 diameter="5" x="33.333000000000013" y="25.001000000000033" z="50"/>
        <vertex2 diameter="5" x="50" y="50" z="0"/>
    </GraphEdge>
    <GraphEdge>
        <vertex1 diameter="5" x="33.333000000000013" y="74.998999999999967" z="50"/>
        <vertex2 diameter="5" x="33.333000000000013" y="25.001000000000033" z="50"/>
    </GraphEdge>
    <GraphEdge>
        <vertex1 diameter="5" x="33.333000000000013" y="25.001000000000033" z="50"/>
        <vertex2 diameter="5" x="50" y="50" z="100"/>
    </GraphEdge>
    <GraphEdge>
        <vertex1 diameter="5" x="33.333000000000013" y="25.001000000000033" z="50"/>
        <vertex2 diameter="5" x="83.333000000000013" y="50" z="50"/>
    </GraphEdge>
    <GraphEdge>
        <vertex1 diameter="5" x="33.333000000000013" y="74.998999999999967" z="50"/>
        <vertex2 diameter="5" x="50" y="50" z="0"/>
    </GraphEdge>
    <GraphEdge>
        <vertex1 diameter="5" x="33.333000000000013" y="74.998999999999967" z="50"/>
        <vertex2 diameter="5" x="50" y="50" z="100"/>
    </GraphEdge>
    <GraphEdge>
        <vertex1 diameter="5" x="83.333000000000013" y="50" z="50"/>
        <vertex2 diameter="5" x="33.333000000000013" y="74.998999999999967" z="50"/>
    </GraphEdge>
    <GraphEdge>
        <vertex1 diameter="5" x="50" y="100" z="0"/>
        <vertex2 diameter="5" x="33.333000000000013" y="74.998999999999967" z="50"/>
    </GraphEdge>
    <GraphEdge>
        <vertex1 diameter="5" x="50" y="100" z="100"/>
        <vertex2 diameter="5" x="33.333000000000013" y="74.998999999999967" z="50"/>
    </GraphEdge>
    <GraphEdge>
        <vertex1 diameter="5" x="50" y="50" z="0"/>
        <vertex2 diameter="5" x="50" y="0" z="0"/>
    </GraphEdge>
    <GraphEdge>
        <vertex1 diameter="5" x="100" y="25.001000000000033" z="0"/>
        <vertex2 diameter="5" x="50" y="50" z="0"/>
    </GraphEdge>
    <GraphEdge>
        <vertex1 diameter="5" x="50" y="100" z="0"/>
        <vertex2 diameter="5" x="50" y="50" z="0"/>
    </GraphEdge>
    <GraphEdge>
        <vertex1 diameter="5" x="83.333000000000013" y="50" z="50"/>
        <vertex2 diameter="5" x="50" y="50" z="0"/>
    </GraphEdge>
    <GraphEdge>
        <vertex1 diameter="5" x="50" y="50" z="0"/>
        <vertex2 diameter="5" x="100" y="74.998999999999967" z="0"/>
    </GraphEdge>
    <GraphEdge>
        <vertex1 diameter="5" x="50" y="50" z="100"/>
        <vertex2 diameter="5" x="83.333000000000013" y="50" z="50"/>
    </GraphEdge>
    <GraphEdge>
        <vertex1 diameter="5" x="100" y="25.001000000000033" z="0"/>
        <vertex2 diameter="5" x="83.333000000000013" y="50" z="50"/>
    </GraphEdge>
    <GraphEdge>
        <vertex1 diameter="5" x="100" y="25.001000000000033" z="100"/>
        <vertex2 diameter="5" x="83.333000000000013" y="50" z="50"/>
    </GraphEdge>
    <GraphEdge>
        <vertex1 diameter="5" x="100" y="74.998999999999967" z="0"/>
        <vertex2 diameter="5" x="83.333000000000013" y="50" z="50"/>
    </GraphEdge>
    <GraphEdge>
        <vertex1 diameter="5" x="100" y="74.998999999999967" z="100"/>
        <vertex2 diameter="5" x="83.333000000000013" y="50" z="50"/>
    </GraphEdge>
    <GraphEdge>
        <vertex1 diameter="5" x="16.666999999999987" y="83.333000000000013" z="0"/>
        <vertex2 diameter="5" x="50" y="100" z="0"/>
    </GraphEdge>
    <GraphEdge>
        <vertex1 diameter="5" x="100" y="74.998999999999967" z="0"/>
        <vertex2 diameter="5" x="100" y="25.001000000000033" z="0"/>
    </GraphEdge>
</GraphStructure>
