<GraphStructure>
    <GraphEdge>
        <vertex1 diameter="5" x="6.0540000000000305" y="49.80400000000003" z="50"/>
        <vertex2 diameter="5" x="0" y="50" z="50"/>
    </GraphEdge>
    <GraphEdge>
        <vertex1 diameter="5" x="6.0540000000000305" y="50" z="49.80400000000003"/>
        <vertex2 diameter="5" x="0" y="50" z="50"/>
    </GraphEdge>
    <GraphEdge>
        <vertex1 diameter="5" x="6.0540000000000305" y="50" z="50.193999999999974"/>
        <vertex2 diameter="5" x="0" y="50" z="50"/>
    </GraphEdge>
    <GraphEdge>
        <vertex1 diameter="5" x="6.0540000000000305" y="50.193999999999974" z="50"/>
        <vertex2 diameter="5" x="0" y="50" z="50"/>
    </GraphEdge>
    <GraphEdge>
        <vertex1 diameter="5" x="50" y="0" z="50"/>
        <vertex2 diameter="5" x="49.80400000000003" y="6.0540000000000305" z="50"/>
    </GraphEdge>
    <GraphEdge>
        <vertex1 diameter="5" x="50" y="50" z="0"/>
        <vertex2 diameter="5" x="49.80400000000003" y="50" z="6.0540000000000305"/>
    </GraphEdge>
    <GraphEdge>
        <vertex1 diameter="5" x="50" y="50" z="100"/>
        <vertex2 diameter="5" x="49.80400000000003" y="50" z="93.943999999999974"/>
    </GraphEdge>
    <GraphEdge>
        <vertex1 diameter="5" x="50" y="100" z="50"/>
        <vertex2 diameter="5" x="49.80400000000003" y="93.943999999999974" z="50"/>
    </GraphEdge>
    <GraphEdge>
        <vertex1 diameter="5" x="50" y="6.0540000000000305" z="49.80400000000003"/>
        <vertex2 diameter="5" x="50" y="0" z="50"/>
    </GraphEdge>
    <GraphEdge>
        <vertex1 diameter="5" x="50" y="6.0540000000000305" z="50.193999999999974"/>
        <vertex2 diameter="5" x="50" y="0" z="50"/>
    </GraphEdge>
    <GraphEdge>
        <vertex1 diameter="5" x="50.193999999999974" y="6.0540000000000305" z="50"/>
        <vertex2 diameter="5" x="50" y="0" z="50"/>
    </GraphEdge>
    <GraphEdge>
        <vertex1 diameter="5" x="50" y="50" z="0"/>
        <vertex2 diameter="5" x="50" y="49.80400000000003" z="6.0540000000000305"/>
    </GraphEdge>
    <GraphEdge>
        <vertex1 diameter="5" x="50" y="50" z="100"/>
        <vertex2 diameter="5" x="50" y="49.80400000000003" z="93.943999999999974"/>
    </GraphEdge>
    <GraphEdge>
        <vertex1 diameter="5" x="50" y="50.193999999999974" z="6.0540000000000305"/>
        <vertex2 diameter="5" x="50" y="50" z="0"/>
    </GraphEdge>
    <GraphEdge>
        <vertex1 diameter="5" x="50" y="50" z="0"/>
        <vertex2 diameter="5" x="50.193999999999974" y="50" z="6.0540000000000305"/>
    </GraphEdge>
    <GraphEdge>
        <vertex1 diameter="5" x="50" y="50.193999999999974" z="93.943999999999974"/>
        <vertex2 diameter="5" x="50" y="50" z="100"/>
    </GraphEdge>
    <GraphEdge>
        <vertex1 diameter="5" x="50" y="50" z="100"/>
        <vertex2 diameter="5" x="50.193999999999974" y="50" z="93.943999999999974"/>
    </GraphEdge>
    <GraphEdge>
        <vertex1 diameter="5" x="50" y="100" z="50"/>
        <vertex2 diameter="5" x="50" y="93.943999999999974" z="49.80400000000003"/>
    </GraphEdge>
    <GraphEdge>
        <vertex1 diameter="5" x="50" y="100" z="50"/>
        <vertex2 diameter="5" x="50" y="93.943999999999974" z="50.193999999999974"/>
    </GraphEdge>
    <GraphEdge>
        <vertex1 diameter="5" x="50.193999999999974" y="93.943999999999974" z="50"/>
        <vertex2 diameter="5" x="50" y="100" z="50"/>
    </GraphEdge>
    <GraphEdge>
        <vertex1 diameter="5" x="100" y="50" z="50"/>
        <vertex2 diameter="5" x="93.943999999999974" y="49.80400000000003" z="50"/>
    </GraphEdge>
    <GraphEdge>
        <vertex1 diameter="5" x="93.943999999999974" y="50" z="49.80400000000003"/>
        <vertex2 diameter="5" x="100" y="50" z="50"/>
    </GraphEdge>
    <GraphEdge>
        <vertex1 diameter="5" x="93.943999999999974" y="50" z="50.193999999999974"/>
        <vertex2 diameter="5" x="100" y="50" z="50"/>
    </GraphEdge>
    <GraphEdge>
        <vertex1 diameter="5" x="100" y="50" z="50"/>
        <vertex2 diameter="5" x="93.943999999999974" y="50.193999999999974" z="50"/>
    </GraphEdge>
    <GraphEdge>
        <vertex1 diameter="5" x="49.80400000000003" y="6.0540000000000305" z="50"/>
        <vertex2 diameter="5" x="49.217999999999975" y="11.717999999999975" z="50"/>
    </GraphEdge>
    <GraphEdge>
        <vertex1 diameter="5" x="49.217999999999975" y="11.717999999999975" z="50"/>
        <vertex2 diameter="5" x="48.241999999999976" y="16.991999999999976" z="50"/>
    </GraphEdge>
    <GraphEdge>
        <vertex1 diameter="5" x="48.241999999999976" y="16.991999999999976" z="50"/>
        <vertex2 diameter="5" x="46.873999999999967" y="21.873999999999967" z="50"/>
    </GraphEdge>
    <GraphEdge>
        <vertex1 diameter="5" x="46.873999999999967" y="21.873999999999967" z="50"/>
        <vertex2 diameter="5" x="45.116000000000014" y="26.366000000000014" z="50"/>
    </GraphEdge>
    <GraphEdge>
        <vertex1 diameter="5" x="45.116000000000014" y="26.366000000000014" z="50"/>
        <vertex2 diameter="5" x="42.967999999999975" y="30.467999999999975" z="50"/>
    </GraphEdge>
    <GraphEdge>
        <vertex1 diameter="5" x="42.967999999999975" y="30.467999999999975" z="50"/>
        <vertex2 diameter="5" x="40.429999999999993" y="34.179999999999993" z="50"/>
    </GraphEdge>
    <GraphEdge>
        <vertex1 diameter="5" x="40.429999999999993" y="34.179999999999993" z="50"/>
        <vertex2 diameter="5" x="37.5" y="37.5" z="50"/>
    </GraphEdge>
    <GraphEdge>
        <vertex1 diameter="5" x="37.5" y="37.5" z="50"/>
        <vertex2 diameter="5" x="34.179999999999993" y="40.429999999999993" z="50"/>
    </GraphEdge>
    <GraphEdge>
        <vertex1 diameter="5" x="34.179999999999993" y="40.429999999999993" z="50"/>
        <vertex2 diameter="5" x="30.467999999999975" y="42.967999999999975" z="50"/>
    </GraphEdge>
    <GraphEdge>
        <vertex1 diameter="5" x="30.467999999999975" y="42.967999999999975" z="50"/>
        <vertex2 diameter="5" x="26.366000000000014" y="45.116000000000014" z="50"/>
    </GraphEdge>
    <GraphEdge>
        <vertex1 diameter="5" x="26.366000000000014" y="45.116000000000014" z="50"/>
        <vertex2 diameter="5" x="21.873999999999967" y="46.873999999999967" z="50"/>
    </GraphEdge>
    <GraphEdge>
        <vertex1 diameter="5" x="21.873999999999967" y="46.873999999999967" z="50"/>
        <vertex2 diameter="5" x="16.991999999999976" y="48.241999999999976" z="50"/>
    </GraphEdge>
    <GraphEdge>
        <vertex1 diameter="5" x="16.991999999999976" y="48.241999999999976" z="50"/>
        <vertex2 diameter="5" x="11.717999999999975" y="49.217999999999975" z="50"/>
    </GraphEdge>
    <GraphEdge>
        <vertex1 diameter="5" x="11.717999999999975" y="49.217999999999975" z="50"/>
        <vertex2 diameter="5" x="6.0540000000000305" y="49.80400000000003" z="50"/>
    </GraphEdge>
    <GraphEdge>
        <vertex1 diameter="5" x="49.80400000000003" y="50" z="6.0540000000000305"/>
        <vertex2 diameter="5" x="49.217999999999975" y="50" z="11.717999999999975"/>
    </GraphEdge>
    <GraphEdge>
        <vertex1 diameter="5" x="49.217999999999975" y="50" z="11.717999999999975"/>
        <vertex2 diameter="5" x="48.241999999999976" y="50" z="16.991999999999976"/>
    </GraphEdge>
    <GraphEdge>
        <vertex1 diameter="5" x="48.241999999999976" y="50" z="16.991999999999976"/>
        <vertex2 diameter="5" x="46.873999999999967" y="50" z="21.873999999999967"/>
    </GraphEdge>
    <GraphEdge>
        <vertex1 diameter="5" x="46.873999999999967" y="50" z="21.873999999999967"/>
        <vertex2 diameter="5" x="45.116000000000014" y="50" z="26.366000000000014"/>
    </GraphEdge>
    <GraphEdge>
        <vertex1 diameter="5" x="45.116000000000014" y="50" z="26.366000000000014"/>
        <vertex2 diameter="5" x="42.967999999999975" y="50" z="30.467999999999975"/>
    </GraphEdge>
    <GraphEdge>
        <vertex1 diameter="5" x="42.967999999999975" y="50" z="30.467999999999975"/>
        <vertex2 diameter="5" x="40.429999999999993" y="50" z="34.179999999999993"/>
    </GraphEdge>
    <GraphEdge>
        <vertex1 diameter="5" x="40.429999999999993" y="50" z="34.179999999999993"/>
        <vertex2 diameter="5" x="37.5" y="50" z="37.5"/>
    </GraphEdge>
    <GraphEdge>
        <vertex1 diameter="5" x="37.5" y="50" z="37.5"/>
        <vertex2 diameter="5" x="34.179999999999993" y="50" z="40.429999999999993"/>
    </GraphEdge>
    <GraphEdge>
        <vertex1 diameter="5" x="34.179999999999993" y="50" z="40.429999999999993"/>
        <vertex2 diameter="5" x="30.467999999999975" y="50" z="42.967999999999975"/>
    </GraphEdge>
    <GraphEdge>
        <vertex1 diameter="5" x="30.467999999999975" y="50" z="42.967999999999975"/>
        <vertex2 diameter="5" x="26.366000000000014" y="50" z="45.116000000000014"/>
    </GraphEdge>
    <GraphEdge>
        <vertex1 diameter="5" x="26.366000000000014" y="50" z="45.116000000000014"/>
        <vertex2 diameter="5" x="21.873999999999967" y="50" z="46.873999999999967"/>
    </GraphEdge>
    <GraphEdge>
        <vertex1 diameter="5" x="21.873999999999967" y="50" z="46.873999999999967"/>
        <vertex2 diameter="5" x="16.991999999999976" y="50" z="48.241999999999976"/>
    </GraphEdge>
    <GraphEdge>
        <vertex1 diameter="5" x="16.991999999999976" y="50" z="48.241999999999976"/>
        <vertex2 diameter="5" x="11.717999999999975" y="50" z="49.217999999999975"/>
    </GraphEdge>
    <GraphEdge>
        <vertex1 diameter="5" x="11.717999999999975" y="50" z="49.217999999999975"/>
        <vertex2 diameter="5" x="6.0540000000000305" y="50" z="49.80400000000003"/>
    </GraphEdge>
    <GraphEdge>
        <vertex1 diameter="5" x="49.80400000000003" y="50" z="93.943999999999974"/>
        <vertex2 diameter="5" x="49.217999999999975" y="50" z="88.28000000000003"/>
    </GraphEdge>
    <GraphEdge>
        <vertex1 diameter="5" x="49.217999999999975" y="50" z="88.28000000000003"/>
        <vertex2 diameter="5" x="48.241999999999976" y="50" z="83.008000000000024"/>
    </GraphEdge>
    <GraphEdge>
        <vertex1 diameter="5" x="48.241999999999976" y="50" z="83.008000000000024"/>
        <vertex2 diameter="5" x="46.873999999999967" y="50" z="78.123999999999967"/>
    </GraphEdge>
    <GraphEdge>
        <vertex1 diameter="5" x="46.873999999999967" y="50" z="78.123999999999967"/>
        <vertex2 diameter="5" x="45.116000000000014" y="50" z="73.631999999999991"/>
    </GraphEdge>
    <GraphEdge>
        <vertex1 diameter="5" x="45.116000000000014" y="50" z="73.631999999999991"/>
        <vertex2 diameter="5" x="42.967999999999975" y="50" z="69.53000000000003"/>
    </GraphEdge>
    <GraphEdge>
        <vertex1 diameter="5" x="42.967999999999975" y="50" z="69.53000000000003"/>
        <vertex2 diameter="5" x="40.429999999999993" y="50" z="65.820000000000007"/>
    </GraphEdge>
    <GraphEdge>
        <vertex1 diameter="5" x="40.429999999999993" y="50" z="65.820000000000007"/>
        <vertex2 diameter="5" x="37.5" y="50" z="62.5"/>
    </GraphEdge>
    <GraphEdge>
        <vertex1 diameter="5" x="37.5" y="50" z="62.5"/>
        <vertex2 diameter="5" x="34.179999999999993" y="50" z="59.570000000000007"/>
    </GraphEdge>
    <GraphEdge>
        <vertex1 diameter="5" x="34.179999999999993" y="50" z="59.570000000000007"/>
        <vertex2 diameter="5" x="30.467999999999975" y="50" z="57.03000000000003"/>
    </GraphEdge>
    <GraphEdge>
        <vertex1 diameter="5" x="30.467999999999975" y="50" z="57.03000000000003"/>
        <vertex2 diameter="5" x="26.366000000000014" y="50" z="54.881999999999991"/>
    </GraphEdge>
    <GraphEdge>
        <vertex1 diameter="5" x="26.366000000000014" y="50" z="54.881999999999991"/>
        <vertex2 diameter="5" x="21.873999999999967" y="50" z="53.123999999999967"/>
    </GraphEdge>
    <GraphEdge>
        <vertex1 diameter="5" x="21.873999999999967" y="50" z="53.123999999999967"/>
        <vertex2 diameter="5" x="16.991999999999976" y="50" z="51.758000000000024"/>
    </GraphEdge>
    <GraphEdge>
        <vertex1 diameter="5" x="16.991999999999976" y="50" z="51.758000000000024"/>
        <vertex2 diameter="5" x="11.717999999999975" y="50" z="50.78000000000003"/>
    </GraphEdge>
    <GraphEdge>
        <vertex1 diameter="5" x="11.717999999999975" y="50" z="50.78000000000003"/>
        <vertex2 diameter="5" x="6.0540000000000305" y="50" z="50.193999999999974"/>
    </GraphEdge>
    <GraphEdge>
        <vertex1 diameter="5" x="49.80400000000003" y="93.943999999999974" z="50"/>
        <vertex2 diameter="5" x="49.217999999999975" y="88.28000000000003" z="50"/>
    </GraphEdge>
    <GraphEdge>
        <vertex1 diameter="5" x="49.217999999999975" y="88.28000000000003" z="50"/>
        <vertex2 diameter="5" x="48.241999999999976" y="83.008000000000024" z="50"/>
    </GraphEdge>
    <GraphEdge>
        <vertex1 diameter="5" x="48.241999999999976" y="83.008000000000024" z="50"/>
        <vertex2 diameter="5" x="46.873999999999967" y="78.123999999999967" z="50"/>
    </GraphEdge>
    <GraphEdge>
        <vertex1 diameter="5" x="46.873999999999967" y="78.123999999999967" z="50"/>
        <vertex2 diameter="5" x="45.116000000000014" y="73.631999999999991" z="50"/>
    </GraphEdge>
    <GraphEdge>
        <vertex1 diameter="5" x="45.116000000000014" y="73.631999999999991" z="50"/>
        <vertex2 diameter="5" x="42.967999999999975" y="69.53000000000003" z="50"/>
    </GraphEdge>
    <GraphEdge>
        <vertex1 diameter="5" x="42.967999999999975" y="69.53000000000003" z="50"/>
        <vertex2 diameter="5" x="40.429999999999993" y="65.820000000000007" z="50"/>
    </GraphEdge>
    <GraphEdge>
        <vertex1 diameter="5" x="40.429999999999993" y="65.820000000000007" z="50"/>
        <vertex2 diameter="5" x="37.5" y="62.5" z="50"/>
    </GraphEdge>
    <GraphEdge>
        <vertex1 diameter="5" x="37.5" y="62.5" z="50"/>
        <vertex2 diameter="5" x="34.179999999999993" y="59.570000000000007" z="50"/>
    </GraphEdge>
    <GraphEdge>
        <vertex1 diameter="5" x="34.179999999999993" y="59.570000000000007" z="50"/>
        <vertex2 diameter="5" x="30.467999999999975" y="57.03000000000003" z="50"/>
    </GraphEdge>
    <GraphEdge>
        <vertex1 diameter="5" x="30.467999999999975" y="57.03000000000003" z="50"/>
        <vertex2 diameter="5" x="26.366000000000014" y="54.881999999999991" z="50"/>
    </GraphEdge>
    <GraphEdge>
        <vertex1 diameter="5" x="26.366000000000014" y="54.881999999999991" z="50"/>
        <vertex2 diameter="5" x="21.873999999999967" y="53.123999999999967" z="50"/>
    </GraphEdge>
    <GraphEdge>
        <vertex1 diameter="5" x="21.873999999999967" y="53.123999999999967" z="50"/>
        <vertex2 diameter="5" x="16.991999999999976" y="51.758000000000024" z="50"/>
    </GraphEdge>
    <GraphEdge>
        <vertex1 diameter="5" x="16.991999999999976" y="51.758000000000024" z="50"/>
        <vertex2 diameter="5" x="11.717999999999975" y="50.78000000000003" z="50"/>
    </GraphEdge>
    <GraphEdge>
        <vertex1 diameter="5" x="11.717999999999975" y="50.78000000000003" z="50"/>
        <vertex2 diameter="5" x="6.0540000000000305" y="50.193999999999974" z="50"/>
    </GraphEdge>
    <GraphEdge>
        <vertex1 diameter="5" x="50" y="49.80400000000003" z="6.0540000000000305"/>
        <vertex2 diameter="5" x="50" y="49.217999999999975" z="11.717999999999975"/>
    </GraphEdge>
    <GraphEdge>
        <vertex1 diameter="5" x="50" y="49.217999999999975" z="11.717999999999975"/>
        <vertex2 diameter="5" x="50" y="48.241999999999976" z="16.991999999999976"/>
    </GraphEdge>
    <GraphEdge>
        <vertex1 diameter="5" x="50" y="48.241999999999976" z="16.991999999999976"/>
        <vertex2 diameter="5" x="50" y="46.873999999999967" z="21.873999999999967"/>
    </GraphEdge>
    <GraphEdge>
        <vertex1 diameter="5" x="50" y="46.873999999999967" z="21.873999999999967"/>
        <vertex2 diameter="5" x="50" y="45.116000000000014" z="26.366000000000014"/>
    </GraphEdge>
    <GraphEdge>
        <vertex1 diameter="5" x="50" y="45.116000000000014" z="26.366000000000014"/>
        <vertex2 diameter="5" x="50" y="42.967999999999975" z="30.467999999999975"/>
    </GraphEdge>
    <GraphEdge>
        <vertex1 diameter="5" x="50" y="42.967999999999975" z="30.467999999999975"/>
        <vertex2 diameter="5" x="50" y="40.429999999999993" z="34.179999999999993"/>
    </GraphEdge>
    <GraphEdge>
        <vertex1 diameter="5" x="50" y="40.429999999999993" z="34.179999999999993"/>
        <vertex2 diameter="5" x="50" y="37.5" z="37.5"/>
    </GraphEdge>
    <GraphEdge>
        <vertex1 diameter="5" x="50" y="37.5" z="37.5"/>
        <vertex2 diameter="5" x="50" y="34.179999999999993" z="40.429999999999993"/>
    </GraphEdge>
    <GraphEdge>
        <vertex1 diameter="5" x="50" y="34.179999999999993" z="40.429999999999993"/>
        <vertex2 diameter="5" x="50" y="30.467999999999975" z="42.967999999999975"/>
    </GraphEdge>
    <GraphEdge>
        <vertex1 diameter="5" x="50" y="30.467999999999975" z="42.967999999999975"/>
        <vertex2 diameter="5" x="50" y="26.366000000000014" z="45.116000000000014"/>
    </GraphEdge>
    <GraphEdge>
        <vertex1 diameter="5" x="50" y="26.366000000000014" z="45.116000000000014"/>
        <vertex2 diameter="5" x="50" y="21.873999999999967" z="46.873999999999967"/>
    </GraphEdge>
    <GraphEdge>
        <vertex1 diameter="5" x="50" y="21.873999999999967" z="46.873999999999967"/>
        <vertex2 diameter="5" x="50" y="16.991999999999976" z="48.241999999999976"/>
    </GraphEdge>
    <GraphEdge>
        <vertex1 diameter="5" x="50" y="16.991999999999976" z="48.241999999999976"/>
        <vertex2 diameter="5" x="50" y="11.717999999999975" z="49.217999999999975"/>
    </GraphEdge>
    <GraphEdge>
        <vertex1 diameter="5" x="50" y="11.717999999999975" z="49.217999999999975"/>
        <vertex2 diameter="5" x="50" y="6.0540000000000305" z="49.80400000000003"/>
    </GraphEdge>
    <GraphEdge>
        <vertex1 diameter="5" x="50" y="49.80400000000003" z="93.943999999999974"/>
        <vertex2 diameter="5" x="50" y="49.217999999999975" z="88.28000000000003"/>
    </GraphEdge>
    <GraphEdge>
        <vertex1 diameter="5" x="50" y="49.217999999999975" z="88.28000000000003"/>
        <vertex2 diameter="5" x="50" y="48.241999999999976" z="83.008000000000024"/>
    </GraphEdge>
    <GraphEdge>
        <vertex1 diameter="5" x="50" y="48.241999999999976" z="83.008000000000024"/>
        <vertex2 diameter="5" x="50" y="46.873999999999967" z="78.123999999999967"/>
    </GraphEdge>
    <GraphEdge>
        <vertex1 diameter="5" x="50" y="46.873999999999967" z="78.123999999999967"/>
        <vertex2 diameter="5" x="50" y="45.116000000000014" z="73.631999999999991"/>
    </GraphEdge>
    <GraphEdge>
        <vertex1 diameter="5" x="50" y="45.116000000000014" z="73.631999999999991"/>
        <vertex2 diameter="5" x="50" y="42.967999999999975" z="69.53000000000003"/>
    </GraphEdge>
    <GraphEdge>
        <vertex1 diameter="5" x="50" y="42.967999999999975" z="69.53000000000003"/>
        <vertex2 diameter="5" x="50" y="40.429999999999993" z="65.820000000000007"/>
    </GraphEdge>
    <GraphEdge>
        <vertex1 diameter="5" x="50" y="40.429999999999993" z="65.820000000000007"/>
        <vertex2 diameter="5" x="50" y="37.5" z="62.5"/>
    </GraphEdge>
    <GraphEdge>
        <vertex1 diameter="5" x="50" y="37.5" z="62.5"/>
        <vertex2 diameter="5" x="50" y="34.179999999999993" z="59.570000000000007"/>
    </GraphEdge>
    <GraphEdge>
        <vertex1 diameter="5" x="50" y="34.179999999999993" z="59.570000000000007"/>
        <vertex2 diameter="5" x="50" y="30.467999999999975" z="57.03000000000003"/>
    </GraphEdge>
    <GraphEdge>
        <vertex1 diameter="5" x="50" y="30.467999999999975" z="57.03000000000003"/>
        <vertex2 diameter="5" x="50" y="26.366000000000014" z="54.881999999999991"/>
    </GraphEdge>
    <GraphEdge>
        <vertex1 diameter="5" x="50" y="26.366000000000014" z="54.881999999999991"/>
        <vertex2 diameter="5" x="50" y="21.873999999999967" z="53.123999999999967"/>
    </GraphEdge>
    <GraphEdge>
        <vertex1 diameter="5" x="50" y="21.873999999999967" z="53.123999999999967"/>
        <vertex2 diameter="5" x="50" y="16.991999999999976" z="51.758000000000024"/>
    </GraphEdge>
    <GraphEdge>
        <vertex1 diameter="5" x="50" y="16.991999999999976" z="51.758000000000024"/>
        <vertex2 diameter="5" x="50" y="11.717999999999975" z="50.78000000000003"/>
    </GraphEdge>
    <GraphEdge>
        <vertex1 diameter="5" x="50" y="11.717999999999975" z="50.78000000000003"/>
        <vertex2 diameter="5" x="50" y="6.0540000000000305" z="50.193999999999974"/>
    </GraphEdge>
    <GraphEdge>
        <vertex1 diameter="5" x="50" y="93.943999999999974" z="49.80400000000003"/>
        <vertex2 diameter="5" x="50" y="88.28000000000003" z="49.217999999999975"/>
    </GraphEdge>
    <GraphEdge>
        <vertex1 diameter="5" x="50" y="88.28000000000003" z="49.217999999999975"/>
        <vertex2 diameter="5" x="50" y="83.008000000000024" z="48.241999999999976"/>
    </GraphEdge>
    <GraphEdge>
        <vertex1 diameter="5" x="50" y="83.008000000000024" z="48.241999999999976"/>
        <vertex2 diameter="5" x="50" y="78.123999999999967" z="46.873999999999967"/>
    </GraphEdge>
    <GraphEdge>
        <vertex1 diameter="5" x="50" y="78.123999999999967" z="46.873999999999967"/>
        <vertex2 diameter="5" x="50" y="73.631999999999991" z="45.116000000000014"/>
    </GraphEdge>
    <GraphEdge>
        <vertex1 diameter="5" x="50" y="73.631999999999991" z="45.116000000000014"/>
        <vertex2 diameter="5" x="50" y="69.53000000000003" z="42.967999999999975"/>
    </GraphEdge>
    <GraphEdge>
        <vertex1 diameter="5" x="50" y="69.53000000000003" z="42.967999999999975"/>
        <vertex2 diameter="5" x="50" y="65.820000000000007" z="40.429999999999993"/>
    </GraphEdge>
    <GraphEdge>
        <vertex1 diameter="5" x="50" y="65.820000000000007" z="40.429999999999993"/>
        <vertex2 diameter="5" x="50" y="62.5" z="37.5"/>
    </GraphEdge>
    <GraphEdge>
        <vertex1 diameter="5" x="50" y="62.5" z="37.5"/>
        <vertex2 diameter="5" x="50" y="59.570000000000007" z="34.179999999999993"/>
    </GraphEdge>
    <GraphEdge>
        <vertex1 diameter="5" x="50" y="59.570000000000007" z="34.179999999999993"/>
        <vertex2 diameter="5" x="50" y="57.03000000000003" z="30.467999999999975"/>
    </GraphEdge>
    <GraphEdge>
        <vertex1 diameter="5" x="50" y="57.03000000000003" z="30.467999999999975"/>
        <vertex2 diameter="5" x="50" y="54.881999999999991" z="26.366000000000014"/>
    </GraphEdge>
    <GraphEdge>
        <vertex1 diameter="5" x="50" y="54.881999999999991" z="26.366000000000014"/>
        <vertex2 diameter="5" x="50" y="53.123999999999967" z="21.873999999999967"/>
    </GraphEdge>
    <GraphEdge>
        <vertex1 diameter="5" x="50" y="53.123999999999967" z="21.873999999999967"/>
        <vertex2 diameter="5" x="50" y="51.758000000000024" z="16.991999999999976"/>
    </GraphEdge>
    <GraphEdge>
        <vertex1 diameter="5" x="50" y="51.758000000000024" z="16.991999999999976"/>
        <vertex2 diameter="5" x="50" y="50.78000000000003" z="11.717999999999975"/>
    </GraphEdge>
    <GraphEdge>
        <vertex1 diameter="5" x="50" y="50.78000000000003" z="11.717999999999975"/>
        <vertex2 diameter="5" x="50" y="50.193999999999974" z="6.0540000000000305"/>
    </GraphEdge>
    <GraphEdge>
        <vertex1 diameter="5" x="50" y="93.943999999999974" z="50.193999999999974"/>
        <vertex2 diameter="5" x="50" y="88.28000000000003" z="50.78000000000003"/>
    </GraphEdge>
    <GraphEdge>
        <vertex1 diameter="5" x="50" y="88.28000000000003" z="50.78000000000003"/>
        <vertex2 diameter="5" x="50" y="83.008000000000024" z="51.758000000000024"/>
    </GraphEdge>
    <GraphEdge>
        <vertex1 diameter="5" x="50" y="83.008000000000024" z="51.758000000000024"/>
        <vertex2 diameter="5" x="50" y="78.123999999999967" z="53.123999999999967"/>
    </GraphEdge>
    <GraphEdge>
        <vertex1 diameter="5" x="50" y="78.123999999999967" z="53.123999999999967"/>
        <vertex2 diameter="5" x="50" y="73.631999999999991" z="54.881999999999991"/>
    </GraphEdge>
    <GraphEdge>
        <vertex1 diameter="5" x="50" y="73.631999999999991" z="54.881999999999991"/>
        <vertex2 diameter="5" x="50" y="69.53000000000003" z="57.03000000000003"/>
    </GraphEdge>
    <GraphEdge>
        <vertex1 diameter="5" x="50" y="69.53000000000003" z="57.03000000000003"/>
        <vertex2 diameter="5" x="50" y="65.820000000000007" z="59.570000000000007"/>
    </GraphEdge>
    <GraphEdge>
        <vertex1 diameter="5" x="50" y="65.820000000000007" z="59.570000000000007"/>
        <vertex2 diameter="5" x="50" y="62.5" z="62.5"/>
    </GraphEdge>
    <GraphEdge>
        <vertex1 diameter="5" x="50" y="62.5" z="62.5"/>
        <vertex2 diameter="5" x="50" y="59.570000000000007" z="65.820000000000007"/>
    </GraphEdge>
    <GraphEdge>
        <vertex1 diameter="5" x="50" y="59.570000000000007" z="65.820000000000007"/>
        <vertex2 diameter="5" x="50" y="57.03000000000003" z="69.53000000000003"/>
    </GraphEdge>
    <GraphEdge>
        <vertex1 diameter="5" x="50" y="57.03000000000003" z="69.53000000000003"/>
        <vertex2 diameter="5" x="50" y="54.881999999999991" z="73.631999999999991"/>
    </GraphEdge>
    <GraphEdge>
        <vertex1 diameter="5" x="50" y="54.881999999999991" z="73.631999999999991"/>
        <vertex2 diameter="5" x="50" y="53.123999999999967" z="78.123999999999967"/>
    </GraphEdge>
    <GraphEdge>
        <vertex1 diameter="5" x="50" y="53.123999999999967" z="78.123999999999967"/>
        <vertex2 diameter="5" x="50" y="51.758000000000024" z="83.008000000000024"/>
    </GraphEdge>
    <GraphEdge>
        <vertex1 diameter="5" x="50" y="51.758000000000024" z="83.008000000000024"/>
        <vertex2 diameter="5" x="50" y="50.78000000000003" z="88.28000000000003"/>
    </GraphEdge>
    <GraphEdge>
        <vertex1 diameter="5" x="50" y="50.78000000000003" z="88.28000000000003"/>
        <vertex2 diameter="5" x="50" y="50.193999999999974" z="93.943999999999974"/>
    </GraphEdge>
    <GraphEdge>
        <vertex1 diameter="5" x="93.943999999999974" y="49.80400000000003" z="50"/>
        <vertex2 diameter="5" x="88.28000000000003" y="49.217999999999975" z="50"/>
    </GraphEdge>
    <GraphEdge>
        <vertex1 diameter="5" x="88.28000000000003" y="49.217999999999975" z="50"/>
        <vertex2 diameter="5" x="83.008000000000024" y="48.241999999999976" z="50"/>
    </GraphEdge>
    <GraphEdge>
        <vertex1 diameter="5" x="83.008000000000024" y="48.241999999999976" z="50"/>
        <vertex2 diameter="5" x="78.123999999999967" y="46.873999999999967" z="50"/>
    </GraphEdge>
    <GraphEdge>
        <vertex1 diameter="5" x="78.123999999999967" y="46.873999999999967" z="50"/>
        <vertex2 diameter="5" x="73.631999999999991" y="45.116000000000014" z="50"/>
    </GraphEdge>
    <GraphEdge>
        <vertex1 diameter="5" x="73.631999999999991" y="45.116000000000014" z="50"/>
        <vertex2 diameter="5" x="69.53000000000003" y="42.967999999999975" z="50"/>
    </GraphEdge>
    <GraphEdge>
        <vertex1 diameter="5" x="69.53000000000003" y="42.967999999999975" z="50"/>
        <vertex2 diameter="5" x="65.820000000000007" y="40.429999999999993" z="50"/>
    </GraphEdge>
    <GraphEdge>
        <vertex1 diameter="5" x="65.820000000000007" y="40.429999999999993" z="50"/>
        <vertex2 diameter="5" x="62.5" y="37.5" z="50"/>
    </GraphEdge>
    <GraphEdge>
        <vertex1 diameter="5" x="62.5" y="37.5" z="50"/>
        <vertex2 diameter="5" x="59.570000000000007" y="34.179999999999993" z="50"/>
    </GraphEdge>
    <GraphEdge>
        <vertex1 diameter="5" x="59.570000000000007" y="34.179999999999993" z="50"/>
        <vertex2 diameter="5" x="57.03000000000003" y="30.467999999999975" z="50"/>
    </GraphEdge>
    <GraphEdge>
        <vertex1 diameter="5" x="57.03000000000003" y="30.467999999999975" z="50"/>
        <vertex2 diameter="5" x="54.881999999999991" y="26.366000000000014" z="50"/>
    </GraphEdge>
    <GraphEdge>
        <vertex1 diameter="5" x="54.881999999999991" y="26.366000000000014" z="50"/>
        <vertex2 diameter="5" x="53.123999999999967" y="21.873999999999967" z="50"/>
    </GraphEdge>
    <GraphEdge>
        <vertex1 diameter="5" x="53.123999999999967" y="21.873999999999967" z="50"/>
        <vertex2 diameter="5" x="51.758000000000024" y="16.991999999999976" z="50"/>
    </GraphEdge>
    <GraphEdge>
        <vertex1 diameter="5" x="51.758000000000024" y="16.991999999999976" z="50"/>
        <vertex2 diameter="5" x="50.78000000000003" y="11.717999999999975" z="50"/>
    </GraphEdge>
    <GraphEdge>
        <vertex1 diameter="5" x="50.78000000000003" y="11.717999999999975" z="50"/>
        <vertex2 diameter="5" x="50.193999999999974" y="6.0540000000000305" z="50"/>
    </GraphEdge>
    <GraphEdge>
        <vertex1 diameter="5" x="50.193999999999974" y="50" z="6.0540000000000305"/>
        <vertex2 diameter="5" x="50.78000000000003" y="50" z="11.717999999999975"/>
    </GraphEdge>
    <GraphEdge>
        <vertex1 diameter="5" x="50.78000000000003" y="50" z="11.717999999999975"/>
        <vertex2 diameter="5" x="51.758000000000024" y="50" z="16.991999999999976"/>
    </GraphEdge>
    <GraphEdge>
        <vertex1 diameter="5" x="51.758000000000024" y="50" z="16.991999999999976"/>
        <vertex2 diameter="5" x="53.123999999999967" y="50" z="21.873999999999967"/>
    </GraphEdge>
    <GraphEdge>
        <vertex1 diameter="5" x="53.123999999999967" y="50" z="21.873999999999967"/>
        <vertex2 diameter="5" x="54.881999999999991" y="50" z="26.366000000000014"/>
    </GraphEdge>
    <GraphEdge>
        <vertex1 diameter="5" x="54.881999999999991" y="50" z="26.366000000000014"/>
        <vertex2 diameter="5" x="57.03000000000003" y="50" z="30.467999999999975"/>
    </GraphEdge>
    <GraphEdge>
        <vertex1 diameter="5" x="57.03000000000003" y="50" z="30.467999999999975"/>
        <vertex2 diameter="5" x="59.570000000000007" y="50" z="34.179999999999993"/>
    </GraphEdge>
    <GraphEdge>
        <vertex1 diameter="5" x="59.570000000000007" y="50" z="34.179999999999993"/>
        <vertex2 diameter="5" x="62.5" y="50" z="37.5"/>
    </GraphEdge>
    <GraphEdge>
        <vertex1 diameter="5" x="62.5" y="50" z="37.5"/>
        <vertex2 diameter="5" x="65.820000000000007" y="50" z="40.429999999999993"/>
    </GraphEdge>
    <GraphEdge>
        <vertex1 diameter="5" x="65.820000000000007" y="50" z="40.429999999999993"/>
        <vertex2 diameter="5" x="69.53000000000003" y="50" z="42.967999999999975"/>
    </GraphEdge>
    <GraphEdge>
        <vertex1 diameter="5" x="69.53000000000003" y="50" z="42.967999999999975"/>
        <vertex2 diameter="5" x="73.631999999999991" y="50" z="45.116000000000014"/>
    </GraphEdge>
    <GraphEdge>
        <vertex1 diameter="5" x="73.631999999999991" y="50" z="45.116000000000014"/>
        <vertex2 diameter="5" x="78.123999999999967" y="50" z="46.873999999999967"/>
    </GraphEdge>
    <GraphEdge>
        <vertex1 diameter="5" x="78.123999999999967" y="50" z="46.873999999999967"/>
        <vertex2 diameter="5" x="83.008000000000024" y="50" z="48.241999999999976"/>
    </GraphEdge>
    <GraphEdge>
        <vertex1 diameter="5" x="83.008000000000024" y="50" z="48.241999999999976"/>
        <vertex2 diameter="5" x="88.28000000000003" y="50" z="49.217999999999975"/>
    </GraphEdge>
    <GraphEdge>
        <vertex1 diameter="5" x="88.28000000000003" y="50" z="49.217999999999975"/>
        <vertex2 diameter="5" x="93.943999999999974" y="50" z="49.80400000000003"/>
    </GraphEdge>
    <GraphEdge>
        <vertex1 diameter="5" x="50.193999999999974" y="50" z="93.943999999999974"/>
        <vertex2 diameter="5" x="50.78000000000003" y="50" z="88.28000000000003"/>
    </GraphEdge>
    <GraphEdge>
        <vertex1 diameter="5" x="50.78000000000003" y="50" z="88.28000000000003"/>
        <vertex2 diameter="5" x="51.758000000000024" y="50" z="83.008000000000024"/>
    </GraphEdge>
    <GraphEdge>
        <vertex1 diameter="5" x="51.758000000000024" y="50" z="83.008000000000024"/>
        <vertex2 diameter="5" x="53.123999999999967" y="50" z="78.123999999999967"/>
    </GraphEdge>
    <GraphEdge>
        <vertex1 diameter="5" x="53.123999999999967" y="50" z="78.123999999999967"/>
        <vertex2 diameter="5" x="54.881999999999991" y="50" z="73.631999999999991"/>
    </GraphEdge>
    <GraphEdge>
        <vertex1 diameter="5" x="54.881999999999991" y="50" z="73.631999999999991"/>
        <vertex2 diameter="5" x="57.03000000000003" y="50" z="69.53000000000003"/>
    </GraphEdge>
    <GraphEdge>
        <vertex1 diameter="5" x="57.03000000000003" y="50" z="69.53000000000003"/>
        <vertex2 diameter="5" x="59.570000000000007" y="50" z="65.820000000000007"/>
    </GraphEdge>
    <GraphEdge>
        <vertex1 diameter="5" x="59.570000000000007" y="50" z="65.820000000000007"/>
        <vertex2 diameter="5" x="62.5" y="50" z="62.5"/>
    </GraphEdge>
    <GraphEdge>
        <vertex1 diameter="5" x="62.5" y="50" z="62.5"/>
        <vertex2 diameter="5" x="65.820000000000007" y="50" z="59.570000000000007"/>
    </GraphEdge>
    <GraphEdge>
        <vertex1 diameter="5" x="65.820000000000007" y="50" z="59.570000000000007"/>
        <vertex2 diameter="5" x="69.53000000000003" y="50" z="57.03000000000003"/>
    </GraphEdge>
    <GraphEdge>
        <vertex1 diameter="5" x="69.53000000000003" y="50" z="57.03000000000003"/>
        <vertex2 diameter="5" x="73.631999999999991" y="50" z="54.881999999999991"/>
    </GraphEdge>
    <GraphEdge>
        <vertex1 diameter="5" x="73.631999999999991" y="50" z="54.881999999999991"/>
        <vertex2 diameter="5" x="78.123999999999967" y="50" z="53.123999999999967"/>
    </GraphEdge>
    <GraphEdge>
        <vertex1 diameter="5" x="78.123999999999967" y="50" z="53.123999999999967"/>
        <vertex2 diameter="5" x="83.008000000000024" y="50" z="51.758000000000024"/>
    </GraphEdge>
    <GraphEdge>
        <vertex1 diameter="5" x="83.008000000000024" y="50" z="51.758000000000024"/>
        <vertex2 diameter="5" x="88.28000000000003" y="50" z="50.78000000000003"/>
    </GraphEdge>
    <GraphEdge>
        <vertex1 diameter="5" x="88.28000000000003" y="50" z="50.78000000000003"/>
        <vertex2 diameter="5" x="93.943999999999974" y="50" z="50.193999999999974"/>
    </GraphEdge>
    <GraphEdge>
        <vertex1 diameter="5" x="93.943999999999974" y="50.193999999999974" z="50"/>
        <vertex2 diameter="5" x="88.28000000000003" y="50.78000000000003" z="50"/>
    </GraphEdge>
    <GraphEdge>
        <vertex1 diameter="5" x="88.28000000000003" y="50.78000000000003" z="50"/>
        <vertex2 diameter="5" x="83.008000000000024" y="51.758000000000024" z="50"/>
    </GraphEdge>
    <GraphEdge>
        <vertex1 diameter="5" x="83.008000000000024" y="51.758000000000024" z="50"/>
        <vertex2 diameter="5" x="78.123999999999967" y="53.123999999999967" z="50"/>
    </GraphEdge>
    <GraphEdge>
        <vertex1 diameter="5" x="78.123999999999967" y="53.123999999999967" z="50"/>
        <vertex2 diameter="5" x="73.631999999999991" y="54.881999999999991" z="50"/>
    </GraphEdge>
    <GraphEdge>
        <vertex1 diameter="5" x="73.631999999999991" y="54.881999999999991" z="50"/>
        <vertex2 diameter="5" x="69.53000000000003" y="57.03000000000003" z="50"/>
    </GraphEdge>
    <GraphEdge>
        <vertex1 diameter="5" x="69.53000000000003" y="57.03000000000003" z="50"/>
        <vertex2 diameter="5" x="65.820000000000007" y="59.570000000000007" z="50"/>
    </GraphEdge>
    <GraphEdge>
        <vertex1 diameter="5" x="65.820000000000007" y="59.570000000000007" z="50"/>
        <vertex2 diameter="5" x="62.5" y="62.5" z="50"/>
    </GraphEdge>
    <GraphEdge>
        <vertex1 diameter="5" x="62.5" y="62.5" z="50"/>
        <vertex2 diameter="5" x="59.570000000000007" y="65.820000000000007" z="50"/>
    </GraphEdge>
    <GraphEdge>
        <vertex1 diameter="5" x="59.570000000000007" y="65.820000000000007" z="50"/>
        <vertex2 diameter="5" x="57.03000000000003" y="69.53000000000003" z="50"/>
    </GraphEdge>
    <GraphEdge>
        <vertex1 diameter="5" x="57.03000000000003" y="69.53000000000003" z="50"/>
        <vertex2 diameter="5" x="54.881999999999991" y="73.631999999999991" z="50"/>
    </GraphEdge>
    <GraphEdge>
        <vertex1 diameter="5" x="54.881999999999991" y="73.631999999999991" z="50"/>
        <vertex2 diameter="5" x="53.123999999999967" y="78.123999999999967" z="50"/>
    </GraphEdge>
    <GraphEdge>
        <vertex1 diameter="5" x="53.123999999999967" y="78.123999999999967" z="50"/>
        <vertex2 diameter="5" x="51.758000000000024" y="83.008000000000024" z="50"/>
    </GraphEdge>
    <GraphEdge>
        <vertex1 diameter="5" x="51.758000000000024" y="83.008000000000024" z="50"/>
        <vertex2 diameter="5" x="50.78000000000003" y="88.28000000000003" z="50"/>
    </GraphEdge>
    <GraphEdge>
        <vertex1 diameter="5" x="50.78000000000003" y="88.28000000000003" z="50"/>
        <vertex2 diameter="5" x="50.193999999999974" y="93.943999999999974" z="50"/>
    </GraphEdge>
</GraphStructure>
