{
  "$schema": "http://json-schema.org/2020-12/schema",
  "title": "JSON for PMI FCF Semantics",
  "description": "JSON for PMI FCF semantics",
  "type": "object",
  "properties": {
    "general": {
      "description": "General properties for FCF",
      "type": "object"
    },
    "semantics": {
      "description": "Semantics properties for FCF",
      "type": "object",
      "properties": {
        "characteristic": {
          "description": "FCF Characteristic",
          "$ref": "#/$defs/stringProperty"
        }
      },
      "required": [
        "characteristic"
      ]
    },
    "display": {
      "description": "Display properties for FCF",
      "type": "object"
    }
  },
  "required": [
    "general",
    "semantics",
    "display"
  ],
  "$defs": {
    "stringProperty": {
      "$ref": "CommonSemanticsSchema.json#/$defs/stringProperty"
    }
  }
}
