{
  "$schema": "http://json-schema.org/2020-12/schema",
  "title": "JSON for Model View Semantics",
  "description": "JSON for model view semantics",
  "type": "object",
  "properties": {
	"schemaVersion": {
	  "description": "A string to indicate in which NX release the json schema is based on.",
      "type": "string"
    },
    "general": {
	  "description"   : "General properties for model view",
	  "allOf": [
        {
          "$ref": "#/$defs/baseSemanticsSchema/properties/general"
        },
        {
		  "type": "object",
		  "properties": {
			"name": {
			  "description"   : "Model view name",
              "$ref": "#/$defs/stringProperty"
			},
			"workView": {
			  "description"   : "Is the model view work view",
              "$ref": "#/$defs/booleanProperty"
			},
			"standardView": {
			  "description"   : "Is the model view standard view",
              "$ref": "#/$defs/booleanProperty"
			},
			"viewSetMember": {
			  "description"   : "Is the model view member of view set",
              "$ref": "#/$defs/booleanProperty"
			},
			"sectionView": {
			  "description"   : "Is the model view lightweight section view",
              "$ref": "#/$defs/booleanProperty"
			}
		  },
		  "required": [
			"name",
			"workView",
			"standardView",
			"viewSetMember",
			"sectionView"
		  ]	  
	    }
	  ]
    },
    "semantics": {
	  "description"   : "Semantics properties for model view",
      "type": "object",
      "properties": {
        "origin": {
		  "description"   : "Model view origin",
          "$ref": "#/$defs/3dPointProperty"
        },
        "orientation": {
		  "description"   : "Model view orientation",
          "$ref": "#/$defs/3x3MatrixProperty"
		},
		"scale": {
		  "description"   : "Model view scale",
          "$ref": "#/$defs/integerProperty"
		}
      },
      "required": [
        "origin",
        "orientation",
        "scale"
      ]
    }
  },
  "required": [
    "general",
    "semantics"
  ],
  
  "$defs": {
    "baseSemanticsSchema": {
      "$ref": "BaseSemanticsSchema.json"
    },
    "stringProperty": {
      "$ref": "CommonSemanticsSchema.json#/$defs/stringProperty"
    },
    "booleanProperty": {
	  "$ref": "CommonSemanticsSchema.json#/$defs/booleanProperty"
    },
	"3dPointProperty": {
      "$ref": "CommonSemanticsSchema.json#/$defs/3dPointProperty"
    },
	"3x3MatrixProperty": {
      "$ref": "CommonSemanticsSchema.json#/$defs/3x3MatrixProperty"
    },
	    "atlasObjectProperty": {
      "$ref": "CommonSemanticsSchema.json#/$defs/atlasObjectProperty"
    }
  }
} 
