{
  "$schema": "http://json-schema.org/2020-12/schema",
  "title": "JSON for PMI Datum Semantics",
  "description": "JSON for PMI Datum semantics",
  "type": "object",
  "properties": {
    "general": {
	  "description"   : "General properties for datum",
	  "type": "object"
	},
    "semantics": {
	  "description"   : "Semantics properties for datum",
	  "type": "object"
	},
    "display": {
	  "description"   : "Display properties for datum",
	  "type": "object"
	},
  },
  "required": [
    "general",
    "semantics",
    "display"
  ]
}
