{
  "$schema": "http://json-schema.org/2020-12/schema",
  "title": "JSON for PMI Dimension Semantics",
  "description": "JSON for PMI dimension semantics",
  "type": "object",
  "properties": {
    "general": {
      "description"   : "General properties for dimension",
      "type": "object"
    },
    "semantics": {
      "description"   : "Semantics properties for dimension",
      "type": "object",
      "properties": {
        "size": {
          "description"   : "Dimension size",
          "$ref": "#/$defs/numberProperty"
        },
        "appendedTextBefore": {
          "description"   : "Dimension before appended text",
          "$ref": "#/$defs/stringArrayProperty"
        },
        "appendedTextAfter": {
          "description"   : "Dimension after appended text",
          "$ref": "#/$defs/stringArrayProperty"
        },
        "appendedTextAbove": {
          "description"   : "Dimension above appended text",
          "$ref": "#/$defs/stringArrayProperty"
        },
        "appendedTextBelow": {
          "description"   : "Dimension below appended text",
          "$ref": "#/$defs/stringArrayProperty"
        }
      },
      "required": [
        "size",
        "appendedTextBefore",
        "appendedTextAfter",
        "appendedTextAbove",
        "appendedTextBelow"
      ]
    },
    "display": {
      "description"   : "Display properties for dimension",
      "type": "object"
    },
  },
  "required": [
    "general",
    "semantics",
    "display"
  ],
  "$defs": {
    "numberProperty": {
      "$ref": "CommonSemanticsSchema.json#/$defs//numberProperty"
    },
    "stringArrayProperty": {
      "$ref": "CommonSemanticsSchema.json#/$defs//stringArrayProperty"
    }
  }
}
