{
  "$schema": "http://json-schema.org/2020-12/schema",
  "title": "JSON for General PMI Semantics",
  "description": "JSON for general PMI semantics",
  "type": "object",
  "properties": {
    "general": {
      "description"   : "General properties for all PMI types",
      "allOf": [
        {
          "$ref": "#/$defs/baseSemanticsSchema/properties/general"
        },
        {
          "type": "object",
          "properties": {
            "type": {
              "description": "PMI type",
              "$ref": "#/$defs/stringProperty"
            },
            "name": {
              "description": "PMI name",
              "$ref": "#/$defs/stringProperty"
            },
            "navigatorName": {
              "description": "PMI navigator name",
              "$ref": "#/$defs/stringProperty"
            },
            "description": {
              "description": "PMI description",
              "$ref": "#/$defs/stringProperty"
            },
            "id": {
              "description": "PMI requirement id",
              "$ref": "#/$defs/integerProperty"
            },
            "associatedObjectGroupName": {
              "description": "PMI associated object group name",
              "$ref": "#/$defs/stringProperty"
            },
            "owningGroup": {
              "description": "PMI owning group",
              "$ref": "#/$defs/stringProperty"
            },
            "retainStatus": {
              "description": "PMI retain status",
              "$ref": "#/$defs/booleanProperty"
            },
            "waveLinked": {
              "description": "Is wave linked PMI",
              "$ref": "#/$defs/booleanProperty"
            },
            "mirrored": {
              "description": "Is mirrored PMI ",
              "$ref": "#/$defs/booleanProperty"
            },
            "ruleBased": {
              "description": "Is rule based PMI ",
              "$ref": "#/$defs/booleanProperty"
            },
            "componentPmi": {
              "description": "Is component PMI displayed in an assembly ",
              "$ref": "#/$defs/booleanProperty"
            }
          },
          "required": [
            "type",
            "name",
            "navigatorName",
            "description",
            "id",
            "associatedObjectGroupName",
            "owningGroup",
            "retainStatus",
            "waveLinked",
            "mirrored",
            "ruleBased",
            "componentPmi"
          ]
        }
      ]
    },
    "semantics": {
      "description"   : "Semantics properties for all PMI types",
      "type": "object",
      "properties": {
        "associatedObjects": {
          "description"   : "PMI associated objects",
          "type": "object",
          "properties": {
            "title": {
              "type": "string"
            },
            "displayValue": {
              "type": "string"
            },
            "objects": {
              "type": "array",
              "items": {
                "$ref": "#/$defs/atlasObjectProperty"
              }
            }
          },
          "required": [
            "title",
            "displayValue",
            "objects"
          ]
        },
      },
      "required": [
        "associatedObjects"
      ]
    },
    "display": {
      "description"   : "Display properties for all PMI types",
      "type": "object",
      "properties": {
        "displayInstances": {
          "description": "PMI display instances",
          "type": "array",
          "items": {
            "type": "object",
            "properties": {
              "Class": {
                "type": "string"
              },
              "ObjectId": {
                "$ref": "#/$defs/atlasObjectProperty/properties/ObjectId"
              },
              "dependentViews": {
                "type": "array",
                "items": {
                  "$ref": "#/$defs/atlasObjectProperty"
                }
              }
            },
            "required": [
              "Class",
              "ObjectId",
              "dependentViews"
            ]
          }
        },
        "displayedViews": {
          "description": "PMI dependent views",
          "$ref": "#/$defs/stringProperty"
        },
        "suppressionStatus": {
          "description": "PMI suppression status",
          "$ref": "#/$defs/booleanProperty"
        },
        "layer": {
          "description": "PMI layer",
          "$ref": "#/$defs/integerProperty"
        },
        "hiddenStatus": {
          "description": "PMI hiddent status",
          "$ref": "#/$defs/booleanProperty"
        },
        "parallelToScreen": {
          "description": "PMI parallel to screen status",
          "$ref": "#/$defs/booleanProperty"
        }
      },
      "required": [
        "displayInstances",
        "displayedViews",
        "suppressionStatus",
        "layer",
        "hiddenStatus",
        "parallelToScreen"
      ]
    }
  },
  "required": [
    "general",
    "semantics",
    "display"
  ],
  "$defs": {
    "baseSemanticsSchema": {
      "$ref": "BaseSemanticsSchema.json"
    },
    "stringProperty": {
      "$ref": "CommonSemanticsSchema.json#/$defs/stringProperty"
    },
    "integerProperty": {
      "$ref": "CommonSemanticsSchema.json#/$defs/integerProperty"
    },
    "booleanProperty": {
      "$ref": "CommonSemanticsSchema.json#/$defs/booleanProperty"
    },
    "numberProperty": {
      "$ref": "CommonSemanticsSchema.json#/$defs/numberProperty"
    },
    "stringArrayProperty": {
      "$ref": "CommonSemanticsSchema.json#/$defs/stringArrayProperty"
    },
    "atlasObjectProperty": {
      "$ref": "CommonSemanticsSchema.json#/$defs/atlasObjectProperty"
    }
  }
}
