{
  "$defs": {
    "stringProperty": {
      "type": "object",
      "properties": {
        "title": {
          "type": "string"
        },
        "displayValue": {
          "type": "string"
        }
      },
      "required": [
        "title",
        "displayValue"
      ]
    },
    "integerProperty": {
      "type": "object",
      "properties": {
        "title": {
          "type": "string"
        },
        "displayValue": {
          "type": "integer"
        }
      },
      "required": [
        "title",
        "displayValue"
      ]
    },
    "booleanProperty": {
      "type": "object",
      "properties": {
        "title": {
          "type": "string"
        },
        "displayValue": {
          "type": "boolean"
        }
      },
      "required": [
        "title",
        "displayValue"
      ]
    },
    "numberProperty": {
      "type": "object",
      "properties": {
        "title": {
          "type": "string"
        },
        "displayValue": {
          "type": "number"
        }
      },
      "required": [
        "title",
        "displayValue"
      ]
    },
    "stringArrayProperty": {
      "type": "object",
      "properties": {
        "title": {
          "type": "string"
        },
        "displayValue": {
          "type": "array",
          "items": {
            "type": "string"
          }
        }
      },
      "required": [
        "title",
        "displayValue"
      ]
    },
    "3dPointProperty": {
      "type": "object",
      "properties": {
        "title": {
          "type": "string"
        },
        "displayValue": {
          "type": "array",
          "items": {
             "type": "number"
          },
          "minItems": 3,
          "maxItems": 3
        }
      },
      "required": [
        "title",
        "displayValue"
      ]
    },
    "3x3MatrixProperty": {
      "type": "object",
      "properties": {
        "title": {
          "type": "string"
        },
        "displayValue": {
          "type": "array",
          "items": {
             "type": "number"
          },
          "minItems": 9,
          "maxItems": 9
        }
      },
      "required": [
        "title",
        "displayValue"
      ]
    },
    "atlasObjectProperty": {
      "type": "object",
      "properties": {
        "Class": {
          "type": "string"
        },
        "ObjectId": {
          "type": "array",
          "items": [
            {
              "type": "array",
              "items": [
                {
                  "type": "string"
                }
              ]
            },
            {
              "type": "string"
            }
          ]
        }
      },
      "required": [
        "Class",
        "ObjectId"
      ]
    }
  }
} 
