{
  "$schema": "http://json-schema.org/2020-12/schema",
  "title": "JSON for Base Semantics",
  "description": "JSON for base semantics",
  "type": "object",
  "properties": {
    "general": {
      "description"   : "General properties for PMI",
      "type": "object",
      "properties": {
        "object": {
          "description"   : "Atlas object for PMI",
          "$ref": "#/$defs/atlasObjectProperty"
        },
        "partName": {
          "description"   : "Part name the PMI belong to",
          "$ref": "#/$defs/stringProperty"
        }
      },
      "required": [
        "object",
        "partName"
      ]
    },
    "semantics": {
      "description"   : "Semantics properties for PMI",
      "type": "object",
      "properties": {
        "objectAttributes": {
          "description"   : "A list of object attributes associated to the PMI",
          "type": "array",
          "items": {
            "type": "object",
            "properties": {
              "title": {
                "type": "string"
              },
              "value": {}
            },
            "required": [
              "title", 
              "value"
            ]
          }
        }
      }
    },
    "display": {
      "description"   : "Display properties for PMI",
      "type": "object"
    }
  },
  "required": [
    "general",
    "semantics",
    "display"
  ],
  "$defs": {
    "stringProperty": {
      "$ref": "CommonSemanticsSchema.json#/$defs/stringProperty"
    },
    "atlasObjectProperty": {
      "$ref": "CommonSemanticsSchema.json#/$defs/atlasObjectProperty"
    }
  }
}
