{
  "$schema": "http://json-schema.org/2020-12/schema",
  "title": "JSON for PMI Semantics",
  "description": "JSON for PMI semantics",
  "type": "object",
  "properties": {
    "schemaVersion": {
	  "description": "A string to indicate in which NX release the json schema is based on.",	
      "type": "string"
    },
    "general": {
	  "description"   : "General properties for PMI",
      "allOf": [
        {
          "$ref": "#/$defs/pmiGeneralSemanticsSchema/properties/general"
        }
      ],
      "anyOf": [
        {
          "$ref": "#/$defs/dimensionSemanticsSchema/properties/general"
        },
        {
          "$ref": "#/$defs/datumSemanticsSchema/properties/general"
        }
      ]
    },
    "semantics": {
	  "description"   : "Semantics properties for PMI",
      "allOf": [
        {
          "$ref": "#/$defs/pmiGeneralSemanticsSchema/properties/semantics"
        }
      ],
      "anyOf": [
        {
          "$ref": "#/$defs/dimensionSemanticsSchema/properties/semantics"
        },
        {
          "$ref": "#/$defs/datumSemanticsSchema/properties/semantics"
        }
      ]
    },
    "display": {
	  "description"   : "Display properties for PMI",
      "allOf": [
        {
          "$ref": "#/$defs/pmiGeneralSemanticsSchema/properties/display"
        }
      ],
      "anyOf": [
        {
          "$ref": "#/$defs/dimensionSemanticsSchema/properties/display"
        },
        {
          "$ref": "#/$defs/datumSemanticsSchema/properties/display"
        }
      ]
    }
  },
  "required": [
    "general",
    "semantics",
    "display"
  ],
  "$defs": {
    "pmiGeneralSemanticsSchema": {
	  "$ref": "PMIGeneralSemanticsSchema.json"
    },
    "dimensionSemanticsSchema": {
	  "$ref": "DimensionSemanticsSchema.json"
    },
    "datumSemanticsSchema": {
      "$ref": "DatumSemanticsSchema.json"
	}
  }
}
