<?xml version="1.0" encoding="UTF-8" standalone="yes"?>
<PmiProperty xmlns:xsi="http://www.w3.org/2001/XMLSchema-instance">
    <Function name="Mirror">
    <Property name="TextAlignmentPosition">
        <Operation>track</Operation>
    </Property>
    <Property name="TextJustification">
        <Operation>track</Operation>
    </Property>
    <Property name="DimensionTextCharacterSize">
        <Operation>track</Operation>
    </Property>
    <Property name="DimensionTextSpaceFactor">
        <Operation>track</Operation>
    </Property>
    <Property name="DimensionTextAspectRatio">
        <Operation>track</Operation>
    </Property>
    <Property name="DimensionTextSymbolAspectRatio">
        <Operation>track</Operation>
    </Property>
    <Property name="DimensionTextLineSpaceFactor">
        <Operation>track</Operation>
    </Property>
    <Property name="DimensionTextToDimensionTextLineSpaceFactor">
        <Operation>track</Operation>
    </Property>
    <Property name="DimensionTextCharacterFont">
        <Operation>track</Operation>
    </Property>
    <Property name="DimensionTextLineWidth">
        <Operation>track</Operation>
    </Property>
    <Property name="DimensionTextColor">
        <Operation>track</Operation>
    </Property>
    <Property name="ToleranceTextCharacterSize">
        <Operation>track</Operation>
    </Property>
    <Property name="ToleranceTextSpaceFactor">
        <Operation>track</Operation>
    </Property>
    <Property name="ToleranceTextAspectRatio">
        <Operation>track</Operation>
    </Property>
    <Property name="ToleranceTextSymbolAspectRatio">
        <Operation>track</Operation>
    </Property>
    <Property name="ToleranceTextLineSpaceFactor">
        <Operation>track</Operation>
    </Property>
    <Property name="DimensionTextToToleranceTextSpaceFactor">
        <Operation>track</Operation>
    </Property>
    <Property name="ToleranceTextCharacterFont">
        <Operation>track</Operation>
    </Property>
    <Property name="ToleranceTextLineWidth">
        <Operation>track</Operation>
    </Property>
    <Property name="ToleranceTextColor">
        <Operation>track</Operation>
    </Property>
    <Property name="AppendedTextCharacterSize">
        <Operation>track</Operation>
    </Property>
    <Property name="AppendedTextSpaceFactor">
        <Operation>track</Operation>
    </Property>
    <Property name="AppendedTextAspectRatio">
        <Operation>track</Operation>
    </Property>
    <Property name="AppendedTextSymbolAspectRatio">
        <Operation>track</Operation>
    </Property>
    <Property name="AppendedTextLineSpaceFactor">
        <Operation>track</Operation>
    </Property>
    <Property name="DimensionTextToAppendedTextSpaceFactor">
        <Operation>track</Operation>
    </Property>
    <Property name="AppendedTextCharacterFont">
        <Operation>track</Operation>
    </Property>
    <Property name="AppendedTextLineWidth">
        <Operation>track</Operation>
    </Property>
    <Property name="AppendedTextColor">
        <Operation>track</Operation>
    </Property>
    <Property name="InspectionSymbolAroundAppendedText">
        <Operation>track</Operation>
    </Property>
    <Property name="GeneralTextCharacterSize">
        <Operation>track</Operation>
    </Property>
    <Property name="GeneralTextSpaceFactor">
        <Operation>track</Operation>
    </Property>
    <Property name="GeneralTextAspectRatio">
        <Operation>track</Operation>
    </Property>
    <Property name="GeneralTextSymbolAspectRatio">
        <Operation>track</Operation>
    </Property>
    <Property name="GeneralTextLineSpaceFactor">
        <Operation>track</Operation>
    </Property>
    <Property name="GeneralTextAngle">
        <Operation>track</Operation>
    </Property>
    <Property name="GeneralTextCharacterFont">
        <Operation>track</Operation>
    </Property>
    <Property name="GeneralTextLineWidth">
        <Operation>track</Operation>
    </Property>
    <Property name="GeneralTextColor">
        <Operation>track</Operation>
    </Property>
    <Property name="GDTFrameHeightFactor">
        <Operation>track</Operation>
    </Property>
    <Property name="SideOneArrowheadType">
        <Operation>track</Operation>
    </Property>
    <Property name="SideTwoArrowheadType">
        <Operation>track</Operation>
    </Property>
    <!-- LeaderOrientation is obsolete and should not be used for mirror -->
    <Property name="LeaderOrientation">
        <Operation>none</Operation>
    </Property>
    <Property name="LeaderLocation">
        <Operation>track</Operation>
    </Property>
    <Property name="ArrowheadLength">
        <Operation>track</Operation>
    </Property>
    <Property name="ArrowheadIncludedAngle">
        <Operation>track</Operation>
    </Property>
    <Property name="DotArrowheadDiameter">
        <Operation>track</Operation>
    </Property>
    <Property name="StubLength">
        <Operation>track</Operation>
    </Property>
    <Property name="StubSymbolType">
        <Operation>track</Operation>
    </Property>
    <Property name="AllAroundSymbolSize">
        <Operation>track</Operation>
    </Property>
    <Property name="ExtensionLineLengthPastDimensionLine">
        <Operation>track</Operation>
    </Property>
    <Property name="ExtensionLineLengthPastDimensionLine2">
        <Operation>track</Operation>
    </Property>
    <Property name="ExtensionLineAngle">
        <Operation>track</Operation>
    </Property>
    <Property name="DistanceFromTextToDimensonLineOrStub">
        <Operation>track</Operation>
    </Property>
    <Property name="DistanceFromObjectToSideOneExtensionLineEnd">
        <Operation>track</Operation>
    </Property>
    <Property name="DistanceFomObjectToSideTwoExtensionLineEnd">
        <Operation>track</Operation>
    </Property>
    <Property name="ExtensionLineLengthPastDatumArrowheadApex">
        <Operation>track</Operation>
    </Property>
    <Property name="DistanceFromStubToTextAsCharacterSizeFactor">
        <Operation>track</Operation>
    </Property>
    <Property name="DisplayExtensionLine">
        <Operation>track</Operation>
    </Property>
    <Property name="DisplayArrowhead">
        <Operation>track</Operation>
    </Property>
    <Property name="DisplayArrowline">
        <Operation>track</Operation>
    </Property>
    <Property name="SideOneExtensionLineColor">
        <Operation>track</Operation>
    </Property>
    <Property name="SideOneExtensionLineFont">
        <Operation>track</Operation>
    </Property>
    <Property name="SideOneExtensionLineLineWidth">
        <Operation>track</Operation>
    </Property>
    <Property name="SideOneArrowheadColor">
        <Operation>track</Operation>
    </Property>
    <Property name="SideOneArrowheadFont">
        <Operation>track</Operation>
    </Property>
    <Property name="SideOneArrowheadLineWidth">
        <Operation>track</Operation>
    </Property>
    <Property name="SideOneArrowlineColor">
        <Operation>track</Operation>
    </Property>
    <Property name="SideOneArrowlineFont">
        <Operation>track</Operation>
    </Property>
    <Property name="SideOneArrowlineLineWidth">
        <Operation>track</Operation>
    </Property>
    <Property name="SideTwoExtensionLineColor">
        <Operation>track</Operation>
    </Property>
    <Property name="SideTwoExtensionLineFont">
        <Operation>track</Operation>
    </Property>
    <Property name="SideTwoExtensionLineLineWidth">
        <Operation>track</Operation>
    </Property>
    <Property name="SideTwoArrowheadColor">
        <Operation>track</Operation>
    </Property>
    <Property name="SideTwoArrowheadFont">
        <Operation>track</Operation>
    </Property>
    <Property name="SideTwoArrowheadLineWidth">
        <Operation>track</Operation>
    </Property>
    <Property name="SideTwoArrowlineColor">
        <Operation>track</Operation>
    </Property>
    <Property name="SideTwoArrowlineFont">
        <Operation>track</Operation>
    </Property>
    <Property name="SideTwoArrowlineLineWidth">
        <Operation>track</Operation>
    </Property>
    <Property name="DimensionTextPlacement">
        <Operation>track</Operation>
    </Property>
    <Property name="DimensionLineBetweenArrows">
        <Operation>track</Operation>
    </Property>
    <Property name="DimensionTextOrientation">
        <Operation>track</Operation>
    </Property>
    <Property name="DimensionTextPosition">
      <Operation>track</Operation>
    </Property>
    <Property name="DimensionTextOrientationAngle">
        <Operation>track</Operation>
    </Property>
    <Property name="OriginSymbolAngle">
        <Operation>track</Operation>
    </Property>
    <Property name="OriginSymbolScale">
        <Operation>track</Operation>
    </Property>
    <Property name="OriginSymbolAspectRatio">
        <Operation>track</Operation>
    </Property>
    <Property name="OriginSymbolAspectLength">
        <Operation>track</Operation>
    </Property>
    <Property name="OriginSymbolAspectHeight">
        <Operation>track</Operation>
    </Property>
    <Property name="OriginDimensionLine">
        <Operation>track</Operation>
    </Property>
    <Property name="OrdinateDoglegSetting">
        <Operation>track</Operation>
    </Property>
    <Property name="OrdinateDoglegOption">
        <Operation>track</Operation>
    </Property>
    <Property name="OrdinateStartOffset">
        <Operation>track</Operation>
    </Property>
    <Property name="OrdinateEndOffset">
        <Operation>track</Operation>
    </Property>
    <Property name="OrdinateAngle">
        <Operation>track</Operation>
    </Property>
    <Property name="MarginFirstOffset">
        <Operation>track</Operation>
    </Property>
    <Property name="MarginSpacing">
        <Operation>track</Operation>
    </Property>
    <Property name="NumberOfMargins">
        <Operation>track</Operation>
    </Property>
    <Property name="MarginDimensionTextOrientation">
        <Operation>track</Operation>
    </Property>
    <Property name="MarginDimensionTextAngle">
        <Operation>track</Operation>
    </Property>
    <Property name="TrimDimensionLinePastExtensionLine">
        <Operation>track</Operation>
    </Property>
    <Property name="ReferenceDimension">
        <Operation>track</Operation>
    </Property>
    <Property name="AnnotationLocation">
        <Operation>none</Operation>
    </Property>
    <Property name="AnnotationPlane">
        <Operation>none</Operation>
    </Property>
    <Property name="CustomSymbolScale">
        <Operation>track</Operation>
    </Property>
    <Property name="CustomSymbolAngle">
        <Operation>track</Operation>
    </Property>
    <Property name="CustomSymbolHorizontallyFlipped">
        <Operation>track</Operation>
    </Property>
    <Property name="CustomSymbolVerticallyFlipped">
        <Operation>track</Operation>
    </Property>
    <Property name="NarrowDisplayType">
        <Operation>track</Operation>
    </Property>
    <Property name="NarrowOrientation">
        <Operation>track</Operation>
    </Property>
    <Property name="NarrowLeaderAngle">
        <Operation>track</Operation>
    </Property>
    <Property name="NarrowTextOffSet">
        <Operation>track</Operation>
    </Property>
    <Property name="NarrowArrowType">
        <Operation>track</Operation>
    </Property>
    <Property name="StackVerticalAlignment">
        <Operation>track</Operation>
    </Property>
    <Property name="StackHorizontalAlignment">
        <Operation>track</Operation>
    </Property>
    <Property name="StackAboveSpacing">
        <Operation>track</Operation>
    </Property>
    <Property name="StackBelowSpacing">
        <Operation>track</Operation>
    </Property>
    <Property name="StackLeftSpacing">
        <Operation>track</Operation>
    </Property>
    <Property name="StackRightSpacing">
        <Operation>track</Operation>
    </Property>
    <Property name="StackInheritAssociatedObjects">
        <Operation>none</Operation>
    </Property>
    <Property name = "RegionDisplayCrosshatch">
        <Operation>track</Operation>
    </Property>
    <Property name="RegionCrosshatchPattern">
      <Operation>track</Operation>
    </Property>
    <Property name="RegionCrosshatchDistance">
      <Operation>track</Operation>
    </Property>
    <Property name="RegionCrosshatchAngle">
      <Operation>track</Operation>
    </Property>
    <Property name="RegionCrosshatchColor">
      <Operation>track</Operation>
    </Property>
    <Property name="RegionCrosshatchWidth">
      <Operation>track</Operation>
    </Property>
    <Property name="RegionBoundaryColor">
      <Operation>track</Operation>
    </Property>
    <Property name="RegionBoundaryFont">
      <Operation>track</Operation>
    </Property>
    <Property name="RegionBoundaryWidth">
      <Operation>track</Operation>
    </Property>
    <Property name="RectangularRegionWidth">
        <Operation>track</Operation>
    </Property>
    <Property name="RectangularRegionHeight">
        <Operation>track</Operation>
    </Property>
    <Property name="CircularRegionDiameter">
        <Operation>track</Operation>
    </Property>
    <Property name="AnnularRegionInnerDiameter">
        <Operation>track</Operation>
    </Property>
    <Property name="AnnularRegionOuterDiameter">
        <Operation>track</Operation>
    </Property>
    <Property name="CylindricalRegionStartPoint">
        <Operation>track</Operation>
    </Property>
    <Property name="CylindricalRegionEndPoint">
        <Operation>track</Operation>
    </Property>
    <Property name="ArbitraryRegionBoundary">
        <Operation>none</Operation>
    </Property>
    <Property name="CenterlineGapSize">
      <Operation>track</Operation>
    </Property>
    <Property name="CenterlineCrossSize">
      <Operation>track</Operation>
    </Property>
    <Property name="CenterlineExtensions">
      <Operation>track</Operation>
    </Property>
    <Property name="CenterlineDisplayAsCenterPoint">
      <Operation>track</Operation>
    </Property>
    <Property name="CenterlineAngle">
      <Operation>track</Operation>
    </Property>
    <Property name="LeaderCount">
        <Operation>track</Operation>
    </Property>
    <Property name="LeaderJogCount">
        <Operation>track</Operation>
    </Property>
    <Property name="LeaderJogPosition">
        <Operation>track</Operation>
    </Property>
    <Property name="LeaderType">
        <Operation>track</Operation>
    </Property>
    <Property name="LeaderStubSide">
        <Operation>track</Operation>
    </Property>
    <Property name="LeaderStubLength">
        <Operation>track</Operation>
    </Property>
    <Property name="LeaderArrowheadType">
        <Operation>track</Operation>
    </Property>
    <Property name="DisplayAttributes">
        <Operation>track</Operation>
    </Property>
    <Property name="LeaderVerticalAttachment">
        <Operation>track</Operation>
    </Property>
    <Property name="SingleSidedDisplayType">
        <Operation>track</Operation>
    </Property>
    <Property name="LeaderAngledJogDisplayJog1">
        <Operation>track</Operation>
    </Property>
    <Property name="LeaderAngledJogOrientation1">
        <Operation>track</Operation>
    </Property>
    <Property name="LeaderAngledJogStartOffset1">
        <Operation>track</Operation>
    </Property>
    <Property name="LeaderAngledJogEnOffset1">
        <Operation>track</Operation>
    </Property>
    <Property name="LeaderAngledJogAngle1">
        <Operation>track</Operation>
    </Property>
    <Property name="LeaderAngledJogDisplayJog2">
        <Operation>track</Operation>
    </Property>
    <Property name="LeaderAngledJogOrientation2">
        <Operation>track</Operation>
    </Property>
    <Property name="LeaderAngledJogStartOffset2">
        <Operation>track</Operation>
    </Property>
    <Property name="LeaderAngledJogEnOffset2">
        <Operation>track</Operation>
    </Property>
    <Property name="LeaderAngledJogAngle2">
        <Operation>track</Operation>
    </Property>
    <Property name="UnderlineAdditionalText">
        <Operation>track</Operation>
    </Property>
    <Property name="PerpendicularToTerminator">
        <Operation>track</Operation>
    </Property>
    <Property name="ParallelToScreen">
        <Operation>track</Operation>
    </Property>
    <Property name="LockSizeAndPosition">
        <Operation>track</Operation>
    </Property>
    <Property name="DualDimensionCenterDimensionLine">
        <Operation>none</Operation>
    </Property>
    <Property name="TableHeaderLocation">
      <Operation>none</Operation>
    </Property>
    <Property name="TableBorderOffset">
      <Operation>none</Operation>
    </Property>
    <Property name="TableRowHeight">
      <Operation>none</Operation>
    </Property>
    <Property name="TableColumnWidth">
      <Operation>none</Operation>
    </Property>
    <Property name="OrdinateZeroDisplay">
        <Operation>none</Operation>
    </Property>
    <Property name="BackgroundFill">
        <Operation>track</Operation>
    </Property>
    </Function>
</PmiProperty>
