{
  "$schema": "http://json-schema.org/2020-12/schema",
  "title": "JSON for View Set Semantics",
  "description": "JSON for view set semantics",
  "type": "object",
  "properties": {
    "schemaVersion": {
      "description": "A string to indicate in which NX release the json schema is based on.",
      "type": "string"
    },
    "general": {
      "description"   : "General properties for view set",
      "allOf": [
        {
          "$ref": "#/$defs/baseSemanticsSchema/properties/general"
        },
        {
          "type": "object",
          "properties": {
            "name": {
              "description"   : "View set name",
              "$ref": "#/$defs/stringProperty"
            }
          },
          "required": [
            "name"
          ]   
        }
      ]
    },
    "semantics": {
      "description"   : "Semantics properties for view set",
      "type": "object",
      "properties": {
        "members": {
          "description"   : "View set members",
          "type": "object",
          "properties": {
            "title": {
              "type": "string"
            },
            "displayValue": {
              "type": "array",
              "items": {
                  "$ref": "#/$defs/atlasObjectProperty"
              },
            }
          },
          "required": [
            "title",
            "displayValue"
          ]           
        },
        "baseView": {
          "description"   : "View set base view",   
          "type": "object",
          "properties": {
            "title": {
              "type": "string"
            },
            "displayValue": {
              "$ref": "#/$defs/atlasObjectProperty"
            }
          },
          "required": [
            "title",
            "displayValue"
          ]
        }
      },
      "required": [
        "members",
        "baseView"
      ]  
    }
  },
  "required": [
    "general",
    "semantics"
  ],
  
  "$defs": {
    "baseSemanticsSchema": {
      "$ref": "BaseSemanticsSchema.json"
    },
    "stringProperty": {
      "$ref": "CommonSemanticsSchema.json#/$defs/stringProperty"
    },
    "atlasObjectProperty": {
      "$ref": "CommonSemanticsSchema.json#/$defs/atlasObjectProperty"
    }
  }
} 
